id,date,manner_of_death,armed,age,gender,race,city,state,signs_of_mental_illness,threat_level,flee,body_camera
1,2015-01-01,shot,gun,49,M,W,Georgetown,NC,True,undetermined,Not fleeing,False
2,2015-01-01,shot,gun,39,M,O,Mesa,AZ,False,other,Car,False
3,2015-01-01,shot,unarmed,38,M,O,Riverside,TN,False,undetermined,Car,False
4,2015-01-02,shot,gun,38,M,W,Springfield,KY,True,other,Not fleeing,True
5,2015-01-02,shot,gun,71,M,B,Georgetown,GA,False,other,Not fleeing,False
6,2015-01-02,shot,knife,53,M,N,Fort Worth,TX,False,other,Not fleeing,True
7,2015-01-03,shot,gun,35,M,W,Tampa,FL,False,attack,Car,False
8,2015-01-03,shot,undetermined,49,M,H,Madison,MS,True,attack,Not fleeing,False
9,2015-01-04,shot,vehicle,44,M,O,Lincoln,LA,False,attack,Car,False
10,2015-01-04,Tasered,gun,22,M,W,Springfield,NC,False,attack,Not fleeing,False
11,2015-01-04,shot,unarmed,29,M,W,Houston,TX,False,undetermined,Not fleeing,False
12,2015-01-05,shot,undetermined,46,F,O,Riverside,NC,False,attack,Not fleeing,False
13,2015-01-05,shot,vehicle,68,M,B,Orlando,FL,False,attack,Not fleeing,False
14,2015-01-06,shot,gun,38,M,W,Lincoln,IN,True,attack,Not fleeing,True
15,2015-01-06,shot,other,34,M,W,Springfield,NM,False,other,Foot,False
16,2015-01-06,shot,gun,42,M,W,San Francisco,CA,True,other,Not fleeing,False
17,2015-01-07,shot,gun,33,M,H,Springfield,WA,False,other,Not fleeing,True
18,2015-01-07,shot,gun,37,M,H,Miami,FL,False,other,Foot,False
19,2015-01-08,shot,gun,41,M,O,Riverside,GA,False,attack,Not fleeing,False
20,2015-01-08,shot,undetermined,29,M,W,Madison,NM,False,undetermined,Car,False
21,2015-01-08,shot,vehicle,54,M,B,Madison,NY,False,attack,Foot,False
22,2015-01-09,shot,vehicle,27,M,B,Tucson,AZ,False,attack,Car,True
23,2015-01-09,shot,gun,26,M,W,Austin,TX,False,other,Foot,False
24,2015-01-09,shot,other,44,M,W,Georgetown,SC,False,attack,Not fleeing,False
25,2015-01-10,shot,gun,53,M,O,Springfield,PA,True,other,Car,False
26,2015-01-10,shot,gun,43,M,H,Georgetown,OH,False,attack,Other,False
27,2015-01-11,shot,knife,39,M,B,Dallas,TX,False,attack,Foot,False
28,2015-01-11,shot,gun,37,M,B,Phoenix,AZ,False,attack,Car,False
29,2015-01-11,shot,gun,35,M,W,Georgetown,WI,False,other,Not fleeing,False
30,2015-01-12,shot,other,59,F,B,Madison,WA,False,attack,Other,False
31,2015-01-12,shot,knife,46,M,H,Lincoln,GA,True,other,Not fleeing,False
32,2015-01-13,shot,other,36,M,B,Georgetown,WA,False,other,Not fleeing,False
33,2015-01-13,shot,knife,32,M,O,Lincoln,VA,False,other,Not fleeing,False
34,2015-01-13,shot,gun,51,M,B,Aurora,CO,False,attack,Not fleeing,False
35,2015-01-14,shot,gun,59,M,W,Fort Worth,TX,True,attack,Foot,True
36,2015-01-14,shot,undetermined,57,M,H,Riverside,MO,True,undetermined,Not fleeing,False
37,2015-01-15,shot and Tasered,gun,31,M,W,Springfield,TN,False,attack,Not fleeing,False
38,2015-01-15,shot,knife,37,M,W,Madison,NV,False,undetermined,Not fleeing,True
39,2015-01-15,shot,gun,35,M,W,Lincoln,NM,True,attack,Not fleeing,False
40,2015-01-16,shot,knife,38,M,W,Fort Collins,CO,False,attack,Car,False
41,2015-01-16,shot,gun,54,M,H,San Diego,CA,False,attack,Car,False
42,2015-01-16,shot,gun,65,M,B,Riverside,WI,False,attack,Car,True
43,2015-01-17,shot,vehicle,46,M,H,Riverside,NC,True,other,Car,False
44,2015-01-17,shot,gun,33,M,B,Lincoln,PA,True,other,Not fleeing,False
45,2015-01-18,shot,gun,40,M,W,Madison,TN,True,attack,Car,False
46,2015-01-18,shot,vehicle,70,M,H,Madison,NY,False,undetermined,Car,True
47,2015-01-18,shot,knife,42,M,W,Houston,TX,False,other,Not fleeing,False
48,2015-01-19,shot,gun,37,M,W,Lincoln,MD,False,attack,Not fleeing,False
49,2015-01-19,shot,vehicle,38,M,B,Riverside,SC,False,attack,Not fleeing,False
50,2015-01-20,shot,undetermined,46,M,W,Georgetown,NY,False,attack,Not fleeing,False
51,2015-01-20,shot,knife,31,M,W,Riverside,OH,False,other,Not fleeing,False
52,2015-01-20,shot,knife,34,M,B,San Francisco,CA,False,other,Not fleeing,False
53,2015-01-21,shot,unarmed,56,M,B,Oakland,CA,False,attack,Not fleeing,False
54,2015-01-21,shot,unarmed,46,M,W,Fort Collins,CO,True,other,Not fleeing,False
55,2015-01-22,shot,gun,42,M,O,Phoenix,AZ,False,undetermined,Not fleeing,False
56,2015-01-22,shot,other,57,M,B,Riverside,WI,False,other,Not fleeing,False
57,2015-01-22,shot,gun,32,M,A,Riverside,VA,False,other,Car,True
58,2015-01-23,shot,other,36,M,W,Lincoln,TN,False,attack,Not fleeing,True
59,2015-01-23,shot,gun,45,M,B,Lincoln,WA,True,attack,Foot,False
60,2015-01-23,shot,gun,45,M,A,San Antonio,TX,True,undetermined,Foot,False
61,2015-01-24,Tasered,undetermined,26,M,B,Lincoln,MN,False,other,Car,False
62,2015-01-24,shot,gun,35,M,H,Fort Collins,CO,False,other,Not fleeing,False
63,2015-01-25,shot,gun,39,M,W,San Francisco,CA,False,attack,Foot,False
64,2015-01-25,shot,knife,47,M,W,Springfield,OH,False,other,Not fleeing,False
65,2015-01-25,shot,knife,45,M,B,Riverside,NM,False,other,Not fleeing,False
66,2015-01-26,shot and Tasered,gun,40,M,W,Lincoln,NM,False,other,Car,False
67,2015-01-26,shot and Tasered,gun,22,M,A,San Diego,CA,False,other,Not fleeing,False
68,2015-01-27,shot,gun,40,M,W,Springfield,NM,False,undetermined,Not fleeing,False
69,2015-01-27,shot,gun,42,M,O,Tampa,FL,True,attack,Car,True
70,2015-01-27,shot,gun,85,M,O,Oakland,CA,False,attack,Not fleeing,True
71,2015-01-28,shot,gun,38,M,W,Madison,AR,False,undetermined,Not fleeing,False
72,2015-01-28,shot,gun,45,M,W,Madison,MS,False,attack,Other,True
73,2015-01-29,shot,knife,61,M,A,Lincoln,MO,False,undetermined,Car,False
74,2015-01-29,shot,undetermined,53,M,O,Lincoln,LA,False,attack,Not fleeing,True
75,2015-01-29,shot,knife,67,M,W,Lincoln,AL,True,other,Not fleeing,False
76,2015-01-30,shot,gun,26,M,W,Lincoln,VA,False,undetermined,Not fleeing,True
77,2015-01-30,shot,knife,29,M,B,Lincoln,NM,False,other,Foot,True
78,2015-01-30,shot and Tasered,undetermined,34,M,B,Madison,NY,True,other,Not fleeing,False
79,2015-01-31,shot,gun,25,M,W,Georgetown,WI,False,attack,Foot,False
80,2015-01-31,shot,gun,42,M,H,Lincoln,MI,True,attack,Other,False
81,2015-02-01,shot,other,30,M,W,Oakland,CA,False,undetermined,Other,True
82,2015-02-01,shot,knife,70,M,W,Georgetown,AR,False,other,Not fleeing,False
83,2015-02-01,shot,unarmed,31,M,W,Riverside,WA,True,attack,Foot,False
84,2015-02-02,shot,knife,37,M,W,Riverside,GA,False,other,Not fleeing,False
85,2015-02-02,shot,gun,54,M,W,Springfield,MO,False,attack,Not fleeing,True
86,2015-02-03,shot,gun,27,M,B,San Francisco,CA,True,other,Not fleeing,False
87,2015-02-03,shot,knife,24,M,W,Lincoln,WA,False,attack,Car,False
88,2015-02-03,shot,gun,44,M,W,Georgetown,MS,False,attack,Car,False
89,2015-02-04,shot,gun,45,M,W,Houston,TX,True,attack,Car,False
90,2015-02-04,shot,gun,54,M,O,Riverside,NC,False,other,Foot,False
91,2015-02-05,shot,undetermined,49,M,W,Madison,IN,True,other,Not fleeing,False
92,2015-02-05,shot,undetermined,45,M,W,Springfield,NC,False,other,Not fleeing,True
93,2015-02-05,shot,gun,32,M,B,Fort Collins,CO,False,attack,Car,False
94,2015-02-06,shot,knife,44,M,O,Georgetown,NC,False,attack,Car,False
95,2015-02-06,shot,gun,45,M,W,Lincoln,WA,False,attack,Not fleeing,False
96,2015-02-07,shot,gun,32,M,B,Lincoln,PA,True,undetermined,Foot,False
97,2015-02-07,shot,gun,78,M,H,Madison,SC,False,undetermined,Not fleeing,False
98,2015-02-07,shot,knife,48,M,B,Madison,NC,False,other,Car,False
99,2015-02-08,shot,gun,29,M,W,Georgetown,AL,False,attack,Not fleeing,True
100,2015-02-08,shot,gun,54,F,B,Riverside,NY,False,other,Not fleeing,False
101,2015-02-08,shot,gun,57,M,W,Fort Collins,CO,True,attack,Foot,False
102,2015-02-09,shot,gun,47,M,B,Riverside,TN,False,other,Not fleeing,False
103,2015-02-09,shot,undetermined,37,M,H,Georgetown,NV,False,other,Foot,False
104,2015-02-10,shot,gun,32,M,W,Lincoln,LA,False,attack,Not fleeing,False
105,2015-02-10,shot,gun,40,M,H,San Francisco,CA,True,other,Car,False
106,2015-02-10,shot,gun,46,M,W,Austin,TX,False,attack,Car,True
107,2015-02-11,shot,gun,41,M,H,Tampa,FL,False,attack,Not fleeing,True
108,2015-02-11,shot,gun,68,M,B,Tampa,FL,False,attack,Foot,False
109,2015-02-12,shot,gun,51,F,W,Springfield,OK,False,other,Not fleeing,False
110,2015-02-12,shot,gun,30,M,W,Oakland,CA,False,attack,Not fleeing,True
111,2015-02-12,shot,gun,28,M,O,Riverside,MD,False,attack,Foot,False
112,2015-02-13,shot,gun,48,M,W,Jacksonville,FL,True,undetermined,Not fleeing,False
113,2015-02-13,shot,gun,38,M,W,Phoenix,AZ,False,undetermined,Not fleeing,False
114,2015-02-14,shot,unarmed,52,M,W,Georgetown,NY,False,other,Not fleeing,False
115,2015-02-14,shot,gun,48,M,B,Fort Worth,TX,False,other,Not fleeing,False
116,2015-02-14,shot,knife,40,M,B,Georgetown,NM,True,undetermined,Not fleeing,False
117,2015-02-15,shot,vehicle,31,M,W,San Francisco,CA,False,other,Foot,False
118,2015-02-15,shot,gun,25,M,W,Madison,NC,True,attack,Not fleeing,True
119,2015-02-15,shot,knife,44,M,W,Springfield,AR,False,attack,Not fleeing,False
120,2015-02-16,shot,knife,27,M,W,Riverside,PA,False,other,Foot,False
121,2015-02-16,shot,knife,30,M,W,Scottsdale,AZ,True,other,Not fleeing,False
122,2015-02-17,shot,undetermined,43,M,H,Riverside,NC,False,undetermined,Car,False
123,2015-02-17,shot,gun,42,M,W,Lincoln,NV,True,other,Not fleeing,False
124,2015-02-17,shot,gun,28,M,W,Lincoln,MN,False,other,Car,False
125,2015-02-18,shot,gun,60,M,W,Georgetown,OR,True,attack,Not fleeing,True
126,2015-02-18,shot,gun,59,M,O,Colorado Springs,CO,False,other,Car,True
127,2015-02-19,shot,gun,49,M,O,Madison,MI,True,attack,Foot,True
128,2015-02-19,shot,undetermined,49,M,H,Sacramento,CA,False,attack,Not fleeing,False
129,2015-02-19,shot and Tasered,gun,49,M,W,Oakland,CA,True,other,Not fleeing,True
130,2015-02-20,shot,gun,85,M,W,Madison,AL,False,attack,Other,True
131,2015-02-20,shot,gun,57,M,W,Dallas,TX,False,other,Not fleeing,False
132,2015-02-21,shot,gun,51,M,W,San Diego,CA,True,other,Not fleeing,False
133,2015-02-21,shot,gun,31,M,B,Orlando,FL,False,attack,Not fleeing,False
134,2015-02-21,Tasered,unarmed,38,M,H,Lincoln,NC,False,attack,Not fleeing,False
135,2015-02-22,shot,other,85,M,H,Springfield,NV,False,attack,Not fleeing,True
136,2015-02-22,shot,gun,22,M,H,Springfield,PA,False,attack,Not fleeing,False
137,2015-02-22,shot,gun,35,M,W,Jacksonville,FL,False,attack,Not fleeing,False
138,2015-02-23,shot,vehicle,60,M,B,Madison,WA,False,attack,Foot,False
139,2015-02-23,shot,undetermined,32,F,W,Riverside,KY,False,undetermined,Car,False
140,2015-02-24,shot,other,52,M,W,Springfield,AL,False,other,Not fleeing,False
141,2015-02-24,shot,knife,41,M,H,Tucson,AZ,False,attack,Not fleeing,False
142,2015-02-24,shot,gun,33,M,W,Lincoln,MN,False,undetermined,Other,True
143,2015-02-25,shot,knife,22,M,W,Madison,NV,False,other,Other,False
144,2015-02-25,shot,gun,44,M,W,San Francisco,CA,False,attack,Other,True
145,2015-02-26,shot,knife,31,M,H,San Diego,CA,False,other,Foot,False
146,2015-02-26,shot,knife,39,M,H,Houston,TX,False,attack,Car,False
147,2015-02-26,shot,knife,49,M,W,Riverside,NV,True,other,Not fleeing,False
148,2015-02-27,shot,gun,55,M,H,Fort Worth,TX,True,other,Other,False
149,2015-02-27,shot,knife,35,F,W,Springfield,WA,False,attack,Car,False
150,2015-02-28,shot,knife,33,M,W,San Diego,CA,False,undetermined,Car,False
151,2015-02-28,Tasered,gun,27,M,H,Lincoln,KY,False,attack,Foot,False
152,2015-02-28,shot,undetermined,56,M,H,Boulder,CO,True,other,Not fleeing,False
153,2015-03-01,shot,knife,85,M,O,Riverside,OR,False,undetermined,Not fleeing,True
154,2015-03-01,shot,knife,59,M,W,Springfield,IN,False,attack,Not fleeing,False
155,2015-03-01,shot,gun,63,M,B,San Francisco,CA,True,other,Not fleeing,False
156,2015-03-02,shot,undetermined,32,M,B,Riverside,OH,False,undetermined,Not fleeing,False
157,2015-03-02,shot,gun,48,M,N,Oakland,CA,False,undetermined,Not fleeing,False
158,2015-03-03,shot,knife,54,M,W,Georgetown,OR,False,other,Foot,True
159,2015-03-03,shot,other,17,M,H,Georgetown,WA,False,attack,Not fleeing,False
160,2015-03-03,shot,undetermined,29,M,B,Oakland,CA,False,attack,Foot,True
161,2015-03-04,shot,knife,72,M,W,Sacramento,CA,False,attack,Not fleeing,False
162,2015-03-04,shot,gun,25,M,B,Madison,GA,False,other,Foot,False
163,2015-03-05,shot,other,67,M,W,Georgetown,IN,True,attack,Not fleeing,False
164,2015-03-05,shot,other,25,M,B,Springfield,OK,False,undetermined,Not fleeing,False
165,2015-03-05,shot,gun,29,M,A,Riverside,MS,False,attack,Not fleeing,False
166,2015-03-06,shot,gun,48,M,B,Boulder,CO,False,attack,Not fleeing,False
167,2015-03-06,shot,gun,42,M,B,Los Angeles,CA,False,attack,Not fleeing,False
168,2015-03-07,shot,gun,36,M,B,Lincoln,MN,False,attack,Car,False
169,2015-03-07,shot,gun,71,M,W,Los Angeles,CA,False,attack,Not fleeing,False
170,2015-03-07,shot,gun,27,M,W,Springfield,IN,True,attack,Foot,False
171,2015-03-08,shot,other,39,M,B,Fort Collins,CO,True,attack,Car,False
172,2015-03-08,shot,gun,50,M,W,Sacramento,CA,True,attack,Not fleeing,True
173,2015-03-08,shot and Tasered,undetermined,45,M,W,Riverside,OK,False,other,Car,False
174,2015-03-09,Tasered,undetermined,33,M,B,Georgetown,MN,False,attack,Not fleeing,False
175,2015-03-09,shot,unarmed,33,M,W,Springfield,WI,True,other,Not fleeing,False
176,2015-03-10,shot,gun,55,M,W,San Antonio,TX,True,attack,Car,False
177,2015-03-10,shot,gun,56,M,B,San Antonio,TX,False,attack,Not fleeing,False
178,2015-03-10,shot,gun,45,M,W,Riverside,LA,False,other,Car,False
179,2015-03-11,Tasered,other,31,M,O,Madison,PA,False,attack,Not fleeing,False
180,2015-03-11,shot,gun,34,M,A,Riverside,IL,False,attack,Not fleeing,False
181,2015-03-12,shot,gun,41,M,H,Fort Worth,TX,False,other,Car,True
182,2015-03-12,shot and Tasered,gun,43,M,W,Riverside,WI,True,attack,Not fleeing,False
183,2015-03-12,shot,gun,49,M,H,Lincoln,PA,False,attack,Not fleeing,False
184,2015-03-13,shot,other,38,F,H,Lincoln,AR,False,attack,Not fleeing,False
185,2015-03-13,shot,gun,54,M,H,Lincoln,NY,False,attack,Car,True
186,2015-03-14,shot,knife,54,M,W,Lincoln,GA,False,attack,Not fleeing,True
187,2015-03-14,shot,gun,64,M,B,Lincoln,MN,False,attack,Foot,False
188,2015-03-14,shot and Tasered,undetermined,41,M,H,Lincoln,LA,True,attack,Not fleeing,False
189,2015-03-15,shot,gun,46,M,B,Lincoln,MS,False,attack,Car,True
190,2015-03-15,shot,undetermined,39,F,B,Lincoln,WI,False,attack,Not fleeing,False
191,2015-03-16,shot,gun,31,M,B,Lincoln,OK,False,other,Not fleeing,False
192,2015-03-16,shot,knife,84,M,B,Georgetown,NY,True,undetermined,Foot,False
193,2015-03-16,shot,gun,61,M,W,Sacramento,CA,False,attack,Not fleeing,False
194,2015-03-17,shot,gun,54,M,B,San Francisco,CA,False,attack,Not fleeing,False
195,2015-03-17,shot,gun,41,M,W,Fort Worth,TX,True,other,Not fleeing,False
196,2015-03-17,shot and Tasered,gun,30,M,W,San Antonio,TX,True,other,Not fleeing,True
197,2015-03-18,shot and Tasered,gun,57,F,W,Miami,FL,False,other,Not fleeing,False
198,2015-03-18,shot,knife,39,M,B,Tempe,AZ,False,attack,Foot,False
199,2015-03-19,shot,gun,47,M,W,Fort Collins,CO,False,other,Not fleeing,False
200,2015-03-19,shot,gun,34,M,H,Georgetown,NC,True,attack,Foot,False
201,2015-03-19,shot,gun,44,M,H,Los Angeles,CA,False,attack,Not fleeing,False
202,2015-03-20,shot,gun,34,M,W,Los Angeles,CA,False,other,Foot,False
203,2015-03-20,shot,gun,35,M,W,Lincoln,OK,True,attack,Foot,False
204,2015-03-21,shot,gun,44,M,W,Lincoln,NY,False,attack,Not fleeing,True
205,2015-03-21,shot,gun,25,M,A,Riverside,NC,False,undetermined,Car,False
206,2015-03-21,shot,gun,26,M,B,Springfield,PA,False,other,Not fleeing,False
207,2015-03-22,Tasered,knife,32,M,B,Lincoln,AL,False,other,Foot,False
208,2015-03-22,shot,gun,38,M,W,Springfield,NC,True,attack,Foot,False
209,2015-03-23,shot,undetermined,55,M,B,Riverside,PA,False,attack,Not fleeing,False
210,2015-03-23,shot,other,39,M,A,Madison,WI,True,attack,Not fleeing,False
211,2015-03-23,shot,knife,41,M,H,Springfield,AR,False,other,Not fleeing,False
212,2015-03-24,shot,gun,37,M,B,Riverside,NC,False,attack,Not fleeing,False
213,2015-03-24,shot,knife,46,M,W,Riverside,TN,False,attack,Not fleeing,False
214,2015-03-24,shot,knife,31,M,W,Dallas,TX,False,other,Not fleeing,False
215,2015-03-25,shot,gun,39,M,W,Georgetown,LA,False,other,Foot,False
216,2015-03-25,shot,gun,47,F,W,Lincoln,MN,False,undetermined,Not fleeing,False
217,2015-03-26,shot,gun,44,M,W,Springfield,WA,False,attack,Not fleeing,True
218,2015-03-26,shot,gun,41,M,W,Georgetown,KY,False,attack,Not fleeing,False
219,2015-03-26,shot,knife,41,M,W,Springfield,GA,False,undetermined,Not fleeing,False
220,2015-03-27,shot,undetermined,49,M,O,Georgetown,MI,True,other,Car,False
221,2015-03-27,shot,gun,85,M,B,Lincoln,LA,True,attack,Not fleeing,False
222,2015-03-28,shot,gun,31,M,H,San Francisco,CA,False,other,Not fleeing,False
223,2015-03-28,shot and Tasered,gun,85,M,H,Springfield,MO,False,attack,Car,False
224,2015-03-28,shot,gun,31,M,W,Orlando,FL,False,attack,Foot,True
225,2015-03-29,shot,gun,21,M,H,Sacramento,CA,False,attack,Not fleeing,False
226,2015-03-29,shot,gun,34,M,W,Springfield,AL,False,attack,Not fleeing,False
227,2015-03-30,shot,gun,46,M,B,Tampa,FL,True,attack,Not fleeing,False
228,2015-03-30,shot,knife,78,M,W,Madison,SC,False,attack,Foot,True
229,2015-03-30,shot,knife,30,M,O,Mesa,AZ,False,attack,Not fleeing,False
230,2015-03-31,shot,undetermined,49,M,W,Austin,TX,False,attack,Not fleeing,False
231,2015-03-31,shot,knife,26,M,W,Madison,MN,False,other,Not fleeing,False
232,2015-03-31,shot,gun,77,M,O,Denver,CO,True,attack,Foot,False
233,2015-04-01,shot,vehicle,62,M,W,Madison,MO,False,undetermined,Not fleeing,False
234,2015-04-01,shot,gun,35,M,H,Springfield,MO,False,other,Not fleeing,False
235,2015-04-02,shot,gun,65,M,H,Lincoln,LA,True,other,Car,False
236,2015-04-02,shot,gun,39,M,H,Riverside,KY,False,attack,Foot,False
237,2015-04-02,shot,gun,63,M,O,Georgetown,OK,False,attack,Not fleeing,False
238,2015-04-03,shot,gun,41,M,O,Madison,GA,False,attack,Foot,False
239,2015-04-03,shot,gun,42,M,W,Georgetown,MS,False,attack,Not fleeing,False
240,2015-04-04,shot,gun,35,M,H,Dallas,TX,True,attack,Car,False
241,2015-04-04,shot,gun,51,M,B,Lincoln,NY,False,attack,Not fleeing,False
242,2015-04-04,Tasered,vehicle,43,M,B,Lincoln,WI,False,other,Foot,False
243,2015-04-05,shot,gun,49,M,W,Riverside,PA,True,attack,Not fleeing,False
244,2015-04-05,shot,gun,25,M,B,Georgetown,AL,True,other,Car,False
245,2015-04-06,shot,vehicle,64,M,O,Madison,TN,False,attack,Car,False
246,2015-04-06,shot and Tasered,gun,70,M,N,Springfield,AR,True,other,Foot,False
247,2015-04-06,shot,unarmed,43,M,W,Lincoln,IN,True,attack,Car,False
248,2015-04-07,shot,unarmed,83,F,W,Orlando,FL,False,attack,Not fleeing,False
249,2015-04-07,shot,other,75,M,W,Fort Worth,TX,True,attack,Not fleeing,False
250,2015-04-07,shot,gun,51,M,H,Madison,OH,False,other,Foot,False
251,2015-04-08,shot,gun,66,F,H,Georgetown,OK,True,attack,Foot,False
252,2015-04-08,shot,knife,59,M,B,Tampa,FL,False,attack,Not fleeing,True
253,2015-04-09,shot,gun,23,M,W,Los Angeles,CA,False,attack,Not fleeing,False
254,2015-04-09,Tasered,gun,37,F,W,Denver,CO,True,other,Car,False
255,2015-04-09,shot,gun,52,M,B,Riverside,WI,False,attack,Not fleeing,False
256,2015-04-10,shot and Tasered,knife,72,M,O,Riverside,OK,False,other,Not fleeing,False
257,2015-04-10,shot,gun,26,M,B,Madison,GA,False,attack,Not fleeing,False
258,2015-04-11,shot,knife,23,M,W,San Antonio,TX,False,attack,Car,False
259,2015-04-11,shot,gun,40,M,B,Aurora,CO,True,other,Foot,False
260,2015-04-11,shot,knife,21,M,W,San Antonio,TX,False,attack,Not fleeing,False
261,2015-04-12,shot,gun,40,M,O,Los Angeles,CA,False,other,Foot,False
262,2015-04-12,shot,gun,46,M,W,Riverside,OR,False,attack,Not fleeing,False
263,2015-04-13,shot and Tasered,gun,30,M,B,Riverside,MI,False,attack,Foot,False
264,2015-04-13,shot,gun,40,M,W,Austin,TX,False,other,Not fleeing,False
265,2015-04-13,shot,gun,57,M,B,San Francisco,CA,True,undetermined,Not fleeing,False
266,2015-04-14,shot,gun,34,M,B,Tucson,AZ,False,attack,Not fleeing,False
267,2015-04-14,shot,other,31,M,H,Georgetown,OH,False,other,Not fleeing,False
268,2015-04-15,shot,knife,39,M,W,Fort Worth,TX,False,other,Foot,False
269,2015-04-15,shot,unarmed,29,M,W,Scottsdale,AZ,True,other,Foot,True
270,2015-04-15,shot,other,80,M,W,San Antonio,TX,False,undetermined,Foot,False
271,2015-04-16,shot,gun,41,M,B,Lincoln,VA,True,other,Not fleeing,False
272,2015-04-16,shot,gun,32,M,W,Lincoln,NV,True,other,Not fleeing,False
273,2015-04-16,shot,undetermined,44,F,B,Springfield,PA,False,attack,Not fleeing,False
274,2015-04-17,shot,knife,39,M,A,Riverside,GA,False,attack,Foot,False
275,2015-04-17,shot,other,38,M,A,Springfield,OR,False,other,Not fleeing,False
276,2015-04-18,shot,knife,34,M,W,Riverside,WI,False,other,Other,False
277,2015-04-18,shot,vehicle,33,M,B,Austin,TX,False,other,Not fleeing,False
278,2015-04-18,shot,undetermined,25,M,W,Orlando,FL,True,attack,Not fleeing,False
279,2015-04-19,shot and Tasered,vehicle,66,M,B,Madison,NY,False,other,Foot,False
280,2015-04-19,shot,gun,50,M,H,San Diego,CA,False,attack,Foot,False
281,2015-04-20,shot,gun,46,M,W,Lincoln,NC,False,undetermined,Not fleeing,False
282,2015-04-20,shot,unarmed,39,M,W,Georgetown,LA,False,attack,Foot,False
283,2015-04-20,shot,vehicle,30,M,H,Madison,WA,True,attack,Foot,True
284,2015-04-21,shot,gun,32,M,A,Scottsdale,AZ,False,attack,Foot,False
285,2015-04-21,shot,gun,26,M,W,Springfield,NY,False,attack,Foot,False
286,2015-04-22,shot,knife,33,M,B,Georgetown,WI,False,undetermined,Not fleeing,False
287,2015-04-22,shot,gun,28,M,W,San Antonio,TX,False,other,Not fleeing,False
288,2015-04-22,shot,gun,73,M,W,Lincoln,TN,False,other,Foot,True
289,2015-04-23,shot and Tasered,gun,56,M,N,Sacramento,CA,True,attack,Not fleeing,False
290,2015-04-23,shot,undetermined,42,M,H,Los Angeles,CA,False,attack,Car,False
291,2015-04-23,shot,gun,30,M,H,Springfield,NY,False,other,Foot,False
292,2015-04-24,shot,gun,29,M,W,Oakland,CA,False,other,Not fleeing,False
293,2015-04-24,shot,unarmed,38,M,H,San Diego,CA,False,undetermined,Not fleeing,False
294,2015-04-25,shot,gun,56,M,W,Austin,TX,False,other,Not fleeing,False
295,2015-04-25,shot,gun,26,M,W,Georgetown,LA,False,attack,Not fleeing,False
296,2015-04-25,shot,other,50,M,B,Georgetown,NV,False,undetermined,Not fleeing,True
297,2015-04-26,shot,knife,33,M,W,Houston,TX,False,undetermined,Car,False
298,2015-04-26,shot,gun,35,M,H,Lincoln,TN,True,undetermined,Foot,False
299,2015-04-27,shot,unarmed,42,M,B,Dallas,TX,False,other,Car,False
300,2015-04-27,shot,vehicle,31,M,W,Springfield,MO,False,attack,Not fleeing,False
301,2015-04-27,shot,unarmed,38,M,W,Lincoln,GA,False,attack,Car,False
302,2015-04-28,shot,gun,30,M,W,Georgetown,TN,True,other,Other,False
303,2015-04-28,shot,gun,33,M,W,Georgetown,MI,False,attack,Not fleeing,False
304,2015-04-29,shot,knife,53,M,B,Madison,IN,False,undetermined,Car,False
305,2015-04-29,shot,gun,42,M,H,San Francisco,CA,True,attack,Not fleeing,False
306,2015-04-29,shot,gun,53,M,W,Springfield,NM,False,attack,Car,True
307,2015-04-30,shot,gun,33,M,W,San Diego,CA,True,attack,Not fleeing,False
308,2015-04-30,shot,knife,50,M,B,Madison,WI,False,attack,Other,False
309,2015-04-30,shot,gun,24,M,H,Orlando,FL,False,other,Not fleeing,False
310,2015-05-01,shot,gun,42,M,W,Springfield,GA,False,other,Not fleeing,False
311,2015-05-01,shot,vehicle,51,M,W,Los Angeles,CA,False,attack,Not fleeing,False
312,2015-05-02,shot,gun,24,M,B,Oakland,CA,True,other,Car,True
313,2015-05-02,Tasered,gun,33,M,W,Springfield,NV,False,attack,Car,False
314,2015-05-02,shot,knife,42,M,W,Madison,IN,False,attack,Not fleeing,False
315,2015-05-03,shot,gun,58,M,H,Georgetown,MO,False,other,Not fleeing,False
316,2015-05-03,shot and Tasered,knife,33,M,B,Springfield,NV,False,other,Not fleeing,False
317,2015-05-04,shot,gun,49,M,B,Riverside,MD,False,undetermined,Car,False
318,2015-05-04,shot,gun,67,M,H,Tampa,FL,False,attack,Foot,False
319,2015-05-04,shot,gun,50,M,B,Sacramento,CA,True,attack,Not fleeing,False
320,2015-05-05,shot,other,38,M,W,San Francisco,CA,True,undetermined,Not fleeing,False
321,2015-05-05,shot,gun,46,M,W,Colorado Springs,CO,False,attack,Not fleeing,False
322,2015-05-06,shot,knife,33,M,W,Miami,FL,False,attack,Not fleeing,False
323,2015-05-06,Tasered,gun,42,M,W,Oakland,CA,False,undetermined,Car,True
324,2015-05-06,shot,gun,39,M,B,Fort Worth,TX,False,other,Not fleeing,True
325,2015-05-07,shot,gun,46,M,H,San Antonio,TX,False,attack,Not fleeing,True
326,2015-05-07,shot,undetermined,35,M,O,Springfield,KY,False,other,Foot,True
327,2015-05-07,shot,gun,47,M,B,Fort Worth,TX,False,other,Foot,False
328,2015-05-08,shot,gun,35,M,W,Lincoln,NY,False,undetermined,Other,False
329,2015-05-08,shot,vehicle,55,F,W,Springfield,MO,False,attack,Not fleeing,True
330,2015-05-09,shot,gun,36,M,H,Springfield,NY,False,other,Not fleeing,True
331,2015-05-09,shot,gun,21,M,B,Oakland,CA,False,undetermined,Car,True
332,2015-05-09,shot,gun,29,M,B,Tucson,AZ,False,attack,Foot,False
333,2015-05-10,shot,other,41,M,H,Los Angeles,CA,True,attack,Foot,False
334,2015-05-10,shot,gun,73,M,H,Riverside,GA,False,attack,Not fleeing,False
335,2015-05-11,shot,other,55,M,H,San Antonio,TX,True,other,Foot,False
336,2015-05-11,shot,gun,21,M,W,Madison,LA,True,other,Not fleeing,False
337,2015-05-11,shot,gun,25,M,H,Georgetown,OK,False,attack,Not fleeing,True
338,2015-05-12,shot and Tasered,undetermined,61,M,H,Madison,NY,False,attack,Not fleeing,False
339,2015-05-12,shot,knife,51,M,W,Georgetown,NC,False,other,Foot,False
340,2015-05-13,shot,gun,85,M,B,Georgetown,GA,False,attack,Not fleeing,False
341,2015-05-13,shot,gun,35,M,W,Riverside,AR,False,attack,Car,False
342,2015-05-13,shot,gun,31,M,O,Orlando,FL,False,other,Not fleeing,True
343,2015-05-14,shot,knife,42,M,W,Madison,IL,False,attack,Not fleeing,False
344,2015-05-14,shot,knife,35,M,B,Riverside,MD,False,other,Foot,False
345,2015-05-14,shot,gun,59,M,W,Springfield,NC,False,attack,Not fleeing,False
346,2015-05-15,shot and Tasered,undetermined,34,M,H,Scottsdale,AZ,False,attack,Foot,False
347,2015-05-15,shot,gun,37,M,W,Springfield,OH,False,attack,Not fleeing,True
348,2015-05-16,shot,gun,29,M,W,Los Angeles,CA,False,other,Not fleeing,False
349,2015-05-16,shot,gun,53,M,B,Oakland,CA,True,undetermined,Car,False
350,2015-05-16,shot,unarmed,30,M,N,Sacramento,CA,False,other,Foot,True
351,2015-05-17,shot,gun,47,M,W,Fort Worth,TX,False,attack,Not fleeing,False
352,2015-05-17,shot,gun,78,M,W,Riverside,WA,False,other,Not fleeing,False
353,2015-05-18,Tasered,other,23,M,H,Riverside,AR,False,other,Not fleeing,False
354,2015-05-18,shot,knife,69,M,B,Jacksonville,FL,True,undetermined,Foot,False
355,2015-05-18,shot,knife,45,M,N,Madison,IN,True,attack,Other,True
356,2015-05-19,shot,gun,28,M,W,Riverside,WI,False,attack,Not fleeing,False
357,2015-05-19,shot,knife,42,M,B,Springfield,WI,True,attack,Not fleeing,True
358,2015-05-20,shot,gun,53,M,W,Lincoln,AR,False,attack,Foot,True
359,2015-05-20,shot,undetermined,31,M,W,Fort Collins,CO,False,other,Not fleeing,False
360,2015-05-20,shot,gun,48,M,B,San Francisco,CA,False,attack,Not fleeing,True
361,2015-05-21,shot,gun,71,M,B,Riverside,LA,False,attack,Not fleeing,False
362,2015-05-21,shot,gun,34,M,H,Georgetown,LA,False,attack,Car,False
363,2015-05-22,shot,gun,29,M,W,Georgetown,AR,False,attack,Car,False
364,2015-05-22,shot,gun,39,M,W,Springfield,MI,False,attack,Not fleeing,True
365,2015-05-22,shot,unarmed,42,M,W,Lincoln,WA,False,attack,Not fleeing,False
366,2015-05-23,shot,undetermined,60,M,O,Aurora,CO,False,other,Not fleeing,False
367,2015-05-23,shot,knife,39,M,W,San Antonio,TX,False,undetermined,Not fleeing,False
368,2015-05-23,shot,gun,35,M,W,Sacramento,CA,False,attack,Not fleeing,True
369,2015-05-24,shot,gun,29,M,W,Springfield,WA,False,undetermined,Not fleeing,False
370,2015-05-24,Tasered,other,24,M,B,Georgetown,LA,False,attack,Not fleeing,False
371,2015-05-25,shot,gun,27,M,W,Georgetown,AL,False,other,Foot,False
372,2015-05-25,shot,gun,27,M,N,Georgetown,WA,False,other,Not fleeing,False
373,2015-05-25,shot,gun,37,M,W,Madison,KY,False,attack,Foot,False
374,2015-05-26,shot,other,25,M,A,Madison,PA,False,other,Not fleeing,True
375,2015-05-26,shot,gun,40,M,W,Springfield,AR,True,undetermined,Car,False
376,2015-05-27,shot,gun,77,M,B,San Antonio,TX,True,undetermined,Foot,False
377,2015-05-27,shot,knife,60,M,N,Riverside,MS,False,other,Not fleeing,False
378,2015-05-27,shot,gun,37,M,W,Madison,OK,True,other,Car,False
379,2015-05-28,shot,knife,85,M,O,Fort Worth,TX,True,attack,Car,False
380,2015-05-28,shot,gun,42,M,B,Houston,TX,False,attack,Other,False
381,2015-05-29,shot,gun,44,M,O,Lincoln,KY,True,attack,Not fleeing,False
382,2015-05-29,shot,gun,39,M,B,Sacramento,CA,True,other,Not fleeing,True
383,2015-05-29,shot and Tasered,gun,40,M,W,Springfield,OH,True,attack,Other,False
384,2015-05-30,shot,unarmed,34,M,W,Tucson,AZ,False,other,Not fleeing,False
385,2015-05-30,shot and Tasered,other,37,M,W,Lincoln,TN,False,attack,Other,True
386,2015-05-30,shot,vehicle,69,M,W,Georgetown,AR,False,other,Foot,True
387,2015-05-31,shot,vehicle,63,M,W,Fort Collins,CO,False,other,Not fleeing,False
388,2015-05-31,shot,gun,21,M,W,Lincoln,NC,False,other,Not fleeing,False
389,2015-06-01,shot,gun,26,M,W,Georgetown,MN,True,other,Not fleeing,False
390,2015-06-01,shot,knife,31,M,H,Madison,VA,False,other,Not fleeing,False
391,2015-06-01,Tasered,gun,57,M,W,Riverside,OR,False,other,Not fleeing,False
392,2015-06-02,shot,gun,64,M,W,Georgetown,NC,False,attack,Foot,False
393,2015-06-02,shot,knife,53,M,B,Fort Lauderdale,FL,False,other,Not fleeing,True
394,2015-06-03,shot,knife,28,F,W,Springfield,GA,True,attack,Not fleeing,False
395,2015-06-03,shot,gun,34,M,W,Riverside,NV,False,other,Not fleeing,False
396,2015-06-03,shot,vehicle,48,M,W,San Diego,CA,False,attack,Car,True
397,2015-06-04,shot,other,38,M,O,Fort Lauderdale,FL,False,undetermined,Not fleeing,False
398,2015-06-04,shot,gun,36,M,H,San Diego,CA,True,other,Car,False
399,2015-06-05,shot,knife,36,M,W,Georgetown,NC,True,attack,Not fleeing,False
400,2015-06-05,shot,gun,61,M,B,Georgetown,AL,False,attack,Foot,True
401,2015-06-05,shot,other,50,M,B,Los Angeles,CA,False,other,Foot,False
402,2015-06-06,shot,gun,37,M,B,Lincoln,OK,True,attack,Not fleeing,False
403,2015-06-06,shot,undetermined,46,M,B,Riverside,IN,False,other,Not fleeing,False
404,2015-06-06,shot,undetermined,27,M,B,Miami,FL,True,attack,Not fleeing,True
405,2015-06-07,shot,knife,34,M,W,Madison,OK,True,other,Not fleeing,False
406,2015-06-07,shot,unarmed,59,M,W,Georgetown,MN,False,attack,Not fleeing,False
407,2015-06-08,shot,gun,25,M,B,Georgetown,WI,False,attack,Not fleeing,True
408,2015-06-08,shot,undetermined,50,M,A,Orlando,FL,False,other,Not fleeing,False
409,2015-06-08,shot,vehicle,21,M,B,Los Angeles,CA,False,attack,Not fleeing,False
410,2015-06-09,shot,gun,73,F,H,Houston,TX,False,undetermined,Not fleeing,False
411,2015-06-09,shot,gun,34,M,O,Madison,OK,False,attack,Not fleeing,False
412,2015-06-10,shot,gun,47,M,W,Springfield,NV,False,attack,Other,False
413,2015-06-10,shot,unarmed,42,M,H,Springfield,OK,False,other,Car,False
414,2015-06-10,shot,unarmed,43,M,B,Scottsdale,AZ,True,undetermined,Not fleeing,True
415,2015-06-11,shot,unarmed,45,M,O,Dallas,TX,True,undetermined,Foot,False
416,2015-06-11,shot,gun,23,M,O,Springfield,LA,False,attack,Not fleeing,False
417,2015-06-12,shot,gun,43,M,B,Madison,OH,False,attack,Not fleeing,False
418,2015-06-12,shot,knife,38,M,W,Georgetown,NV,True,undetermined,Other,False
419,2015-06-12,shot,knife,34,M,H,Springfield,NC,False,attack,Foot,False
420,2015-06-13,shot,gun,31,M,W,Denver,CO,True,other,Not fleeing,False
421,2015-06-13,shot and Tasered,knife,44,M,H,Tempe,AZ,True,attack,Not fleeing,False
422,2015-06-13,shot,knife,29,M,N,Austin,TX,False,attack,Not fleeing,False
423,2015-06-14,shot,gun,58,M,W,Orlando,FL,False,undetermined,Foot,False
424,2015-06-14,shot,knife,48,M,B,Sacramento,CA,True,other,Not fleeing,False
425,2015-06-15,shot,knife,45,M,W,Aurora,CO,False,other,Not fleeing,True
426,2015-06-15,shot,gun,58,M,W,Los Angeles,CA,False,attack,Not fleeing,False
427,2015-06-15,shot,undetermined,23,M,W,Austin,TX,False,attack,Not fleeing,True
428,2015-06-16,shot,gun,27,M,H,Riverside,IL,False,attack,Not fleeing,False
429,2015-06-16,shot,vehicle,49,M,O,Mesa,AZ,True,undetermined,Not fleeing,True
430,2015-06-17,shot,gun,32,M,O,Lincoln,TN,False,other,Not fleeing,False
431,2015-06-17,shot,knife,33,M,W,Springfield,NV,False,attack,Car,True
432,2015-06-17,shot,undetermined,26,M,A,Riverside,LA,False,attack,Car,True
433,2015-06-18,shot,gun,29,M,H,Springfield,WI,False,other,Car,False
434,2015-06-18,shot,other,59,M,W,Los Angeles,CA,True,attack,Car,False
435,2015-06-19,shot,gun,49,M,W,Madison,IL,False,attack,Foot,False
436,2015-06-19,shot,gun,44,M,W,Riverside,WI,False,other,Not fleeing,False
437,2015-06-19,shot,unarmed,33,M,N,Georgetown,MS,False,attack,Not fleeing,False
438,2015-06-20,shot,knife,43,M,B,Houston,TX,False,attack,Not fleeing,False
439,2015-06-20,shot,gun,61,M,H,Tucson,AZ,False,undetermined,Not fleeing,False
440,2015-06-20,shot,other,32,M,W,Houston,TX,False,other,Not fleeing,False
441,2015-06-21,shot,knife,40,M,H,Lincoln,MO,False,other,Foot,False
442,2015-06-21,shot,gun,75,M,W,Lincoln,NV,False,other,Not fleeing,False
443,2015-06-22,shot,unarmed,52,M,W,Tucson,AZ,False,attack,Not fleeing,False
444,2015-06-22,shot,gun,34,M,B,Madison,NY,True,other,Not fleeing,True
445,2015-06-22,shot,gun,51,M,W,Georgetown,OK,False,attack,Not fleeing,False
446,2015-06-23,shot,unarmed,24,M,H,Lincoln,NC,False,undetermined,Not fleeing,False
447,2015-06-23,shot,vehicle,40,M,W,Madison,MS,False,attack,Not fleeing,True
448,2015-06-24,shot and Tasered,knife,51,M,B,Georgetown,MD,False,undetermined,Foot,False
449,2015-06-24,shot,undetermined,47,M,W,Sacramento,CA,False,other,Not fleeing,False
450,2015-06-24,shot,unarmed,51,M,B,Georgetown,PA,False,attack,Not fleeing,False
451,2015-06-25,shot,gun,55,M,W,Miami,FL,False,attack,Foot,False
452,2015-06-25,shot,undetermined,48,M,W,Riverside,LA,False,attack,Not fleeing,False
453,2015-06-26,shot,gun,47,M,N,Lincoln,WI,False,attack,Not fleeing,False
454,2015-06-26,shot,gun,44,M,W,Lincoln,NM,True,other,Not fleeing,False
455,2015-06-26,shot,other,28,M,H,Springfield,GA,False,other,Foot,False
456,2015-06-27,shot,vehicle,59,M,O,Scottsdale,AZ,False,other,Car,False
457,2015-06-27,Tasered,gun,40,M,W,Jacksonville,FL,False,attack,Not fleeing,False
458,2015-06-28,shot,knife,52,F,W,Lincoln,NY,False,attack,Foot,False
459,2015-06-28,shot,gun,57,M,B,Sacramento,CA,False,other,Not fleeing,False
460,2015-06-28,shot,gun,34,M,O,Lincoln,NY,False,other,Foot,False
461,2015-06-29,shot,undetermined,35,M,N,San Diego,CA,True,attack,Car,False
462,2015-06-29,shot and Tasered,unarmed,37,M,B,Scottsdale,AZ,False,attack,Not fleeing,False
463,2015-06-29,shot,vehicle,63,M,H,Miami,FL,False,attack,Car,True
464,2015-06-30,shot,gun,30,M,W,Lincoln,MN,False,attack,Not fleeing,False
465,2015-06-30,shot,gun,68,M,O,Georgetown,NV,False,other,Not fleeing,False
466,2015-07-01,shot,undetermined,44,M,O,Boulder,CO,False,attack,Not fleeing,False
467,2015-07-01,shot,gun,45,M,W,Los Angeles,CA,False,undetermined,Not fleeing,False
468,2015-07-01,shot,gun,56,M,W,Madison,WA,False,attack,Other,True
469,2015-07-02,shot,other,42,M,W,Houston,TX,False,attack,Foot,False
470,2015-07-02,shot,unarmed,59,M,W,Madison,NY,False,attack,Not fleeing,False
471,2015-07-03,shot,knife,34,F,H,Riverside,AR,True,attack,Not fleeing,False
472,2015-07-03,shot,gun,67,M,W,Georgetown,PA,False,other,Not fleeing,True
473,2015-07-03,shot,gun,35,M,W,Georgetown,PA,False,undetermined,Not fleeing,False
474,2015-07-04,shot,gun,68,M,W,Georgetown,NY,False,attack,Car,False
475,2015-07-04,shot,knife,35,M,O,Madison,KY,False,attack,Not fleeing,False
476,2015-07-05,shot,knife,37,M,B,Springfield,IN,False,undetermined,Not fleeing,False
477,2015-07-05,shot,vehicle,29,M,W,Madison,WA,False,attack,Car,False
478,2015-07-05,shot,gun,31,M,W,Tempe,AZ,False,other,Not fleeing,False
479,2015-07-06,shot,knife,40,M,O,Georgetown,OH,True,other,Not fleeing,True
480,2015-07-06,shot,unarmed,44,M,H,Fort Worth,TX,True,attack,Not fleeing,False
481,2015-07-06,shot,knife,58,M,W,Georgetown,PA,True,attack,Car,True
482,2015-07-07,shot,other,38,M,W,Riverside,WA,False,other,Not fleeing,False
483,2015-07-07,shot,undetermined,28,M,W,Oakland,CA,True,other,Foot,False
484,2015-07-08,shot,gun,47,M,W,San Antonio,TX,False,attack,Not fleeing,True
485,2015-07-08,shot,other,43,M,B,Georgetown,OH,False,attack,Not fleeing,False
486,2015-07-08,shot,gun,49,M,O,Lincoln,NM,False,other,Not fleeing,True
487,2015-07-09,shot,other,33,M,B,Riverside,LA,False,other,Other,False
488,2015-07-09,shot,knife,34,M,H,Georgetown,OK,True,other,Not fleeing,False
489,2015-07-10,shot,knife,33,M,W,Fort Collins,CO,False,attack,Not fleeing,False
490,2015-07-10,shot,gun,62,M,H,Madison,LA,False,undetermined,Other,False
491,2015-07-10,shot,gun,67,M,H,Riverside,NC,True,attack,Not fleeing,False
492,2015-07-11,shot,gun,34,M,W,Georgetown,TN,False,attack,Not fleeing,False
493,2015-07-11,shot,unarmed,34,M,W,San Diego,CA,False,attack,Not fleeing,False
494,2015-07-12,shot,gun,51,M,B,Lincoln,OH,True,other,Not fleeing,True
495,2015-07-12,shot,gun,70,M,W,Tucson,AZ,False,attack,Car,False
496,2015-07-12,shot,other,76,M,W,Tempe,AZ,False,undetermined,Not fleeing,False
497,2015-07-13,shot,gun,33,M,B,Madison,WI,False,other,Not fleeing,False
498,2015-07-13,shot,vehicle,36,M,O,Dallas,TX,True,other,Car,False
499,2015-07-13,shot,gun,45,M,B,Scottsdale,AZ,False,other,Not fleeing,False
500,2015-07-14,shot,gun,46,M,H,Georgetown,WA,False,attack,Not fleeing,False
501,2015-07-14,shot,unarmed,38,M,W,Riverside,MS,True,other,Other,False
502,2015-07-15,shot,knife,31,M,H,Lincoln,NC,False,undetermined,Not fleeing,False
503,2015-07-15,shot,gun,40,M,B,Lincoln,IL,True,attack,Foot,True
504,2015-07-15,shot,gun,76,M,A,Madison,MS,False,other,Foot,False
505,2015-07-16,shot,unarmed,34,F,W,Scottsdale,AZ,False,other,Not fleeing,False
506,2015-07-16,shot,gun,44,M,B,Lincoln,GA,True,other,Foot,False
507,2015-07-17,shot,gun,85,M,B,Denver,CO,False,attack,Not fleeing,False
508,2015-07-17,shot,unarmed,34,F,W,Lincoln,AR,False,attack,Not fleeing,False
509,2015-07-17,shot,unarmed,52,M,W,Oakland,CA,True,attack,Car,False
510,2015-07-18,shot,vehicle,77,M,W,Tucson,AZ,False,attack,Foot,False
511,2015-07-18,shot,gun,50,M,W,Georgetown,OK,True,undetermined,Not fleeing,False
512,2015-07-19,shot,gun,60,M,A,Georgetown,LA,False,attack,Car,False
513,2015-07-19,shot,vehicle,54,M,W,Madison,NC,False,other,Not fleeing,False
514,2015-07-19,shot,gun,49,M,W,Springfield,NY,False,attack,Not fleeing,False
515,2015-07-20,shot,knife,66,M,H,Houston,TX,False,attack,Car,False
516,2015-07-20,shot,knife,51,M,W,Georgetown,NC,False,attack,Not fleeing,False
517,2015-07-20,shot,unarmed,39,M,B,Riverside,WA,False,other,Not fleeing,False
518,2015-07-21,shot,gun,43,M,W,Springfield,OR,True,other,Not fleeing,False
519,2015-07-21,shot,gun,46,M,O,Miami,FL,False,attack,Other,False
520,2015-07-22,shot,gun,36,M,H,Georgetown,MS,False,other,Not fleeing,False
521,2015-07-22,Tasered,knife,44,M,A,Springfield,TN,False,undetermined,Not fleeing,False
522,2015-07-22,shot,vehicle,42,M,W,San Diego,CA,False,attack,Not fleeing,False
523,2015-07-23,shot and Tasered,gun,51,M,H,Georgetown,NV,False,undetermined,Not fleeing,False
524,2015-07-23,shot,gun,85,M,W,Los Angeles,CA,False,attack,Not fleeing,False
525,2015-07-24,shot,knife,45,M,W,Springfield,MI,False,undetermined,Car,False
526,2015-07-24,shot,undetermined,71,M,W,Springfield,NM,False,undetermined,Other,False
527,2015-07-24,Tasered,vehicle,51,M,B,Tempe,AZ,False,attack,Foot,False
528,2015-07-25,shot,knife,44,M,B,Orlando,FL,True,other,Car,False
529,2015-07-25,shot,other,35,M,B,Lincoln,GA,True,other,Car,False
530,2015-07-26,shot,gun,44,M,W,Denver,CO,False,attack,Not fleeing,False
531,2015-07-26,shot,gun,43,M,W,Fort Collins,CO,False,undetermined,Not fleeing,False
532,2015-07-26,shot,gun,32,M,H,Scottsdale,AZ,False,other,Foot,False
533,2015-07-27,shot,other,34,M,W,Springfield,PA,True,attack,Not fleeing,True
534,2015-07-27,shot,knife,47,M,H,Houston,TX,False,attack,Not fleeing,False
535,2015-07-28,shot,gun,70,M,W,Lincoln,AR,True,other,Other,True
536,2015-07-28,shot,gun,40,M,H,Riverside,AL,True,attack,Not fleeing,False
537,2015-07-28,shot,gun,25,M,B,Lincoln,OH,False,attack,Not fleeing,False
538,2015-07-29,shot,gun,21,M,W,Riverside,MS,False,undetermined,Foot,False
539,2015-07-29,shot,gun,29,M,W,Tampa,FL,False,other,Car,False
540,2015-07-29,shot,other,52,F,B,San Francisco,CA,True,other,Not fleeing,False
541,2015-07-30,shot,gun,27,M,H,Georgetown,PA,False,attack,Car,False
542,2015-07-30,shot,gun,55,M,W,Springfield,OH,False,attack,Not fleeing,True
543,2015-07-31,shot and Tasered,gun,51,M,W,Madison,LA,False,attack,Not fleeing,False
544,2015-07-31,shot,vehicle,39,M,A,Lincoln,OR,False,other,Other,False
545,2015-07-31,shot,gun,32,M,B,Riverside,WI,False,attack,Car,True
546,2015-08-01,shot,gun,38,M,W,Madison,PA,False,attack,Foot,False
547,2015-08-01,shot,unarmed,46,M,B,Georgetown,MD,False,undetermined,Foot,False
548,2015-08-02,shot,vehicle,27,M,W,San Francisco,CA,False,other,Not fleeing,False
549,2015-08-02,shot,other,67,F,B,Austin,TX,True,other,Foot,False
550,2015-08-02,shot,gun,46,M,W,Lincoln,IL,False,attack,Foot,False
551,2015-08-03,shot,gun,48,M,O,Riverside,NC,False,attack,Not fleeing,False
552,2015-08-03,shot,other,51,M,B,Georgetown,NC,False,attack,Car,False
553,2015-08-04,shot,unarmed,65,M,B,Phoenix,AZ,False,undetermined,Not fleeing,False
554,2015-08-04,shot,unarmed,44,M,B,Springfield,MO,True,attack,Not fleeing,False
555,2015-08-04,shot,knife,52,M,N,Austin,TX,True,other,Not fleeing,False
556,2015-08-05,shot,knife,32,M,H,Georgetown,PA,True,attack,Not fleeing,False
557,2015-08-05,shot,unarmed,76,M,B,Austin,TX,False,other,Not fleeing,False
558,2015-08-05,shot,gun,43,M,H,Los Angeles,CA,False,attack,Not fleeing,False
559,2015-08-06,shot,knife,32,M,B,Scottsdale,AZ,False,attack,Car,True
560,2015-08-06,shot,unarmed,35,M,B,Orlando,FL,False,attack,Car,False
561,2015-08-07,shot,gun,22,M,W,Riverside,NM,False,attack,Not fleeing,True
562,2015-08-07,shot,gun,35,M,B,Oakland,CA,False,other,Other,False
563,2015-08-07,shot,gun,20,M,W,Houston,TX,False,other,Car,False
564,2015-08-08,shot,unarmed,54,M,N,Georgetown,NY,False,attack,Foot,False
565,2015-08-08,shot,vehicle,47,M,W,Georgetown,OH,False,other,Not fleeing,False
566,2015-08-09,shot,knife,29,M,O,Los Angeles,CA,True,attack,Other,False
567,2015-08-09,shot,unarmed,40,M,B,San Diego,CA,False,attack,Other,False
568,2015-08-09,shot,gun,41,M,B,Madison,MN,False,attack,Not fleeing,False
569,2015-08-10,shot,undetermined,28,M,B,Lincoln,TN,False,other,Other,True
570,2015-08-10,shot,gun,38,M,W,Aurora,CO,False,attack,Car,False
571,2015-08-11,shot,knife,41,M,W,Riverside,OH,False,attack,Not fleeing,False
572,2015-08-11,shot,gun,37,M,W,Fort Lauderdale,FL,False,undetermined,Foot,False
573,2015-08-11,shot,gun,32,M,B,Fort Collins,CO,False,attack,Not fleeing,False
574,2015-08-12,shot,gun,29,M,W,Georgetown,TN,False,attack,Not fleeing,False
575,2015-08-12,shot,gun,37,M,H,Springfield,NM,True,other,Not fleeing,False
576,2015-08-12,shot,unarmed,34,M,W,San Antonio,TX,False,attack,Not fleeing,False
577,2015-08-13,shot,gun,50,M,W,Springfield,AR,False,attack,Car,False
578,2015-08-13,shot,gun,66,M,W,Austin,TX,False,undetermined,Foot,True
579,2015-08-14,shot,other,56,M,O,Dallas,TX,False,undetermined,Not fleeing,False
580,2015-08-14,shot,gun,42,M,H,San Diego,CA,False,attack,Not fleeing,True
581,2015-08-14,shot,other,33,M,W,Houston,TX,True,attack,Car,False
582,2015-08-15,shot,other,56,M,B,Madison,KY,False,other,Not fleeing,False
583,2015-08-15,shot,gun,51,M,W,Georgetown,OH,True,attack,Car,False
584,2015-08-16,shot and Tasered,gun,65,M,O,San Francisco,CA,False,attack,Car,False
585,2015-08-16,Tasered,knife,44,M,B,Madison,WI,True,attack,Other,False
586,2015-08-16,shot,unarmed,74,M,W,Riverside,NM,True,attack,Car,False
587,2015-08-17,shot,gun,44,M,B,Georgetown,MD,False,undetermined,Car,False
588,2015-08-17,shot,gun,33,M,W,Georgetown,IN,True,attack,Foot,False
589,2015-08-18,shot,unarmed,35,M,O,Miami,FL,True,attack,Foot,False
590,2015-08-18,shot and Tasered,gun,49,M,W,Lincoln,AR,False,other,Not fleeing,False
591,2015-08-18,shot,gun,34,M,B,Springfield,OK,False,attack,Not fleeing,True
592,2015-08-19,shot,other,74,M,W,Riverside,MS,False,other,Foot,False
593,2015-08-19,shot,other,48,M,H,Springfield,SC,True,attack,Other,False
594,2015-08-19,shot,gun,41,M,H,Aurora,CO,False,other,Not fleeing,True
595,2015-08-20,shot,gun,43,M,B,Springfield,VA,False,other,Not fleeing,False
596,2015-08-20,shot,knife,37,M,B,Jacksonville,FL,False,attack,Not fleeing,False
597,2015-08-21,shot and Tasered,gun,24,M,A,Scottsdale,AZ,False,attack,Foot,False
598,2015-08-21,shot,gun,35,M,W,San Francisco,CA,False,other,Foot,False
599,2015-08-21,shot,undetermined,70,M,W,Georgetown,IN,False,attack,Not fleeing,False
600,2015-08-22,shot and Tasered,other,44,M,W,Scottsdale,AZ,False,attack,Car,False
601,2015-08-22,shot,gun,59,M,O,Riverside,WA,False,undetermined,Foot,False
602,2015-08-23,shot,vehicle,60,M,W,Lincoln,GA,False,undetermined,Car,False
603,2015-08-23,shot,gun,40,M,H,Lincoln,WI,False,attack,Not fleeing,False
604,2015-08-23,shot,gun,51,M,B,Tempe,AZ,False,other,Car,False
605,2015-08-24,shot,gun,24,M,W,Madison,VA,False,attack,Not fleeing,False
606,2015-08-24,shot,gun,68,M,W,Riverside,MS,False,attack,Car,False
607,2015-08-25,shot,knife,66,M,W,Lincoln,NC,False,attack,Not fleeing,False
608,2015-08-25,shot,unarmed,49,M,W,Lincoln,GA,False,other,Not fleeing,False
609,2015-08-25,shot,gun,45,M,W,Springfield,IL,False,attack,Not fleeing,False
610,2015-08-26,shot,gun,40,M,W,Madison,KY,True,other,Not fleeing,False
611,2015-08-26,shot,gun,61,M,A,Georgetown,MD,False,attack,Other,False
612,2015-08-26,shot,vehicle,53,M,O,Orlando,FL,False,other,Not fleeing,False
613,2015-08-27,shot,gun,18,M,W,Lincoln,NM,False,other,Other,False
614,2015-08-27,shot,gun,36,M,W,Riverside,GA,False,other,Not fleeing,True
615,2015-08-28,shot,gun,28,M,W,Georgetown,LA,True,attack,Other,False
616,2015-08-28,shot,gun,27,M,B,Madison,AL,False,undetermined,Other,False
617,2015-08-28,shot,gun,61,M,H,Houston,TX,False,attack,Not fleeing,True
618,2015-08-29,shot,gun,40,F,W,Madison,VA,False,other,Foot,True
619,2015-08-29,shot,unarmed,48,M,W,Springfield,MO,True,other,Not fleeing,False
620,2015-08-30,shot,undetermined,42,M,H,Riverside,OR,False,attack,Car,False
621,2015-08-30,shot,gun,27,M,B,San Antonio,TX,False,attack,Car,False
622,2015-08-30,shot,gun,25,M,W,Madison,NC,False,attack,Not fleeing,False
623,2015-08-31,Tasered,gun,35,M,B,Madison,AR,False,attack,Foot,False
624,2015-08-31,shot and Tasered,other,36,M,W,Oakland,CA,False,undetermined,Not fleeing,False
625,2015-09-01,shot,gun,36,M,W,San Francisco,CA,True,other,Car,False
626,2015-09-01,shot,knife,37,M,H,Springfield,MI,False,attack,Not fleeing,False
627,2015-09-01,shot,gun,83,M,H,Tampa,FL,False,other,Car,False
628,2015-09-02,shot,gun,59,M,W,Riverside,MN,False,undetermined,Car,False
629,2015-09-02,shot,gun,44,M,O,Fort Worth,TX,False,undetermined,Foot,False
630,2015-09-03,shot,gun,40,M,W,Boulder,CO,False,attack,Foot,False
631,2015-09-03,shot,gun,40,M,H,Riverside,MD,False,other,Not fleeing,False
632,2015-09-03,shot,gun,53,M,B,Springfield,TN,False,undetermined,Not fleeing,False
633,2015-09-04,shot,gun,40,M,A,Riverside,LA,False,attack,Not fleeing,True
634,2015-09-04,shot,knife,56,M,N,Riverside,NY,False,undetermined,Foot,False
635,2015-09-04,shot,knife,46,M,W,Lincoln,AR,False,undetermined,Other,False
636,2015-09-05,shot,gun,84,M,O,Fort Lauderdale,FL,False,other,Not fleeing,False
637,2015-09-05,shot,gun,39,M,H,Springfield,NC,False,other,Not fleeing,False
638,2015-09-06,shot and Tasered,gun,60,M,H,Austin,TX,False,attack,Car,False
639,2015-09-06,shot,unarmed,29,M,W,Riverside,MO,False,undetermined,Car,False
640,2015-09-06,shot,gun,33,M,H,Fort Lauderdale,FL,False,other,Foot,False
641,2015-09-07,shot,undetermined,79,M,H,Scottsdale,AZ,True,other,Not fleeing,False
642,2015-09-07,shot,undetermined,55,M,W,Lincoln,OH,True,other,Foot,False
643,2015-09-08,shot,gun,49,M,O,Los Angeles,CA,False,undetermined,Not fleeing,False
644,2015-09-08,shot,undetermined,85,M,W,San Francisco,CA,True,other,Not fleeing,False
645,2015-09-08,shot,knife,40,M,W,Springfield,OK,True,attack,Not fleeing,False
646,2015-09-09,shot,knife,60,M,B,Lincoln,NC,False,other,Foot,False
647,2015-09-09,shot,unarmed,62,F,B,Lincoln,MS,False,other,Not fleeing,False
648,2015-09-10,shot,gun,72,M,B,Springfield,OK,False,other,Not fleeing,False
649,2015-09-10,shot,vehicle,28,M,W,Sacramento,CA,False,undetermined,Foot,False
650,2015-09-10,shot,knife,40,M,O,Madison,PA,False,undetermined,Not fleeing,False
651,2015-09-11,shot,vehicle,46,M,W,Oakland,CA,False,other,Foot,False
652,2015-09-11,shot,knife,71,M,W,Riverside,VA,True,attack,Car,True
653,2015-09-11,shot and Tasered,gun,48,M,W,Georgetown,MI,True,attack,Not fleeing,False
654,2015-09-12,shot,gun,62,M,B,Riverside,NY,True,other,Not fleeing,True
655,2015-09-12,shot,other,27,M,O,Lincoln,OK,False,attack,Not fleeing,False
656,2015-09-13,shot,gun,37,M,B,Miami,FL,False,other,Not fleeing,False
657,2015-09-13,shot,gun,66,M,H,Springfield,NC,False,other,Not fleeing,False
658,2015-09-13,shot,gun,38,F,W,Lincoln,MS,False,attack,Foot,False
659,2015-09-14,shot,gun,41,M,B,Dallas,TX,False,attack,Not fleeing,False
660,2015-09-14,shot,gun,71,M,B,Jacksonville,FL,True,undetermined,Not fleeing,False
661,2015-09-15,shot,gun,31,M,B,Riverside,NC,False,other,Foot,False
662,2015-09-15,shot,gun,33,M,W,Lincoln,NV,False,attack,Not fleeing,False
663,2015-09-15,shot,undetermined,26,M,B,Fort Collins,CO,False,other,Not fleeing,False
664,2015-09-16,shot,gun,72,M,B,Lincoln,KY,True,other,Foot,False
665,2015-09-16,shot,knife,58,M,H,Los Angeles,CA,True,attack,Car,False
666,2015-09-17,shot,gun,58,M,B,Colorado Springs,CO,False,other,Foot,False
667,2015-09-17,shot,undetermined,36,F,W,Lincoln,NV,False,attack,Car,False
668,2015-09-17,shot,knife,26,M,B,Fort Lauderdale,FL,False,other,Car,False
669,2015-09-18,shot,gun,24,M,W,Georgetown,TN,False,undetermined,Car,True
670,2015-09-18,shot,gun,66,M,A,Houston,TX,False,attack,Not fleeing,False
671,2015-09-18,shot,unarmed,50,M,B,San Diego,CA,True,undetermined,Not fleeing,False
672,2015-09-19,shot,vehicle,53,M,W,Houston,TX,False,undetermined,Not fleeing,False
673,2015-09-19,shot,undetermined,45,M,O,Madison,KY,True,attack,Not fleeing,False
674,2015-09-20,shot,gun,32,M,B,Springfield,NY,True,attack,Not fleeing,False
675,2015-09-20,shot,other,37,M,W,Georgetown,SC,True,other,Not fleeing,False
676,2015-09-20,shot,gun,29,M,B,Scottsdale,AZ,False,attack,Not fleeing,False
677,2015-09-21,shot,gun,28,M,W,Riverside,MO,True,attack,Car,False
678,2015-09-21,shot,gun,56,M,H,Lincoln,OH,False,attack,Foot,False
679,2015-09-22,shot,gun,24,M,H,Georgetown,IN,True,attack,Car,False
680,2015-09-22,shot,knife,29,M,O,Riverside,IL,True,attack,Not fleeing,False
681,2015-09-22,shot,undetermined,38,M,B,Madison,NV,False,other,Not fleeing,False
682,2015-09-23,shot,undetermined,42,M,B,San Diego,CA,False,other,Not fleeing,False
683,2015-09-23,shot,knife,26,M,H,Georgetown,NY,False,attack,Foot,False
684,2015-09-24,shot,gun,24,M,W,Riverside,OH,True,other,Not fleeing,False
685,2015-09-24,shot,other,48,M,B,Lincoln,KY,False,undetermined,Foot,True
686,2015-09-24,shot,gun,44,M,B,Fort Lauderdale,FL,True,undetermined,Not fleeing,False
687,2015-09-25,shot,undetermined,66,M,W,Tampa,FL,False,other,Car,False
688,2015-09-25,shot,undetermined,43,M,W,Georgetown,GA,False,attack,Car,True
689,2015-09-25,shot,gun,49,M,H,Jacksonville,FL,True,attack,Foot,False
690,2015-09-26,shot,gun,32,M,H,Houston,TX,False,undetermined,Not fleeing,False
691,2015-09-26,shot,gun,33,M,W,Springfield,MS,False,undetermined,Foot,False
692,2015-09-27,shot,unarmed,27,M,W,Lincoln,LA,False,other,Foot,False
693,2015-09-27,shot,unarmed,32,M,W,Riverside,MS,False,other,Other,False
694,2015-09-27,shot,knife,37,M,A,Georgetown,AL,False,other,Not fleeing,False
695,2015-09-28,shot,gun,63,M,W,Jacksonville,FL,False,attack,Car,True
696,2015-09-28,shot,gun,31,M,H,Springfield,NY,False,attack,Not fleeing,False
697,2015-09-29,shot,other,85,M,W,San Diego,CA,False,attack,Foot,True
698,2015-09-29,shot,gun,51,M,B,Lincoln,KY,True,other,Other,False
699,2015-09-29,shot,knife,47,M,W,Lincoln,GA,False,other,Not fleeing,False
700,2015-09-30,shot,undetermined,41,M,H,Lincoln,GA,False,attack,Other,True
701,2015-09-30,shot,unarmed,39,M,W,Phoenix,AZ,False,attack,Car,False
702,2015-10-01,shot,gun,34,M,B,Springfield,OH,True,undetermined,Car,False
703,2015-10-01,shot,gun,26,M,W,Jacksonville,FL,False,attack,Not fleeing,True
704,2015-10-01,shot,vehicle,31,M,H,Fort Collins,CO,False,undetermined,Not fleeing,False
705,2015-10-02,shot,gun,72,M,A,Riverside,SC,False,other,Other,False
706,2015-10-02,shot,knife,50,M,W,Madison,AR,False,attack,Not fleeing,False
707,2015-10-03,shot and Tasered,gun,72,M,A,Tempe,AZ,True,attack,Foot,True
708,2015-10-03,shot and Tasered,unarmed,33,M,B,Georgetown,OH,False,other,Not fleeing,False
709,2015-10-03,shot,other,29,M,W,Georgetown,NM,False,other,Car,False
710,2015-10-04,shot,other,41,M,W,Los Angeles,CA,False,attack,Not fleeing,False
711,2015-10-04,shot,gun,31,M,W,Springfield,NM,True,attack,Not fleeing,False
712,2015-10-04,shot,gun,44,M,H,Orlando,FL,False,attack,Foot,False
713,2015-10-05,shot,gun,25,M,H,Springfield,OK,False,other,Not fleeing,True
714,2015-10-05,shot,gun,22,M,W,Lincoln,LA,True,attack,Not fleeing,False
715,2015-10-06,shot,gun,47,M,B,Madison,NY,True,other,Car,False
716,2015-10-06,shot,vehicle,73,M,H,Madison,MS,False,undetermined,Not fleeing,False
717,2015-10-06,shot,gun,47,M,O,San Diego,CA,False,attack,Not fleeing,False
718,2015-10-07,shot,gun,50,F,B,Aurora,CO,False,attack,Not fleeing,False
719,2015-10-07,shot,gun,42,M,O,Georgetown,NY,True,attack,Other,False
720,2015-10-08,shot,gun,43,M,B,Georgetown,SC,True,attack,Foot,False
721,2015-10-08,shot,gun,26,M,W,Austin,TX,False,attack,Not fleeing,False
722,2015-10-08,shot,gun,32,M,H,Riverside,SC,False,attack,Foot,False
723,2015-10-09,shot and Tasered,knife,63,M,B,Springfield,GA,False,other,Not fleeing,False
724,2015-10-09,shot,knife,28,M,B,Houston,TX,False,attack,Not fleeing,False
725,2015-10-10,shot,gun,37,F,B,Georgetown,MD,False,attack,Foot,True
726,2015-10-10,shot,gun,62,F,H,San Diego,CA,False,undetermined,Not fleeing,False
727,2015-10-10,shot,gun,43,M,H,Lincoln,WA,False,other,Not fleeing,False
728,2015-10-11,shot,gun,44,M,W,San Francisco,CA,False,undetermined,Not fleeing,False
729,2015-10-11,shot,gun,37,M,W,Boulder,CO,True,attack,Other,False
730,2015-10-11,shot,unarmed,52,M,B,Lincoln,MO,True,attack,Foot,False
731,2015-10-12,shot,gun,57,M,B,Lincoln,LA,False,other,Not fleeing,False
732,2015-10-12,shot,gun,31,M,W,Georgetown,GA,False,attack,Not fleeing,False
733,2015-10-13,shot,gun,26,M,H,Lincoln,NC,True,undetermined,Not fleeing,False
734,2015-10-13,shot,gun,23,M,B,Tampa,FL,False,other,Not fleeing,False
735,2015-10-13,shot,gun,49,M,W,Lincoln,OH,True,other,Foot,False
736,2015-10-14,shot,gun,47,M,W,Riverside,WI,True,attack,Foot,False
737,2015-10-14,shot,gun,85,M,W,Lincoln,AR,False,other,Other,False
738,2015-10-15,shot,other,42,M,O,Houston,TX,True,other,Not fleeing,False
739,2015-10-15,shot,undetermined,39,F,W,Sacramento,CA,False,attack,Car,False
740,2015-10-15,shot,vehicle,45,M,W,Georgetown,IN,False,other,Not fleeing,False
741,2015-10-16,shot,gun,46,M,B,Springfield,NY,True,other,Not fleeing,False
742,2015-10-16,shot and Tasered,gun,38,M,W,Georgetown,NY,False,undetermined,Foot,True
743,2015-10-17,shot,knife,32,F,W,Riverside,VA,False,undetermined,Not fleeing,False
744,2015-10-17,shot,gun,41,M,W,Mesa,AZ,False,attack,Not fleeing,False
745,2015-10-17,shot,gun,41,M,B,Riverside,OH,False,undetermined,Not fleeing,False
746,2015-10-18,shot,knife,40,M,B,Springfield,WI,False,undetermined,Car,False
747,2015-10-18,shot,gun,54,M,W,Madison,TN,True,attack,Not fleeing,False
748,2015-10-18,shot,gun,41,M,W,Austin,TX,False,other,Not fleeing,False
749,2015-10-19,shot,gun,26,M,O,Houston,TX,False,attack,Car,False
750,2015-10-19,shot,vehicle,33,M,W,San Antonio,TX,False,attack,Car,True
751,2015-10-20,shot,vehicle,38,M,W,Georgetown,MD,False,other,Car,True
752,2015-10-20,shot,knife,42,M,W,Mesa,AZ,True,attack,Not fleeing,False
753,2015-10-20,shot,gun,49,M,B,Oakland,CA,False,other,Not fleeing,False
754,2015-10-21,shot,vehicle,42,M,H,Georgetown,IN,False,attack,Foot,False
755,2015-10-21,shot,other,22,M,W,San Antonio,TX,True,other,Not fleeing,False
756,2015-10-22,shot,knife,27,M,H,San Francisco,CA,False,attack,Not fleeing,True
757,2015-10-22,shot,gun,50,M,W,Orlando,FL,False,other,Not fleeing,True
758,2015-10-22,shot,vehicle,38,M,W,Fort Lauderdale,FL,False,other,Not fleeing,False
759,2015-10-23,shot,knife,43,M,H,Springfield,NC,False,undetermined,Not fleeing,True
760,2015-10-23,shot,undetermined,36,M,W,Madison,KY,False,undetermined,Foot,False
761,2015-10-24,shot,knife,33,M,B,Springfield,NM,False,attack,Not fleeing,True
762,2015-10-24,shot,vehicle,37,F,W,Riverside,OH,False,other,Not fleeing,False
763,2015-10-24,shot,knife,43,M,H,Springfield,GA,False,attack,Not fleeing,False
764,2015-10-25,shot,gun,41,M,W,Lincoln,LA,True,other,Other,False
765,2015-10-25,shot,gun,57,M,H,Jacksonville,FL,False,attack,Not fleeing,False
766,2015-10-25,shot,gun,25,M,W,San Francisco,CA,False,attack,Not fleeing,True
767,2015-10-26,shot,gun,26,M,A,Springfield,IN,False,other,Not fleeing,False
768,2015-10-26,shot,knife,38,M,W,San Antonio,TX,True,attack,Not fleeing,True
769,2015-10-27,shot and Tasered,gun,49,M,H,Dallas,TX,False,attack,Not fleeing,False
770,2015-10-27,shot,gun,53,M,W,Lincoln,OH,False,undetermined,Car,False
771,2015-10-27,shot,gun,33,M,N,Riverside,OH,True,attack,Not fleeing,True
772,2015-10-28,shot,gun,19,M,W,Los Angeles,CA,True,other,Foot,True
773,2015-10-28,shot,vehicle,34,M,W,Houston,TX,True,other,Not fleeing,False
774,2015-10-29,shot,vehicle,47,M,B,Springfield,GA,False,undetermined,Car,False
775,2015-10-29,shot,unarmed,41,M,W,Georgetown,OK,False,other,Not fleeing,False
776,2015-10-29,shot,gun,50,M,W,Miami,FL,False,attack,Car,False
777,2015-10-30,shot,gun,62,M,O,Lincoln,NC,True,undetermined,Foot,False
778,2015-10-30,shot,undetermined,39,M,O,Lincoln,LA,False,other,Other,False
779,2015-10-31,shot,gun,35,M,W,Georgetown,NM,True,attack,Car,True
780,2015-10-31,shot,knife,30,M,O,Scottsdale,AZ,True,attack,Foot,False
781,2015-10-31,shot,vehicle,26,M,B,Austin,TX,False,attack,Car,False
782,2015-11-01,shot,gun,24,M,W,Riverside,OH,False,attack,Other,True
783,2015-11-01,shot,gun,32,M,H,Springfield,IL,True,other,Foot,True
784,2015-11-01,shot,gun,59,M,B,San Francisco,CA,False,attack,Not fleeing,False
785,2015-11-02,shot,undetermined,52,M,O,Riverside,NC,True,attack,Not fleeing,False
786,2015-11-02,shot,gun,35,M,W,Sacramento,CA,False,attack,Not fleeing,False
787,2015-11-03,shot,gun,85,F,B,San Diego,CA,False,attack,Not fleeing,True
788,2015-11-03,shot,gun,33,M,W,Springfield,OH,False,attack,Not fleeing,True
789,2015-11-03,shot,gun,64,M,W,Mesa,AZ,False,undetermined,Not fleeing,True
790,2015-11-04,shot and Tasered,knife,70,M,W,Lincoln,AR,False,attack,Not fleeing,False
791,2015-11-04,shot,gun,48,M,O,Georgetown,MO,False,undetermined,Not fleeing,False
792,2015-11-05,shot,gun,32,M,H,Riverside,NC,False,undetermined,Not fleeing,False
793,2015-11-05,shot,gun,36,M,H,Lincoln,GA,False,other,Foot,False
794,2015-11-05,shot,gun,44,M,B,Lincoln,WA,False,attack,Foot,False
795,2015-11-06,shot,gun,26,M,W,San Diego,CA,False,attack,Other,True
796,2015-11-06,shot,gun,29,M,W,Georgetown,OR,True,attack,Foot,False
797,2015-11-07,shot,unarmed,29,M,W,Riverside,MI,False,other,Car,False
798,2015-11-07,shot,gun,49,M,W,Fort Worth,TX,False,attack,Not fleeing,False
799,2015-11-07,shot,gun,62,M,H,Fort Worth,TX,False,attack,Not fleeing,False
800,2015-11-08,shot,gun,53,M,B,Fort Worth,TX,False,attack,Not fleeing,False
801,2015-11-08,shot,gun,58,M,W,Springfield,TN,False,attack,Car,False
802,2015-11-09,shot,vehicle,32,M,W,Georgetown,TN,False,attack,Not fleeing,False
803,2015-11-09,shot,undetermined,37,M,W,Lincoln,AR,False,attack,Not fleeing,False
804,2015-11-09,shot,gun,37,M,W,Springfield,IL,False,attack,Not fleeing,False
805,2015-11-10,shot,gun,48,M,O,Springfield,NC,True,other,Not fleeing,False
806,2015-11-10,shot,gun,33,M,B,Georgetown,MO,False,attack,Not fleeing,False
807,2015-11-10,shot,gun,56,M,H,Lincoln,OK,False,other,Foot,False
808,2015-11-11,shot,vehicle,69,M,B,Riverside,WA,False,other,Car,False
809,2015-11-11,shot,knife,49,M,W,Georgetown,OH,False,other,Not fleeing,False
810,2015-11-12,shot,gun,36,M,W,Springfield,TN,False,attack,Not fleeing,False
811,2015-11-12,shot,unarmed,31,F,A,Riverside,LA,True,undetermined,Not fleeing,True
812,2015-11-12,shot,unarmed,29,M,H,Riverside,TN,False,attack,Not fleeing,True
813,2015-11-13,shot,undetermined,22,M,W,Springfield,MO,False,other,Not fleeing,False
814,2015-11-13,shot,gun,38,M,B,Riverside,NV,False,attack,Car,True
815,2015-11-14,shot,gun,37,M,B,Lincoln,PA,False,undetermined,Foot,False
816,2015-11-14,shot,gun,55,M,B,Lincoln,WA,False,attack,Not fleeing,False
817,2015-11-14,shot and Tasered,gun,33,M,O,Georgetown,OK,False,attack,Car,False
818,2015-11-15,shot,gun,39,M,B,Georgetown,NC,False,attack,Not fleeing,False
819,2015-11-15,shot,unarmed,45,M,B,Orlando,FL,False,other,Other,False
820,2015-11-16,shot,gun,48,M,W,Los Angeles,CA,False,attack,Foot,True
821,2015-11-16,shot,knife,53,M,W,Lincoln,LA,True,other,Not fleeing,True
822,2015-11-16,shot,vehicle,43,M,W,Madison,MO,False,undetermined,Car,False
823,2015-11-17,shot and Tasered,gun,26,M,W,Georgetown,MN,False,attack,Not fleeing,False
824,2015-11-17,shot,gun,47,M,H,Fort Collins,CO,False,attack,Foot,False
825,2015-11-17,shot,knife,33,M,H,Riverside,GA,False,other,Not fleeing,False
826,2015-11-18,shot,knife,63,M,W,Austin,TX,False,attack,Not fleeing,True
827,2015-11-18,shot,other,41,M,H,Sacramento,CA,True,undetermined,Not fleeing,False
828,2015-11-19,shot,unarmed,44,M,W,Riverside,VA,False,other,Not fleeing,False
829,2015-11-19,shot,unarmed,85,M,W,Fort Lauderdale,FL,False,attack,Foot,True
830,2015-11-19,shot,knife,53,M,W,Georgetown,MO,False,attack,Foot,False
831,2015-11-20,shot,gun,47,M,W,Madison,OK,False,other,Not fleeing,False
832,2015-11-20,shot,unarmed,39,M,W,Madison,OH,False,undetermined,Not fleeing,False
833,2015-11-21,shot,other,27,M,B,Georgetown,NM,False,attack,Not fleeing,False
834,2015-11-21,shot,gun,38,M,W,Georgetown,NC,False,attack,Not fleeing,False
835,2015-11-21,shot,gun,31,M,O,Fort Lauderdale,FL,False,undetermined,Not fleeing,False
836,2015-11-22,shot,gun,73,M,W,Georgetown,OR,False,other,Foot,False
837,2015-11-22,shot,other,47,M,W,Lincoln,MS,False,attack,Car,False
838,2015-11-23,shot,gun,62,M,W,San Antonio,TX,False,attack,Not fleeing,False
839,2015-11-23,shot,knife,33,M,B,San Francisco,CA,False,undetermined,Foot,False
840,2015-11-23,shot,unarmed,31,M,W,Los Angeles,CA,False,other,Foot,False
841,2015-11-24,shot,vehicle,51,M,H,Orlando,FL,False,attack,Not fleeing,False
842,2015-11-24,shot,gun,30,M,B,Springfield,MN,False,attack,Not fleeing,False
843,2015-11-24,shot,undetermined,35,M,B,Lincoln,LA,False,other,Not fleeing,False
844,2015-11-25,shot,gun,74,M,B,Aurora,CO,True,attack,Not fleeing,False
845,2015-11-25,shot,gun,36,M,W,Springfield,NM,False,other,Foot,False
846,2015-11-26,shot,gun,26,M,W,Georgetown,NC,False,other,Car,True
847,2015-11-26,shot,gun,23,M,W,Scottsdale,AZ,False,other,Not fleeing,False
848,2015-11-26,shot,gun,25,M,B,Springfield,IN,False,attack,Not fleeing,False
849,2015-11-27,shot,gun,63,M,W,Georgetown,AR,False,other,Not fleeing,True
850,2015-11-27,shot,knife,34,M,W,Lincoln,AR,False,other,Not fleeing,False
851,2015-11-28,shot,gun,85,M,O,Springfield,WA,False,attack,Not fleeing,False
852,2015-11-28,shot,knife,70,M,W,Georgetown,VA,False,attack,Foot,False
853,2015-11-28,shot,gun,81,M,H,San Antonio,TX,False,attack,Not fleeing,False
854,2015-11-29,Tasered,gun,58,M,H,Lincoln,LA,True,attack,Foot,False
855,2015-11-29,shot,gun,50,M,W,Springfield,MN,False,other,Car,False
856,2015-11-30,shot,gun,31,M,W,Tempe,AZ,False,other,Car,False
857,2015-11-30,Tasered,gun,41,M,W,Madison,SC,True,undetermined,Foot,False
858,2015-11-30,shot,gun,52,M,H,Georgetown,OH,False,other,Not fleeing,False
859,2015-12-01,shot,gun,57,M,B,San Diego,CA,True,other,Foot,False
860,2015-12-01,shot,gun,28,M,H,Springfield,MD,False,attack,Not fleeing,True
861,2015-12-01,shot,gun,38,M,O,Fort Worth,TX,False,attack,Other,False
862,2015-12-02,shot,gun,40,M,H,Georgetown,PA,True,attack,Foot,False
863,2015-12-02,shot,undetermined,39,M,W,San Francisco,CA,True,attack,Other,False
864,2015-12-03,shot,gun,29,M,W,Lincoln,IN,True,other,Foot,False
865,2015-12-03,shot,gun,77,M,H,Tempe,AZ,False,other,Not fleeing,False
866,2015-12-03,shot,gun,38,M,W,Tampa,FL,False,attack,Foot,True
867,2015-12-04,shot,vehicle,29,M,W,Austin,TX,False,attack,Not fleeing,False
868,2015-12-04,shot,gun,78,M,H,Springfield,IN,False,attack,Car,False
869,2015-12-05,shot,gun,70,M,W,Lincoln,NV,False,attack,Foot,False
870,2015-12-05,shot,knife,43,M,O,Riverside,IL,False,attack,Not fleeing,False
871,2015-12-05,shot,knife,23,M,B,Springfield,WA,False,attack,Not fleeing,False
872,2015-12-06,shot,gun,35,M,W,Georgetown,OH,True,other,Foot,False
873,2015-12-06,shot,gun,24,M,O,Los Angeles,CA,False,other,Not fleeing,False
874,2015-12-07,shot,other,49,M,W,Springfield,LA,False,attack,Not fleeing,False
875,2015-12-07,shot,gun,34,M,W,Orlando,FL,True,undetermined,Not fleeing,False
876,2015-12-07,shot,gun,40,M,W,Madison,MN,True,attack,Foot,False
877,2015-12-08,shot,gun,75,M,W,Springfield,SC,True,undetermined,Foot,False
878,2015-12-08,shot,unarmed,33,M,B,Madison,GA,False,other,Not fleeing,False
879,2015-12-08,shot,gun,48,M,W,Austin,TX,False,attack,Not fleeing,False
880,2015-12-09,shot,gun,53,M,W,Riverside,VA,True,attack,Foot,False
881,2015-12-09,shot,gun,63,F,W,Fort Worth,TX,False,undetermined,Not fleeing,False
882,2015-12-10,shot,gun,39,M,H,Houston,TX,True,attack,Not fleeing,False
883,2015-12-10,shot,other,38,M,H,San Antonio,TX,True,other,Not fleeing,False
884,2015-12-10,shot,gun,38,M,W,Springfield,LA,False,other,Other,False
885,2015-12-11,shot,gun,46,M,W,Riverside,VA,False,undetermined,Not fleeing,False
886,2015-12-11,shot,gun,69,M,W,Tempe,AZ,False,attack,Car,False
887,2015-12-12,shot,knife,37,M,W,Sacramento,CA,False,undetermined,Not fleeing,False
888,2015-12-12,shot,gun,20,M,H,Lincoln,OH,True,undetermined,Car,False
889,2015-12-12,shot,knife,56,M,H,Madison,IL,False,attack,Not fleeing,True
890,2015-12-13,shot,gun,42,M,W,Jacksonville,FL,False,other,Not fleeing,False
891,2015-12-13,shot,gun,49,M,W,Tampa,FL,True,attack,Foot,False
892,2015-12-14,shot,gun,24,M,W,Georgetown,IN,False,attack,Foot,False
893,2015-12-14,shot,gun,34,F,B,Springfield,WI,True,other,Not fleeing,False
894,2015-12-14,shot and Tasered,gun,54,M,W,Riverside,MI,False,other,Not fleeing,False
895,2015-12-15,shot,gun,27,M,O,Georgetown,SC,False,other,Not fleeing,False
896,2015-12-15,shot,unarmed,48,M,H,Fort Worth,TX,False,other,Not fleeing,False
897,2015-12-16,shot,gun,40,M,W,Austin,TX,True,other,Not fleeing,False
898,2015-12-16,shot,undetermined,32,M,B,Fort Collins,CO,False,attack,Car,False
899,2015-12-16,shot,gun,31,M,N,Tucson,AZ,False,other,Not fleeing,False
900,2015-12-17,shot,gun,29,M,B,Springfield,WI,False,other,Not fleeing,False
901,2015-12-17,shot,gun,42,M,W,Georgetown,VA,False,attack,Car,False
902,2015-12-17,shot,gun,43,M,W,Lincoln,NV,False,attack,Other,False
903,2015-12-18,shot,gun,36,M,H,Fort Worth,TX,False,attack,Foot,False
904,2015-12-18,shot,gun,28,M,B,Springfield,OR,False,undetermined,Foot,False
905,2015-12-19,shot,unarmed,48,M,B,Madison,AL,False,attack,Not fleeing,False
906,2015-12-19,shot,gun,56,F,A,Houston,TX,False,attack,Not fleeing,False
907,2015-12-19,shot and Tasered,gun,51,M,A,Georgetown,MS,False,other,Car,False
908,2015-12-20,shot,vehicle,83,M,N,Fort Lauderdale,FL,False,undetermined,Not fleeing,False
909,2015-12-20,shot,gun,38,M,W,San Francisco,CA,False,attack,Not fleeing,False
910,2015-12-21,shot and Tasered,unarmed,66,M,B,Georgetown,TN,False,attack,Other,False
911,2015-12-21,shot,gun,33,M,H,Lincoln,TN,False,attack,Not fleeing,True
912,2015-12-21,shot,gun,31,M,H,San Francisco,CA,False,attack,Foot,False
913,2015-12-22,shot,unarmed,43,M,B,Tempe,AZ,False,attack,Not fleeing,False
914,2015-12-22,shot,gun,72,M,W,Springfield,MI,True,attack,Not fleeing,False
915,2015-12-23,shot,knife,37,M,H,Georgetown,OK,False,attack,Not fleeing,False
916,2015-12-23,shot,undetermined,24,F,H,Springfield,NV,False,undetermined,Not fleeing,False
917,2015-12-23,shot and Tasered,undetermined,56,M,W,Houston,TX,True,other,Other,False
918,2015-12-24,shot,undetermined,40,M,B,Oakland,CA,False,other,Not fleeing,False
919,2015-12-24,shot,gun,45,M,W,Miami,FL,False,attack,Car,False
920,2015-12-24,shot,vehicle,32,M,W,Tampa,FL,False,other,Car,False
921,2015-12-25,shot,gun,42,M,W,Orlando,FL,False,attack,Foot,False
922,2015-12-25,shot,unarmed,25,M,W,Fort Worth,TX,False,attack,Foot,False
923,2015-12-26,shot,gun,78,M,B,Madison,LA,True,other,Not fleeing,True
924,2015-12-26,shot,gun,60,M,B,Phoenix,AZ,False,other,Foot,False
925,2015-12-26,shot,undetermined,42,M,B,Springfield,AL,True,undetermined,Car,False
926,2015-12-27,shot,unarmed,55,M,H,Dallas,TX,False,other,Car,False
927,2015-12-27,shot,other,33,M,W,Madison,OH,False,other,Not fleeing,False
928,2015-12-28,shot,gun,59,M,W,San Diego,CA,True,attack,Not fleeing,True
929,2015-12-28,shot,gun,36,M,H,Georgetown,OH,False,other,Car,False
930,2015-12-28,shot,undetermined,36,M,W,Los Angeles,CA,True,undetermined,Not fleeing,False
931,2015-12-29,shot,gun,30,M,O,Lincoln,MN,False,other,Not fleeing,True
932,2015-12-29,shot,undetermined,47,F,H,Georgetown,VA,False,other,Not fleeing,False
933,2015-12-30,shot,vehicle,41,M,B,Georgetown,OH,True,undetermined,Not fleeing,False
934,2015-12-30,shot,undetermined,67,M,O,Oakland,CA,False,attack,Not fleeing,False
935,2015-12-30,shot,knife,29,M,W,Riverside,MO,True,other,Not fleeing,False
936,2015-12-31,shot,unarmed,47,M,W,Riverside,MD,False,attack,Not fleeing,False
937,2015-12-31,shot,gun,62,M,B,Fort Worth,TX,True,attack,Not fleeing,False
938,2015-12-31,shot,other,85,M,W,Lincoln,LA,False,other,Not fleeing,False
939,2016-01-01,shot,gun,44,M,O,Madison,AL,False,attack,Not fleeing,False
940,2016-01-01,shot,gun,36,M,W,Madison,MD,False,undetermined,Car,False
941,2016-01-02,shot,gun,43,M,B,Springfield,SC,False,attack,Not fleeing,False
942,2016-01-02,shot,knife,65,M,B,Madison,NM,False,attack,Not fleeing,True
943,2016-01-02,shot,knife,65,M,B,Madison,IN,False,attack,Not fleeing,False
944,2016-01-03,shot,gun,39,M,W,Lincoln,GA,True,undetermined,Foot,False
945,2016-01-03,shot,vehicle,64,M,W,Madison,LA,True,attack,Not fleeing,False
946,2016-01-04,shot and Tasered,unarmed,41,M,H,Lincoln,VA,True,other,Not fleeing,False
947,2016-01-04,shot,knife,55,M,W,Riverside,OK,False,undetermined,Not fleeing,False
948,2016-01-04,shot,gun,49,M,H,Lincoln,MI,True,attack,Not fleeing,False
949,2016-01-05,shot,knife,36,M,B,San Francisco,CA,False,attack,Other,False
950,2016-01-05,shot,unarmed,30,M,H,Fort Collins,CO,True,attack,Foot,False
951,2016-01-06,shot,undetermined,62,M,H,Fort Lauderdale,FL,False,attack,Car,False
952,2016-01-06,shot,gun,69,M,W,Orlando,FL,False,attack,Not fleeing,False
953,2016-01-06,shot,gun,47,F,B,Orlando,FL,True,attack,Not fleeing,False
954,2016-01-07,shot,gun,40,M,A,Madison,NV,True,undetermined,Car,False
955,2016-01-07,shot,gun,27,M,W,San Francisco,CA,False,other,Not fleeing,False
956,2016-01-07,shot,gun,62,M,O,Lincoln,IL,False,other,Not fleeing,False
957,2016-01-08,shot,gun,45,M,B,Georgetown,OK,True,undetermined,Not fleeing,False
958,2016-01-08,shot,knife,37,M,W,Fort Lauderdale,FL,True,attack,Not fleeing,True
959,2016-01-09,shot,gun,55,M,W,Tampa,FL,False,other,Not fleeing,False
960,2016-01-09,shot,gun,26,M,O,Lincoln,PA,False,attack,Car,True
961,2016-01-09,shot,gun,29,M,W,Lincoln,MD,False,attack,Not fleeing,False
962,2016-01-10,shot,gun,32,M,A,Springfield,NM,False,attack,Foot,False
963,2016-01-10,shot,unarmed,49,M,A,Riverside,MS,False,attack,Not fleeing,True
964,2016-01-11,shot,gun,43,M,W,Madison,WI,False,other,Not fleeing,False
965,2016-01-11,shot,knife,51,M,W,Georgetown,LA,False,attack,Foot,False
966,2016-01-11,shot,gun,60,M,H,Springfield,OR,True,other,Not fleeing,True
967,2016-01-12,shot,knife,52,M,W,Lincoln,SC,False,attack,Not fleeing,False
968,2016-01-12,shot,gun,79,M,H,Riverside,OR,False,attack,Not fleeing,True
969,2016-01-13,shot,gun,60,M,W,Oakland,CA,False,attack,Not fleeing,False
970,2016-01-13,shot,knife,39,M,B,Springfield,WI,False,other,Car,False
971,2016-01-13,shot,gun,34,M,H,Lincoln,OH,False,attack,Not fleeing,True
972,2016-01-14,shot,gun,40,M,W,Georgetown,SC,False,other,Not fleeing,False
973,2016-01-14,shot,knife,52,M,W,Fort Worth,TX,False,attack,Not fleeing,False
974,2016-01-15,shot,gun,35,M,W,Lincoln,GA,False,attack,Not fleeing,False
975,2016-01-15,shot,vehicle,53,M,W,Jacksonville,FL,False,attack,Foot,False
976,2016-01-15,shot,gun,51,M,B,Mesa,AZ,False,other,Foot,False
977,2016-01-16,shot,gun,30,F,H,Fort Worth,TX,False,attack,Foot,False
978,2016-01-16,shot,gun,60,M,W,Lincoln,SC,False,attack,Not fleeing,False
979,2016-01-16,shot,gun,46,M,B,Los Angeles,CA,False,attack,Other,False
980,2016-01-17,shot,gun,77,M,B,Tucson,AZ,False,other,Car,False
981,2016-01-17,shot,gun,41,M,W,San Antonio,TX,False,undetermined,Car,False
982,2016-01-18,shot,vehicle,37,M,W,Lincoln,MO,False,attack,Car,False
983,2016-01-18,shot,unarmed,29,M,O,Orlando,FL,False,attack,Car,False
984,2016-01-18,shot,knife,28,M,H,Tampa,FL,False,attack,Car,False
985,2016-01-19,shot,gun,57,F,B,Georgetown,OH,False,undetermined,Not fleeing,False
986,2016-01-19,Tasered,gun,74,M,B,Riverside,TN,False,attack,Not fleeing,False
987,2016-01-20,shot,gun,39,M,W,San Antonio,TX,True,undetermined,Foot,False
988,2016-01-20,shot,gun,39,M,B,Austin,TX,False,attack,Not fleeing,False
989,2016-01-20,shot,knife,42,M,B,Jacksonville,FL,False,undetermined,Not fleeing,False
990,2016-01-21,shot,unarmed,61,M,B,Madison,MN,True,undetermined,Not fleeing,False
991,2016-01-21,shot,gun,30,M,W,Georgetown,GA,False,attack,Not fleeing,True
992,2016-01-22,shot,gun,44,M,W,Madison,MO,False,other,Not fleeing,False
993,2016-01-22,shot,other,57,M,W,Miami,FL,False,other,Car,False
994,2016-01-22,shot,gun,49,F,O,Madison,OH,False,attack,Foot,False
995,2016-01-23,shot,undetermined,19,M,W,San Diego,CA,False,attack,Not fleeing,False
996,2016-01-23,shot,unarmed,52,M,B,Sacramento,CA,True,undetermined,Not fleeing,False
997,2016-01-23,shot,gun,49,M,W,Georgetown,OH,False,undetermined,Not fleeing,False
998,2016-01-24,Tasered,gun,66,M,W,Madison,GA,False,undetermined,Not fleeing,False
999,2016-01-24,shot,other,71,M,H,Dallas,TX,False,undetermined,Foot,False
1000,2016-01-25,shot,knife,65,M,B,Lincoln,OK,False,other,Car,False
1001,2016-01-25,shot and Tasered,gun,42,M,B,Lincoln,MI,True,attack,Not fleeing,False
1002,2016-01-25,shot and Tasered,gun,24,M,W,Madison,GA,False,other,Not fleeing,False
1003,2016-01-26,shot,knife,85,M,H,Riverside,PA,False,attack,Foot,False
1004,2016-01-26,shot,gun,38,M,W,Madison,WI,False,attack,Not fleeing,False
1005,2016-01-27,shot,gun,41,M,W,Riverside,AL,True,other,Not fleeing,False
1006,2016-01-27,shot,gun,73,M,B,Lincoln,OH,False,other,Car,False
1007,2016-01-27,shot,gun,32,M,W,Riverside,IL,False,other,Foot,False
1008,2016-01-28,shot,gun,26,M,W,San Antonio,TX,False,attack,Not fleeing,False
1009,2016-01-28,shot,gun,35,M,B,Springfield,WA,False,undetermined,Not fleeing,False
1010,2016-01-29,shot,gun,32,F,B,Miami,FL,True,attack,Not fleeing,False
1011,2016-01-29,shot,gun,26,M,H,Dallas,TX,False,other,Car,False
1012,2016-01-29,shot,other,40,M,W,Madison,NC,True,attack,Not fleeing,False
1013,2016-01-30,shot,gun,42,M,W,Fort Worth,TX,False,other,Not fleeing,False
1014,2016-01-30,shot,gun,25,M,W,Springfield,OK,True,attack,Car,True
1015,2016-01-30,shot,gun,37,M,O,Lincoln,OH,True,attack,Car,False
1016,2016-01-31,shot,gun,32,M,B,Madison,NY,False,undetermined,Not fleeing,False
1017,2016-01-31,shot,undetermined,22,M,H,San Antonio,TX,False,undetermined,Car,True
1018,2016-02-01,shot,gun,43,M,W,Houston,TX,False,other,Other,True
1019,2016-02-01,shot,gun,44,M,B,Georgetown,LA,False,attack,Not fleeing,False
1020,2016-02-01,shot,other,32,M,W,Lincoln,MN,False,other,Car,True
1021,2016-02-02,shot and Tasered,vehicle,59,M,B,Oakland,CA,False,attack,Not fleeing,False
1022,2016-02-02,shot,gun,41,M,O,Jacksonville,FL,False,other,Not fleeing,False
1023,2016-02-03,shot,other,32,M,O,Springfield,MS,True,attack,Not fleeing,False
1024,2016-02-03,shot,unarmed,25,M,B,San Diego,CA,False,attack,Foot,False
1025,2016-02-03,shot,other,45,M,B,Lincoln,NM,True,other,Not fleeing,False
1026,2016-02-04,shot,gun,49,M,O,Madison,WA,False,attack,Not fleeing,False
1027,2016-02-04,shot,other,35,M,B,Riverside,GA,False,other,Other,False
1028,2016-02-05,shot,gun,43,M,W,Tucson,AZ,False,attack,Car,False
1029,2016-02-05,shot,knife,71,M,B,Phoenix,AZ,False,other,Not fleeing,False
1030,2016-02-05,shot,gun,56,M,W,Phoenix,AZ,True,attack,Car,False
1031,2016-02-06,shot,gun,21,M,B,Springfield,NM,False,other,Not fleeing,False
1032,2016-02-06,shot,gun,32,M,B,Riverside,NV,False,attack,Not fleeing,False
1033,2016-02-06,shot,gun,39,M,B,Lincoln,TN,False,attack,Not fleeing,False
1034,2016-02-07,shot,gun,42,M,W,Georgetown,SC,False,attack,Not fleeing,False
1035,2016-02-07,shot,gun,43,M,W,Miami,FL,False,other,Foot,True
1036,2016-02-08,shot,other,48,M,B,Georgetown,PA,False,attack,Not fleeing,False
1037,2016-02-08,shot,vehicle,39,M,H,Georgetown,OH,False,attack,Not fleeing,False
1038,2016-02-08,shot,gun,41,M,B,Riverside,VA,False,attack,Car,False
1039,2016-02-09,shot,vehicle,57,M,W,Scottsdale,AZ,False,attack,Foot,False
1040,2016-02-09,shot,knife,45,M,O,Riverside,PA,True,attack,Not fleeing,False
1041,2016-02-10,shot,gun,28,M,N,Springfield,NM,True,attack,Foot,False
1042,2016-02-10,shot,knife,42,M,W,Riverside,GA,False,attack,Not fleeing,False
1043,2016-02-10,shot,knife,39,M,W,San Francisco,CA,False,other,Not fleeing,False
1044,2016-02-11,shot,gun,22,M,H,Riverside,WA,False,attack,Not fleeing,True
1045,2016-02-11,shot,gun,43,M,H,Denver,CO,False,attack,Not fleeing,False
1046,2016-02-12,shot,gun,29,M,O,Springfield,TN,True,other,Foot,False
1047,2016-02-12,shot,knife,57,M,A,Riverside,WI,False,other,Foot,False
1048,2016-02-12,shot,gun,47,M,B,Riverside,OH,False,attack,Car,False
1049,2016-02-13,shot,vehicle,27,M,B,Georgetown,OH,True,other,Not fleeing,True
1050,2016-02-13,shot,gun,56,M,W,Lincoln,TN,False,attack,Not fleeing,False
1051,2016-02-13,shot,knife,66,M,W,Oakland,CA,True,other,Car,False
1052,2016-02-14,shot,other,37,M,B,Jacksonville,FL,False,attack,Not fleeing,True
1053,2016-02-14,shot,unarmed,39,M,B,Lincoln,KY,False,undetermined,Not fleeing,False
1054,2016-02-15,shot,vehicle,54,M,B,Riverside,TN,False,other,Not fleeing,False
1055,2016-02-15,shot,gun,64,M,H,Oakland,CA,False,attack,Not fleeing,False
1056,2016-02-15,shot,vehicle,24,M,W,Austin,TX,False,attack,Not fleeing,False
1057,2016-02-16,shot,knife,28,M,B,Lincoln,OK,False,other,Not fleeing,False
1058,2016-02-16,shot and Tasered,vehicle,35,M,W,Springfield,MD,False,attack,Not fleeing,False
1059,2016-02-17,shot,unarmed,37,M,W,Lincoln,AR,False,attack,Not fleeing,False
1060,2016-02-17,shot,gun,54,M,H,Tucson,AZ,True,attack,Not fleeing,False
1061,2016-02-17,shot,knife,64,M,H,Madison,IN,False,attack,Not fleeing,False
1062,2016-02-18,shot,gun,66,M,O,Springfield,NY,False,attack,Not fleeing,False
1063,2016-02-18,shot,gun,24,M,W,Madison,OK,False,other,Not fleeing,False
1064,2016-02-19,shot,gun,31,M,B,Riverside,MO,False,other,Car,False
1065,2016-02-19,shot,gun,27,F,W,San Antonio,TX,False,other,Not fleeing,False
1066,2016-02-19,shot,knife,33,M,W,Lincoln,WI,False,attack,Foot,True
1067,2016-02-20,shot,vehicle,31,M,H,San Antonio,TX,True,other,Foot,False
1068,2016-02-20,Tasered,knife,47,M,B,Fort Lauderdale,FL,False,undetermined,Foot,True
1069,2016-02-21,shot,other,49,M,A,Riverside,AL,True,attack,Foot,False
1070,2016-02-21,shot,vehicle,41,F,W,Georgetown,PA,False,other,Car,False
1071,2016-02-21,shot,other,40,M,A,Madison,AR,False,other,Foot,False
1072,2016-02-22,shot,vehicle,36,M,W,Georgetown,WA,False,other,Car,False
1073,2016-02-22,shot,gun,37,M,A,Springfield,GA,False,attack,Not fleeing,False
1074,2016-02-22,shot,gun,71,M,W,Madison,KY,False,attack,Car,False
1075,2016-02-23,shot,vehicle,52,M,W,Oakland,CA,True,attack,Car,False
1076,2016-02-23,Tasered,knife,36,M,B,Lincoln,MS,True,attack,Not fleeing,True
1077,2016-02-24,shot,knife,39,M,O,Tampa,FL,False,undetermined,Foot,False
1078,2016-02-24,shot,knife,48,M,W,Springfield,AR,False,attack,Foot,False
1079,2016-02-24,shot,undetermined,27,M,W,Austin,TX,False,other,Not fleeing,False
1080,2016-02-25,shot,gun,43,M,H,Madison,LA,True,other,Not fleeing,False
1081,2016-02-25,shot,gun,51,M,W,Lincoln,NM,False,attack,Not fleeing,False
1082,2016-02-26,shot,knife,49,M,W,Madison,OH,False,undetermined,Car,False
1083,2016-02-26,shot,gun,31,M,W,Madison,IL,False,other,Not fleeing,False
1084,2016-02-26,shot,other,33,M,W,Riverside,SC,False,attack,Car,False
1085,2016-02-27,shot,vehicle,22,M,N,Georgetown,IL,False,attack,Not fleeing,False
1086,2016-02-27,shot,gun,53,M,H,Madison,KY,False,attack,Not fleeing,False
1087,2016-02-28,shot,gun,83,M,B,Springfield,NC,False,attack,Foot,True
1088,2016-02-28,shot,knife,30,M,O,Fort Worth,TX,False,attack,Not fleeing,False
1089,2016-02-28,shot,gun,60,M,B,San Francisco,CA,False,other,Foot,False
1090,2016-02-29,shot,gun,80,M,W,Fort Lauderdale,FL,True,attack,Other,False
1091,2016-02-29,shot,gun,35,M,W,Fort Worth,TX,False,other,Not fleeing,False
1092,2016-02-29,shot,unarmed,39,F,W,Madison,LA,True,attack,Foot,False
1093,2016-03-01,shot,vehicle,45,M,W,Houston,TX,True,attack,Not fleeing,False
1094,2016-03-01,shot,gun,48,M,O,San Diego,CA,False,attack,Not fleeing,False
1095,2016-03-02,shot,unarmed,45,M,H,Los Angeles,CA,False,undetermined,Not fleeing,False
1096,2016-03-02,shot,undetermined,36,M,W,Springfield,AL,True,attack,Foot,False
1097,2016-03-02,shot,gun,51,M,B,Lincoln,MO,False,other,Car,False
1098,2016-03-03,shot and Tasered,gun,36,M,H,Aurora,CO,False,attack,Not fleeing,False
1099,2016-03-03,shot,vehicle,47,F,O,Riverside,OR,False,attack,Not fleeing,False
1100,2016-03-04,shot,gun,40,M,A,Oakland,CA,False,other,Car,False
1101,2016-03-04,shot,gun,23,M,B,Lincoln,MN,False,undetermined,Not fleeing,True
1102,2016-03-04,shot,gun,63,M,H,Riverside,PA,False,other,Not fleeing,False
1103,2016-03-05,shot,gun,33,M,B,San Antonio,TX,False,other,Car,False
1104,2016-03-05,shot,gun,66,M,B,Springfield,OK,True,attack,Not fleeing,False
1105,2016-03-06,shot,knife,59,M,W,Madison,MD,False,attack,Not fleeing,False
1106,2016-03-06,shot,gun,44,F,W,Madison,NC,False,attack,Car,False
1107,2016-03-06,shot,knife,49,M,B,Lincoln,MS,False,attack,Not fleeing,False
1108,2016-03-07,shot,vehicle,51,M,W,Dallas,TX,False,attack,Car,False
1109,2016-03-07,shot,gun,38,M,W,Jacksonville,FL,False,attack,Not fleeing,False
1110,2016-03-07,shot,vehicle,39,M,H,San Francisco,CA,False,attack,Not fleeing,False
1111,2016-03-08,shot,gun,50,M,W,Austin,TX,True,other,Car,False
1112,2016-03-08,shot,knife,41,F,B,Fort Lauderdale,FL,False,attack,Not fleeing,True
1113,2016-03-09,shot,gun,36,M,B,Springfield,KY,False,attack,Car,False
1114,2016-03-09,shot,gun,31,M,O,Los Angeles,CA,False,other,Foot,False
1115,2016-03-09,shot,gun,47,F,B,Springfield,NC,False,undetermined,Foot,False
1116,2016-03-10,shot,gun,33,M,W,Georgetown,NY,False,other,Car,False
1117,2016-03-10,shot,gun,55,M,B,Georgetown,OR,False,attack,Other,False
1118,2016-03-11,shot,unarmed,57,M,H,Springfield,MI,False,attack,Not fleeing,False
1119,2016-03-11,shot,knife,49,M,O,Springfield,MD,False,attack,Not fleeing,False
1120,2016-03-11,shot,other,53,M,W,Riverside,MN,False,attack,Car,False
1121,2016-03-12,shot,unarmed,49,M,W,Riverside,VA,True,attack,Foot,False
1122,2016-03-12,shot,unarmed,54,M,N,Madison,WI,False,attack,Not fleeing,True
1123,2016-03-13,shot,knife,53,M,W,Lincoln,NV,False,attack,Not fleeing,False
1124,2016-03-13,shot,gun,46,M,B,San Francisco,CA,False,attack,Other,False
1125,2016-03-13,shot,undetermined,59,M,W,Riverside,GA,True,attack,Car,False
1126,2016-03-14,shot,gun,39,M,W,Riverside,TN,False,other,Not fleeing,False
1127,2016-03-14,shot,gun,32,M,W,Colorado Springs,CO,True,attack,Not fleeing,False
1128,2016-03-14,Tasered,unarmed,31,M,W,Fort Lauderdale,FL,False,attack,Not fleeing,False
1129,2016-03-15,shot,gun,37,M,B,Madison,LA,False,other,Not fleeing,False
1130,2016-03-15,shot,gun,22,M,O,Riverside,IN,False,other,Not fleeing,False
1131,2016-03-16,shot,gun,44,M,W,Sacramento,CA,False,attack,Not fleeing,False
1132,2016-03-16,shot,other,51,M,H,Riverside,MD,False,attack,Not fleeing,False
1133,2016-03-16,shot,other,57,M,W,Georgetown,NV,False,other,Not fleeing,False
1134,2016-03-17,shot,knife,24,M,B,Springfield,WI,False,other,Foot,False
1135,2016-03-17,shot,undetermined,31,M,W,Springfield,IN,False,attack,Car,False
1136,2016-03-18,shot,gun,55,M,O,Madison,MD,False,attack,Not fleeing,False
1137,2016-03-18,shot and Tasered,gun,38,M,H,Springfield,WA,True,other,Not fleeing,True
1138,2016-03-18,shot,gun,51,M,B,Dallas,TX,False,attack,Other,False
1139,2016-03-19,shot,gun,27,M,H,Georgetown,NY,False,attack,Not fleeing,False
1140,2016-03-19,shot,gun,66,M,B,Madison,MD,False,other,Not fleeing,False
1141,2016-03-20,Tasered,gun,26,M,O,Riverside,OR,False,attack,Not fleeing,False
1142,2016-03-20,shot,gun,18,M,H,Springfield,VA,True,attack,Not fleeing,False
1143,2016-03-20,shot,gun,44,M,O,Austin,TX,True,other,Foot,False
1144,2016-03-21,shot,gun,44,M,B,Riverside,MO,False,other,Not fleeing,False
1145,2016-03-21,shot,unarmed,34,M,W,Scottsdale,AZ,False,attack,Other,True
1146,2016-03-21,shot,gun,48,M,B,Sacramento,CA,True,undetermined,Other,True
1147,2016-03-22,shot,gun,49,M,W,San Antonio,TX,True,attack,Not fleeing,False
1148,2016-03-22,shot,gun,47,M,B,Oakland,CA,False,other,Other,False
1149,2016-03-23,shot,unarmed,34,M,B,Springfield,AR,False,other,Other,False
1150,2016-03-23,shot,knife,32,M,B,Miami,FL,False,other,Foot,False
1151,2016-03-23,shot,knife,35,M,W,Orlando,FL,False,attack,Not fleeing,False
1152,2016-03-24,shot,gun,31,M,W,Springfield,WI,False,attack,Not fleeing,True
1153,2016-03-24,shot,gun,60,M,B,Madison,GA,False,other,Not fleeing,False
1154,2016-03-25,shot,gun,36,M,O,Los Angeles,CA,False,other,Not fleeing,False
1155,2016-03-25,shot,gun,43,M,W,Orlando,FL,False,attack,Foot,False
1156,2016-03-25,shot,knife,54,M,W,Houston,TX,False,other,Foot,False
1157,2016-03-26,shot,undetermined,30,M,H,Oakland,CA,True,other,Car,False
1158,2016-03-26,shot,gun,26,M,B,Sacramento,CA,True,attack,Car,False
1159,2016-03-27,shot,vehicle,31,M,W,Lincoln,MO,False,undetermined,Not fleeing,False
1160,2016-03-27,shot,gun,45,F,W,Austin,TX,False,attack,Car,False
1161,2016-03-27,shot,gun,44,M,W,Boulder,CO,False,attack,Car,False
1162,2016-03-28,shot,gun,47,M,O,Madison,MS,False,attack,Not fleeing,False
1163,2016-03-28,shot,undetermined,39,M,W,Riverside,NC,False,undetermined,Car,False
1164,2016-03-29,shot,gun,20,M,W,Georgetown,KY,False,attack,Not fleeing,False
1165,2016-03-29,shot,gun,39,M,W,Riverside,WA,False,other,Not fleeing,False
1166,2016-03-29,shot,gun,57,M,W,Madison,GA,False,other,Not fleeing,False
1167,2016-03-30,shot and Tasered,gun,63,M,H,Georgetown,IL,False,attack,Not fleeing,True
1168,2016-03-30,shot,gun,42,M,W,Los Angeles,CA,False,attack,Car,True
1169,2016-03-30,shot,gun,44,M,W,San Diego,CA,True,attack,Not fleeing,True
1170,2016-03-31,shot,unarmed,51,M,B,Lincoln,TN,False,attack,Not fleeing,False
1171,2016-03-31,shot,vehicle,62,M,W,Georgetown,OH,False,other,Other,False
1172,2016-04-01,shot,gun,41,M,W,Madison,VA,True,undetermined,Car,False
1173,2016-04-01,shot,knife,50,M,H,Madison,KY,True,undetermined,Foot,False
1174,2016-04-01,shot,gun,34,M,H,Georgetown,GA,True,attack,Foot,True
1175,2016-04-02,shot,vehicle,27,M,N,Lincoln,MO,False,other,Not fleeing,False
1176,2016-04-02,shot,knife,35,M,H,Lincoln,WA,False,other,Foot,False
1177,2016-04-03,shot,gun,68,F,B,Madison,MN,False,other,Other,False
1178,2016-04-03,shot,unarmed,51,M,W,Riverside,AL,False,attack,Not fleeing,False
1179,2016-04-03,shot,gun,28,M,H,Madison,KY,True,attack,Not fleeing,False
1180,2016-04-04,shot,gun,52,M,H,Fort Lauderdale,FL,False,undetermined,Other,False
1181,2016-04-04,shot,vehicle,28,M,H,Georgetown,VA,False,other,Not fleeing,True
1182,2016-04-05,shot,gun,47,M,B,Fort Lauderdale,FL,True,other,Foot,False
1183,2016-04-05,shot,gun,30,M,W,Austin,TX,True,other,Not fleeing,False
1184,2016-04-05,shot,gun,27,M,H,Springfield,IN,False,attack,Car,False
1185,2016-04-06,shot,unarmed,72,M,H,Oakland,CA,False,other,Car,False
1186,2016-04-06,shot,gun,36,M,O,Georgetown,WI,False,attack,Foot,False
1187,2016-04-06,shot,gun,50,M,W,Dallas,TX,True,attack,Car,True
1188,2016-04-07,shot,gun,41,M,W,Riverside,AL,False,attack,Not fleeing,False
1189,2016-04-07,shot,gun,29,M,W,Tampa,FL,False,attack,Not fleeing,True
1190,2016-04-08,Tasered,knife,38,M,H,Aurora,CO,False,other,Not fleeing,False
1191,2016-04-08,shot,gun,29,M,W,San Antonio,TX,False,other,Not fleeing,False
1192,2016-04-08,shot,vehicle,85,M,W,Georgetown,MO,False,other,Not fleeing,True
1193,2016-04-09,shot and Tasered,knife,54,M,O,Colorado Springs,CO,False,attack,Not fleeing,False
1194,2016-04-09,shot,gun,41,M,W,Madison,TN,False,undetermined,Car,False
1195,2016-04-10,Tasered,gun,49,M,H,San Francisco,CA,False,other,Not fleeing,True
1196,2016-04-10,shot,knife,52,M,W,Oakland,CA,False,attack,Foot,True
1197,2016-04-10,shot,gun,52,M,H,Oakland,CA,True,attack,Not fleeing,False
1198,2016-04-11,shot,unarmed,52,M,B,Madison,NC,False,other,Not fleeing,True
1199,2016-04-11,shot,other,50,M,N,Georgetown,AL,True,attack,Foot,False
1200,2016-04-12,shot,knife,42,M,O,Georgetown,NM,True,attack,Foot,False
1201,2016-04-12,shot,other,70,M,W,Orlando,FL,False,other,Not fleeing,False
1202,2016-04-12,shot,knife,43,M,W,Springfield,LA,False,attack,Not fleeing,True
1203,2016-04-13,shot,gun,42,M,W,Lincoln,MD,False,other,Not fleeing,False
1204,2016-04-13,shot,gun,43,M,B,Mesa,AZ,False,other,Foot,False
1205,2016-04-13,shot,gun,44,M,A,Springfield,GA,False,attack,Not fleeing,False
1206,2016-04-14,shot,gun,24,M,B,Madison,WA,False,attack,Not fleeing,False
1207,2016-04-14,shot,gun,31,M,B,Houston,TX,False,undetermined,Not fleeing,False
1208,2016-04-15,shot,gun,39,M,W,Oakland,CA,False,attack,Not fleeing,False
1209,2016-04-15,shot,gun,24,M,H,San Antonio,TX,False,other,Not fleeing,False
1210,2016-04-15,shot,gun,41,M,O,Springfield,PA,False,undetermined,Not fleeing,False
1211,2016-04-16,shot,gun,44,M,W,Sacramento,CA,True,attack,Not fleeing,False
1212,2016-04-16,shot,gun,27,M,B,Fort Worth,TX,False,other,Not fleeing,False
1213,2016-04-17,shot,vehicle,33,M,W,Aurora,CO,False,other,Foot,False
1214,2016-04-17,shot,gun,64,M,B,San Diego,CA,True,attack,Not fleeing,False
1215,2016-04-17,shot,unarmed,50,M,B,Houston,TX,False,other,Not fleeing,False
1216,2016-04-18,shot,undetermined,49,M,W,Madison,KY,True,attack,Other,True
1217,2016-04-18,shot,vehicle,61,M,W,Oakland,CA,False,attack,Not fleeing,False
1218,2016-04-19,shot,gun,31,M,W,Riverside,TN,True,other,Not fleeing,False
1219,2016-04-19,shot,knife,27,M,B,Springfield,GA,True,other,Other,False
1220,2016-04-19,shot,gun,58,M,B,Lincoln,TN,False,attack,Not fleeing,False
1221,2016-04-20,shot,knife,40,M,W,Madison,MO,False,undetermined,Other,True
1222,2016-04-20,shot and Tasered,gun,31,M,H,Fort Lauderdale,FL,False,undetermined,Car,False
1223,2016-04-20,shot,knife,84,M,H,Madison,AR,False,attack,Not fleeing,True
1224,2016-04-21,shot,vehicle,24,M,W,Lincoln,OH,False,undetermined,Not fleeing,True
1225,2016-04-21,shot,gun,44,M,W,Georgetown,AL,False,attack,Not fleeing,False
1226,2016-04-22,shot,knife,38,M,H,Lincoln,GA,True,other,Foot,False
1227,2016-04-22,shot,gun,36,M,O,Georgetown,MN,True,other,Not fleeing,False
1228,2016-04-22,shot,knife,21,M,W,Riverside,MD,True,attack,Foot,True
1229,2016-04-23,shot,gun,70,M,W,Georgetown,WI,False,other,Other,False
1230,2016-04-23,shot,gun,25,M,W,Lincoln,WA,False,attack,Not fleeing,False
1231,2016-04-24,shot,gun,37,M,B,Springfield,OH,True,other,Not fleeing,False
1232,2016-04-24,shot,gun,35,M,W,Riverside,MD,False,attack,Not fleeing,False
1233,2016-04-24,shot,gun,50,M,W,Madison,NM,False,other,Not fleeing,False
1234,2016-04-25,shot,knife,24,M,H,Riverside,WI,False,other,Not fleeing,False
1235,2016-04-25,shot,gun,48,M,B,Tucson,AZ,False,other,Not fleeing,False
1236,2016-04-26,shot,gun,44,M,W,Madison,SC,False,other,Car,False
1237,2016-04-26,shot,gun,33,M,W,Fort Worth,TX,False,attack,Not fleeing,False
1238,2016-04-26,shot,gun,47,M,B,Riverside,NY,False,attack,Foot,False
1239,2016-04-27,shot,unarmed,41,M,W,Dallas,TX,False,attack,Not fleeing,False
1240,2016-04-27,shot,gun,76,M,W,Denver,CO,False,undetermined,Not fleeing,True
1241,2016-04-28,shot,gun,38,M,A,Springfield,IN,True,attack,Not fleeing,False
1242,2016-04-28,shot,unarmed,30,M,W,Austin,TX,True,attack,Car,False
1243,2016-04-28,shot,gun,48,M,H,Madison,PA,True,other,Car,False
1244,2016-04-29,shot,gun,37,M,O,Georgetown,MO,True,other,Car,False
1245,2016-04-29,shot,undetermined,41,M,W,Fort Worth,TX,True,other,Not fleeing,False
1246,2016-04-29,shot,gun,27,M,W,Scottsdale,AZ,False,other,Foot,False
1247,2016-04-30,shot,knife,50,M,B,Georgetown,LA,False,undetermined,Not fleeing,False
1248,2016-04-30,shot,gun,35,M,A,Fort Worth,TX,False,attack,Not fleeing,False
1249,2016-05-01,shot,gun,45,M,O,Springfield,SC,True,attack,Car,False
1250,2016-05-01,shot,gun,84,M,H,Georgetown,MN,False,undetermined,Car,True
1251,2016-05-01,shot,gun,37,M,W,Fort Worth,TX,False,attack,Not fleeing,False
1252,2016-05-02,shot,vehicle,53,M,B,Austin,TX,False,undetermined,Not fleeing,False
1253,2016-05-02,shot,gun,38,M,W,Lincoln,NC,False,attack,Not fleeing,False
1254,2016-05-03,shot,knife,33,M,B,Riverside,IL,True,other,Not fleeing,False
1255,2016-05-03,shot,gun,65,M,W,Fort Lauderdale,FL,True,undetermined,Car,False
1256,2016-05-03,shot,gun,22,M,W,Oakland,CA,False,attack,Car,False
1257,2016-05-04,shot,knife,58,M,H,Georgetown,NY,True,undetermined,Car,False
1258,2016-05-04,shot,gun,22,M,B,Springfield,WI,False,attack,Foot,False
1259,2016-05-05,shot,gun,56,M,W,Georgetown,GA,True,attack,Not fleeing,False
1260,2016-05-05,shot,gun,41,M,W,Springfield,NC,True,attack,Car,False
1261,2016-05-05,shot,gun,30,M,H,Riverside,WI,False,attack,Not fleeing,False
1262,2016-05-06,shot,gun,35,F,H,Madison,OK,True,attack,Not fleeing,False
1263,2016-05-06,shot,vehicle,52,M,W,Georgetown,NV,False,attack,Car,False
1264,2016-05-06,shot,knife,81,M,W,Lincoln,LA,False,attack,Car,False
1265,2016-05-07,shot and Tasered,knife,24,M,W,Lincoln,MN,False,attack,Not fleeing,False
1266,2016-05-07,shot,undetermined,30,M,O,Georgetown,OK,False,undetermined,Not fleeing,False
1267,2016-05-08,shot,other,26,M,B,Springfield,OR,True,undetermined,Foot,False
1268,2016-05-08,shot,gun,38,M,B,Lincoln,OK,False,other,Foot,False
1269,2016-05-08,shot,gun,56,M,B,Lincoln,IL,False,other,Not fleeing,False
1270,2016-05-09,shot,vehicle,25,M,W,Tucson,AZ,True,attack,Not fleeing,True
1271,2016-05-09,shot,gun,41,M,H,Tucson,AZ,True,other,Not fleeing,False
1272,2016-05-10,shot,gun,56,M,B,Riverside,VA,False,attack,Car,False
1273,2016-05-10,shot,gun,35,M,W,Scottsdale,AZ,True,attack,Car,False
1274,2016-05-10,shot,other,44,M,W,Lincoln,LA,False,attack,Not fleeing,False
1275,2016-05-11,shot,other,63,M,B,Fort Lauderdale,FL,False,other,Not fleeing,False
1276,2016-05-11,shot,vehicle,28,M,O,Georgetown,AL,False,other,Foot,False
1277,2016-05-12,shot,gun,23,M,W,Los Angeles,CA,False,attack,Not fleeing,False
1278,2016-05-12,shot,gun,46,M,A,Lincoln,AL,True,attack,Car,False
1279,2016-05-12,shot,gun,46,M,H,Georgetown,MO,False,attack,Not fleeing,False
1280,2016-05-13,shot,unarmed,35,M,W,Fort Worth,TX,False,undetermined,Foot,False
1281,2016-05-13,Tasered,vehicle,32,M,W,Riverside,NY,False,attack,Not fleeing,True
1282,2016-05-13,shot,vehicle,41,M,W,Orlando,FL,False,attack,Not fleeing,True
1283,2016-05-14,shot,gun,28,M,H,Tucson,AZ,True,attack,Not fleeing,False
1284,2016-05-14,shot,gun,28,M,W,Aurora,CO,False,other,Foot,True
1285,2016-05-15,shot,gun,52,M,W,Oakland,CA,False,attack,Not fleeing,False
1286,2016-05-15,shot,gun,28,M,B,Riverside,MN,False,attack,Not fleeing,False
1287,2016-05-15,shot,gun,23,M,H,San Francisco,CA,False,other,Not fleeing,False
1288,2016-05-16,shot,gun,32,M,W,Lincoln,TN,False,attack,Not fleeing,False
1289,2016-05-16,shot,other,35,M,W,Colorado Springs,CO,False,attack,Not fleeing,False
1290,2016-05-17,shot and Tasered,vehicle,48,M,B,Lincoln,TN,False,attack,Not fleeing,True
1291,2016-05-17,shot,knife,33,M,B,Denver,CO,False,other,Foot,False
1292,2016-05-17,shot,gun,67,M,H,Riverside,OK,False,attack,Not fleeing,True
1293,2016-05-18,shot,gun,42,M,W,Lincoln,NV,False,undetermined,Not fleeing,False
1294,2016-05-18,shot,gun,31,M,H,Riverside,OK,False,other,Not fleeing,False
1295,2016-05-19,shot,gun,47,M,H,Los Angeles,CA,False,other,Not fleeing,False
1296,2016-05-19,shot,unarmed,66,M,B,Riverside,TN,False,other,Not fleeing,False
1297,2016-05-19,shot,gun,51,M,H,Jacksonville,FL,False,attack,Not fleeing,False
1298,2016-05-20,shot and Tasered,gun,25,M,W,Los Angeles,CA,False,undetermined,Not fleeing,False
1299,2016-05-20,shot and Tasered,gun,36,M,W,Springfield,GA,False,undetermined,Foot,False
1300,2016-05-20,shot and Tasered,knife,45,M,B,Springfield,NC,True,attack,Not fleeing,True
1301,2016-05-21,shot,undetermined,50,M,B,Madison,OH,True,other,Foot,False
1302,2016-05-21,shot,vehicle,38,M,B,Lincoln,NV,False,attack,Not fleeing,False
1303,2016-05-22,shot and Tasered,gun,37,M,W,Mesa,AZ,False,other,Foot,True
1304,2016-05-22,shot,gun,76,M,N,Phoenix,AZ,False,attack,Car,False
1305,2016-05-22,shot,vehicle,52,M,B,San Diego,CA,False,attack,Not fleeing,False
1306,2016-05-23,shot,gun,47,M,W,Riverside,OK,False,other,Other,False
1307,2016-05-23,shot,gun,34,M,W,Madison,LA,False,attack,Not fleeing,False
1308,2016-05-24,shot,gun,28,M,H,Boulder,CO,False,attack,Not fleeing,False
1309,2016-05-24,shot,gun,48,M,H,Springfield,NV,True,other,Other,False
1310,2016-05-24,shot,gun,54,M,B,Springfield,NY,False,attack,Not fleeing,False
1311,2016-05-25,shot,vehicle,41,M,A,Lincoln,OH,True,attack,Car,False
1312,2016-05-25,shot,gun,52,M,W,Riverside,WA,False,attack,Other,False
1313,2016-05-26,shot,unarmed,52,M,W,Lincoln,PA,False,undetermined,Car,False
1314,2016-05-26,shot,unarmed,55,M,A,Madison,TN,False,attack,Car,False
1315,2016-05-26,shot,gun,25,M,A,Tempe,AZ,False,undetermined,Car,False
1316,2016-05-27,shot,gun,36,M,B,Fort Worth,TX,True,attack,Not fleeing,False
1317,2016-05-27,shot,gun,49,M,H,Fort Worth,TX,False,attack,Foot,False
1318,2016-05-27,shot,unarmed,42,M,W,Georgetown,PA,True,other,Not fleeing,False
1319,2016-05-28,shot,gun,52,M,A,Riverside,NM,False,other,Car,False
1320,2016-05-28,shot,unarmed,47,M,W,Madison,GA,True,other,Car,False
1321,2016-05-29,shot,knife,21,M,W,Fort Worth,TX,False,attack,Not fleeing,False
1322,2016-05-29,shot,other,60,M,W,Springfield,MD,True,attack,Foot,True
1323,2016-05-29,shot,unarmed,35,M,W,Madison,AR,False,attack,Not fleeing,True
1324,2016-05-30,shot,gun,30,M,W,Riverside,NM,False,undetermined,Not fleeing,False
1325,2016-05-30,shot,gun,59,M,W,Georgetown,MO,False,other,Car,False
1326,2016-05-31,shot,gun,51,M,W,Riverside,MS,False,other,Not fleeing,False
1327,2016-05-31,shot,gun,62,M,W,Oakland,CA,False,attack,Foot,False
1328,2016-05-31,shot,knife,45,M,B,Los Angeles,CA,False,other,Foot,False
1329,2016-06-01,shot,undetermined,36,M,W,San Diego,CA,False,other,Not fleeing,False
1330,2016-06-01,shot,other,43,M,W,Springfield,NV,False,attack,Not fleeing,False
1331,2016-06-02,shot,gun,29,M,H,Oakland,CA,False,attack,Car,False
1332,2016-06-02,shot,gun,26,M,A,Lincoln,WA,True,other,Not fleeing,False
1333,2016-06-02,shot,gun,33,M,H,Madison,OH,False,other,Foot,False
1334,2016-06-03,shot,gun,70,M,W,Tucson,AZ,False,other,Not fleeing,False
1335,2016-06-03,shot,gun,34,M,H,Georgetown,MS,True,attack,Foot,False
1336,2016-06-04,shot,unarmed,23,M,W,Houston,TX,False,attack,Not fleeing,False
1337,2016-06-04,shot,unarmed,39,M,W,Fort Collins,CO,False,other,Not fleeing,False
1338,2016-06-04,shot,undetermined,34,M,W,Georgetown,VA,False,other,Not fleeing,False
1339,2016-06-05,shot,gun,60,M,H,San Francisco,CA,True,other,Other,False
1340,2016-06-05,shot,gun,68,M,W,Springfield,TN,False,other,Not fleeing,False
1341,2016-06-05,shot,vehicle,35,M,W,Madison,AL,False,other,Not fleeing,True
1342,2016-06-06,shot,gun,45,M,W,Lincoln,IN,True,attack,Not fleeing,False
1343,2016-06-06,Tasered,unarmed,46,M,H,Georgetown,NM,False,attack,Not fleeing,False
1344,2016-06-07,shot,gun,40,M,B,Tempe,AZ,False,attack,Not fleeing,False
1345,2016-06-07,shot,vehicle,38,M,W,Georgetown,MO,False,attack,Not fleeing,False
1346,2016-06-07,shot,vehicle,30,M,B,Oakland,CA,False,undetermined,Foot,False
1347,2016-06-08,shot,gun,23,M,B,Miami,FL,True,attack,Not fleeing,False
1348,2016-06-08,shot,knife,30,M,B,San Diego,CA,False,undetermined,Not fleeing,False
1349,2016-06-09,shot,gun,40,M,W,Tucson,AZ,False,attack,Not fleeing,False
1350,2016-06-09,shot and Tasered,gun,25,M,A,Lincoln,NM,False,attack,Not fleeing,False
1351,2016-06-09,shot,knife,44,M,W,Boulder,CO,False,attack,Foot,False
1352,2016-06-10,shot,knife,42,M,H,Georgetown,LA,False,attack,Not fleeing,True
1353,2016-06-10,shot and Tasered,other,34,M,W,Madison,NC,False,attack,Not fleeing,False
1354,2016-06-11,shot,gun,37,M,W,Madison,OH,False,attack,Other,True
1355,2016-06-11,shot,gun,26,M,W,Springfield,WI,False,other,Not fleeing,False
1356,2016-06-11,shot,undetermined,55,M,B,Phoenix,AZ,True,attack,Not fleeing,True
1357,2016-06-12,shot,gun,54,M,W,Springfield,PA,True,undetermined,Foot,False
1358,2016-06-12,shot,undetermined,28,F,H,Lincoln,NC,False,other,Not fleeing,True
1359,2016-06-12,shot and Tasered,gun,28,M,W,Los Angeles,CA,False,undetermined,Not fleeing,False
1360,2016-06-13,shot,vehicle,30,M,B,Georgetown,OH,False,attack,Foot,False
1361,2016-06-13,shot,undetermined,50,M,H,Springfield,AL,True,attack,Not fleeing,True
1362,2016-06-14,shot,unarmed,46,M,B,Sacramento,CA,False,other,Not fleeing,False
1363,2016-06-14,shot and Tasered,undetermined,59,F,H,Los Angeles,CA,False,other,Foot,False
1364,2016-06-14,shot,gun,61,M,B,Houston,TX,True,undetermined,Foot,False
1365,2016-06-15,shot,gun,25,M,W,Georgetown,MD,True,attack,Car,False
1366,2016-06-15,shot,gun,49,M,H,Georgetown,NV,False,attack,Not fleeing,False
1367,2016-06-16,shot,gun,60,M,W,Georgetown,LA,False,undetermined,Not fleeing,True
1368,2016-06-16,shot,gun,36,M,B,Springfield,OH,False,other,Car,False
1369,2016-06-16,shot,other,40,M,H,Georgetown,NM,False,other,Not fleeing,False
1370,2016-06-17,shot,knife,38,M,W,Madison,MD,True,attack,Not fleeing,False
1371,2016-06-17,shot,unarmed,39,M,W,Riverside,AL,False,attack,Car,False
1372,2016-06-18,shot,other,55,M,B,Riverside,AL,False,attack,Car,True
1373,2016-06-18,shot,gun,75,M,H,Georgetown,PA,False,undetermined,Not fleeing,True
1374,2016-06-18,shot,gun,66,M,O,Lincoln,OH,False,undetermined,Not fleeing,False
1375,2016-06-19,shot,gun,34,M,B,Georgetown,MS,False,attack,Not fleeing,False
1376,2016-06-19,shot,knife,45,M,B,Georgetown,KY,True,attack,Not fleeing,False
1377,2016-06-19,shot,gun,31,M,N,Los Angeles,CA,True,attack,Not fleeing,False
1378,2016-06-20,shot,vehicle,32,M,W,Sacramento,CA,False,other,Foot,False
1379,2016-06-20,shot,gun,40,M,W,Georgetown,WI,False,other,Car,False
1380,2016-06-21,shot and Tasered,gun,32,M,H,Tampa,FL,False,attack,Foot,True
1381,2016-06-21,shot,gun,33,M,H,Riverside,NM,False,other,Not fleeing,False
1382,2016-06-21,shot,gun,44,M,H,Madison,GA,False,other,Not fleeing,True
1383,2016-06-22,shot,undetermined,49,M,W,San Antonio,TX,True,attack,Not fleeing,False
1384,2016-06-22,shot,other,48,M,W,San Diego,CA,True,other,Not fleeing,False
1385,2016-06-23,shot,undetermined,48,M,W,Austin,TX,False,attack,Foot,False
1386,2016-06-23,shot,gun,27,M,W,Jacksonville,FL,False,other,Not fleeing,False
1387,2016-06-23,shot,knife,31,M,W,Lincoln,OH,False,other,Not fleeing,False
1388,2016-06-24,shot,gun,41,M,H,Riverside,OK,True,attack,Foot,False
1389,2016-06-24,shot,gun,59,M,W,Springfield,MN,False,undetermined,Not fleeing,False
1390,2016-06-25,shot,gun,85,M,H,Georgetown,NC,True,attack,Not fleeing,False
1391,2016-06-25,shot and Tasered,gun,45,M,W,Georgetown,WA,False,attack,Not fleeing,False
1392,2016-06-25,shot,gun,53,M,B,Springfield,WA,True,attack,Foot,False
1393,2016-06-26,shot,gun,26,M,W,Georgetown,NY,False,attack,Car,False
1394,2016-06-26,shot,other,52,M,W,Madison,WA,False,other,Not fleeing,False
1395,2016-06-26,shot,knife,81,M,W,San Francisco,CA,False,undetermined,Foot,True
1396,2016-06-27,shot and Tasered,gun,31,F,O,Oakland,CA,True,undetermined,Car,False
1397,2016-06-27,shot and Tasered,undetermined,34,M,H,San Francisco,CA,False,attack,Foot,True
1398,2016-06-28,shot,other,55,M,B,Los Angeles,CA,True,other,Other,False
1399,2016-06-28,shot,unarmed,41,M,W,Georgetown,NV,False,other,Not fleeing,True
1400,2016-06-28,shot,knife,22,M,O,Dallas,TX,True,attack,Not fleeing,True
1401,2016-06-29,shot,gun,34,M,W,Madison,OR,False,other,Not fleeing,False
1402,2016-06-29,shot,gun,67,M,W,Madison,KY,False,attack,Not fleeing,False
1403,2016-06-30,shot,gun,37,F,B,Springfield,MN,True,attack,Foot,True
1404,2016-06-30,shot,other,37,M,O,Lincoln,IN,False,attack,Not fleeing,False
1405,2016-06-30,shot,vehicle,54,M,W,Fort Lauderdale,FL,False,attack,Not fleeing,False
1406,2016-07-01,shot,gun,46,M,W,Madison,WA,False,attack,Not fleeing,False
1407,2016-07-01,shot,knife,36,M,O,San Antonio,TX,True,attack,Not fleeing,False
1408,2016-07-02,shot,knife,33,M,W,Springfield,SC,True,attack,Not fleeing,False
1409,2016-07-02,shot,unarmed,85,M,W,Madison,NM,False,attack,Not fleeing,False
1410,2016-07-02,shot,gun,63,M,B,Georgetown,AR,True,undetermined,Not fleeing,False
1411,2016-07-03,shot,knife,48,M,A,Springfield,NC,False,other,Not fleeing,False
1412,2016-07-03,shot,gun,49,M,B,Riverside,MD,False,undetermined,Not fleeing,False
1413,2016-07-04,shot,gun,39,M,O,Los Angeles,CA,False,other,Not fleeing,True
1414,2016-07-04,shot,vehicle,46,M,B,Oakland,CA,False,other,Car,False
1415,2016-07-04,shot,gun,38,M,W,Georgetown,MD,False,other,Foot,False
1416,2016-07-05,shot,vehicle,31,M,O,Riverside,NC,False,other,Not fleeing,False
1417,2016-07-05,shot,gun,46,M,W,Springfield,MI,False,other,Car,True
1418,2016-07-05,shot,other,37,M,W,Oakland,CA,False,attack,Not fleeing,False
1419,2016-07-06,shot and Tasered,unarmed,47,M,B,Georgetown,MS,False,other,Foot,False
1420,2016-07-06,shot,gun,50,M,W,Riverside,OH,False,attack,Other,False
1421,2016-07-07,shot,vehicle,48,M,W,Lincoln,AL,False,other,Not fleeing,False
1422,2016-07-07,shot,gun,30,M,W,Springfield,AL,True,other,Foot,False
1423,2016-07-07,shot,knife,35,M,W,Georgetown,KY,True,other,Not fleeing,False
1424,2016-07-08,shot,gun,37,M,H,Mesa,AZ,True,undetermined,Other,False
1425,2016-07-08,shot and Tasered,gun,57,M,B,Riverside,IN,True,attack,Not fleeing,False
1426,2016-07-09,shot,other,56,M,O,Austin,TX,False,other,Not fleeing,False
1427,2016-07-09,shot,gun,32,M,W,Sacramento,CA,False,undetermined,Car,False
1428,2016-07-09,shot,knife,27,M,W,Riverside,NC,False,undetermined,Not fleeing,True
1429,2016-07-10,shot,gun,85,M,W,Lincoln,AL,False,other,Not fleeing,False
1430,2016-07-10,shot,knife,48,M,W,Georgetown,OH,False,attack,Not fleeing,False
1431,2016-07-11,Tasered,gun,26,M,W,Lincoln,AL,False,attack,Car,False
1432,2016-07-11,shot,gun,34,M,H,Springfield,NV,True,attack,Foot,False
1433,2016-07-11,shot,gun,58,M,N,San Antonio,TX,True,undetermined,Foot,False
1434,2016-07-12,shot,gun,84,M,O,Georgetown,IN,True,other,Not fleeing,True
1435,2016-07-12,shot,other,78,M,W,San Francisco,CA,True,other,Car,False
1436,2016-07-12,shot,undetermined,47,M,A,Madison,OR,False,undetermined,Not fleeing,False
1437,2016-07-13,shot,undetermined,41,M,W,Tempe,AZ,False,attack,Car,False
1438,2016-07-13,shot,gun,29,M,W,Madison,WA,False,other,Not fleeing,True
1439,2016-07-14,shot,gun,42,M,A,Lincoln,NC,False,other,Not fleeing,True
1440,2016-07-14,shot,knife,30,M,B,Dallas,TX,False,attack,Car,False
1441,2016-07-14,shot,other,35,M,W,Colorado Springs,CO,False,attack,Not fleeing,True
1442,2016-07-15,shot,knife,55,M,W,Houston,TX,False,attack,Not fleeing,True
1443,2016-07-15,shot,gun,38,M,W,Austin,TX,False,other,Foot,False
1444,2016-07-16,shot,unarmed,37,M,H,Houston,TX,False,attack,Not fleeing,False
1445,2016-07-16,shot,gun,40,M,B,Springfield,OH,True,attack,Not fleeing,False
1446,2016-07-16,shot,undetermined,85,M,O,Lincoln,SC,False,undetermined,Not fleeing,True
1447,2016-07-17,shot,other,28,M,W,Georgetown,LA,True,other,Foot,False
1448,2016-07-17,shot and Tasered,other,45,M,W,Springfield,OR,True,other,Not fleeing,False
1449,2016-07-18,shot,gun,75,M,B,Madison,PA,False,attack,Foot,False
1450,2016-07-18,shot,gun,40,M,B,Georgetown,OK,False,attack,Not fleeing,False
1451,2016-07-18,shot,knife,63,M,W,Lincoln,TN,False,undetermined,Not fleeing,False
1452,2016-07-19,shot,gun,26,M,H,Riverside,NC,False,other,Not fleeing,False
1453,2016-07-19,shot,gun,38,M,A,Georgetown,OK,False,attack,Not fleeing,False
1454,2016-07-19,shot,knife,31,M,O,Los Angeles,CA,False,other,Not fleeing,True
1455,2016-07-20,shot,gun,40,M,H,Madison,MS,False,attack,Not fleeing,False
1456,2016-07-20,shot,gun,40,M,H,Lincoln,VA,False,undetermined,Not fleeing,False
1457,2016-07-21,shot,gun,42,M,B,Orlando,FL,True,attack,Not fleeing,False
1458,2016-07-21,shot,other,55,M,H,Madison,MD,False,attack,Foot,False
1459,2016-07-21,shot,unarmed,20,M,W,San Francisco,CA,False,undetermined,Not fleeing,True
1460,2016-07-22,shot,vehicle,33,M,W,Austin,TX,False,attack,Not fleeing,False
1461,2016-07-22,shot,gun,44,M,W,Oakland,CA,False,undetermined,Not fleeing,False
1462,2016-07-23,shot,knife,22,M,B,Springfield,VA,False,other,Not fleeing,False
1463,2016-07-23,shot,gun,51,M,W,Lincoln,MD,False,attack,Not fleeing,True
1464,2016-07-23,shot,knife,33,M,O,Madison,AL,False,attack,Car,False
1465,2016-07-24,shot,knife,38,M,W,Oakland,CA,False,other,Car,False
1466,2016-07-24,shot,unarmed,56,M,W,Riverside,WA,True,other,Not fleeing,False
1467,2016-07-25,shot,gun,64,M,B,Georgetown,NV,False,attack,Other,False
1468,2016-07-25,shot,gun,51,M,W,Fort Worth,TX,False,undetermined,Not fleeing,False
1469,2016-07-25,shot and Tasered,undetermined,28,M,W,Madison,TN,False,other,Foot,True
1470,2016-07-26,shot,undetermined,50,M,W,Los Angeles,CA,False,undetermined,Not fleeing,True
1471,2016-07-26,shot,gun,52,M,B,Fort Worth,TX,True,attack,Not fleeing,False
1472,2016-07-26,shot,gun,48,M,W,Georgetown,OH,False,attack,Car,False
1473,2016-07-27,shot,gun,68,M,H,Springfield,TN,False,undetermined,Not fleeing,False
1474,2016-07-27,shot,gun,42,M,H,Houston,TX,False,other,Not fleeing,True
1475,2016-07-28,shot,unarmed,67,M,W,Dallas,TX,False,other,Foot,False
1476,2016-07-28,shot,knife,67,F,W,Dallas,TX,True,other,Car,False
1477,2016-07-28,shot,gun,52,M,W,Miami,FL,False,attack,Foot,False
1478,2016-07-29,shot,knife,45,M,H,Jacksonville,FL,False,attack,Not fleeing,False
1479,2016-07-29,shot,gun,48,M,W,Springfield,GA,False,other,Not fleeing,True
1480,2016-07-30,shot,gun,74,M,W,Riverside,TN,True,other,Other,False
1481,2016-07-30,shot,gun,59,M,H,Madison,NC,False,undetermined,Not fleeing,False
1482,2016-07-30,shot,gun,29,M,B,Madison,VA,False,attack,Not fleeing,True
1483,2016-07-31,shot,unarmed,47,M,W,Georgetown,NV,False,attack,Not fleeing,True
1484,2016-07-31,shot and Tasered,gun,31,M,W,San Antonio,TX,False,other,Car,False
1485,2016-08-01,shot,knife,33,F,O,San Francisco,CA,False,other,Not fleeing,False
1486,2016-08-01,shot,gun,36,M,H,Madison,NM,False,attack,Not fleeing,False
1487,2016-08-01,shot,other,26,M,H,Sacramento,CA,False,attack,Not fleeing,False
1488,2016-08-02,shot,undetermined,30,M,B,Houston,TX,False,attack,Not fleeing,True
1489,2016-08-02,Tasered,unarmed,69,M,B,Los Angeles,CA,False,attack,Not fleeing,False
1490,2016-08-02,shot and Tasered,gun,33,M,O,Riverside,PA,False,other,Not fleeing,False
1491,2016-08-03,shot,gun,55,F,O,Georgetown,LA,False,other,Car,False
1492,2016-08-03,shot,knife,43,M,W,Springfield,MN,False,undetermined,Not fleeing,False
1493,2016-08-04,shot,gun,50,F,H,Madison,NM,True,attack,Not fleeing,False
1494,2016-08-04,shot,gun,50,M,W,Lincoln,GA,False,other,Not fleeing,True
1495,2016-08-04,shot,gun,30,M,W,Boulder,CO,False,undetermined,Foot,True
1496,2016-08-05,shot,gun,55,M,B,Tempe,AZ,False,undetermined,Not fleeing,False
1497,2016-08-05,shot,knife,27,M,W,Fort Worth,TX,False,attack,Not fleeing,False
1498,2016-08-06,shot,knife,32,M,O,Houston,TX,False,attack,Not fleeing,False
1499,2016-08-06,shot,vehicle,50,M,W,Fort Worth,TX,False,undetermined,Not fleeing,False
1500,2016-08-06,Tasered,gun,29,M,B,San Francisco,CA,True,other,Car,False
1501,2016-08-07,shot,gun,22,M,N,Tampa,FL,True,other,Foot,False
1502,2016-08-07,shot,gun,46,M,N,Scottsdale,AZ,True,undetermined,Not fleeing,False
1503,2016-08-08,shot,other,24,M,W,Madison,WI,False,attack,Car,False
1504,2016-08-08,shot,gun,52,M,W,Riverside,LA,False,attack,Foot,False
1505,2016-08-08,shot,gun,37,M,B,Riverside,MN,True,attack,Foot,False
1506,2016-08-09,shot,gun,46,M,W,Aurora,CO,False,undetermined,Not fleeing,False
1507,2016-08-09,shot,gun,46,M,O,Springfield,OH,False,other,Not fleeing,False
1508,2016-08-10,shot,gun,53,M,N,Tucson,AZ,True,attack,Car,False
1509,2016-08-10,shot,knife,51,M,W,Fort Worth,TX,False,other,Car,False
1510,2016-08-10,shot and Tasered,gun,29,M,W,Austin,TX,False,attack,Car,False
1511,2016-08-11,shot,gun,38,M,W,Lincoln,IN,False,attack,Foot,False
1512,2016-08-11,shot,gun,46,M,N,Riverside,MN,False,attack,Car,False
1513,2016-08-11,shot,gun,67,M,W,Oakland,CA,True,other,Not fleeing,False
1514,2016-08-12,shot,gun,51,M,W,San Antonio,TX,False,other,Not fleeing,False
1515,2016-08-12,shot,gun,65,M,W,Lincoln,NC,False,other,Not fleeing,False
1516,2016-08-13,shot,unarmed,47,M,B,Fort Worth,TX,True,attack,Not fleeing,True
1517,2016-08-13,shot,gun,60,M,W,Boulder,CO,False,undetermined,Car,False
1518,2016-08-13,shot,gun,45,M,W,Houston,TX,False,other,Not fleeing,False
1519,2016-08-14,shot,gun,59,M,O,Riverside,OH,True,attack,Not fleeing,False
1520,2016-08-14,shot,knife,36,M,N,Fort Lauderdale,FL,False,attack,Not fleeing,True
1521,2016-08-15,shot,vehicle,70,M,H,Aurora,CO,True,undetermined,Foot,False
1522,2016-08-15,shot,knife,49,M,W,Sacramento,CA,False,attack,Not fleeing,False
1523,2016-08-15,shot,vehicle,26,F,W,Springfield,NC,True,undetermined,Not fleeing,False
1524,2016-08-16,shot,gun,46,M,B,Madison,MN,False,attack,Foot,False
1525,2016-08-16,shot,undetermined,51,M,W,Scottsdale,AZ,False,undetermined,Not fleeing,False
1526,2016-08-17,shot,gun,56,M,N,Riverside,NM,False,attack,Not fleeing,False
1527,2016-08-17,shot and Tasered,gun,80,M,B,Madison,AR,False,undetermined,Car,False
1528,2016-08-17,shot,knife,34,M,W,Lincoln,WI,False,undetermined,Not fleeing,True
1529,2016-08-18,shot and Tasered,knife,80,M,N,Springfield,VA,True,other,Car,False
1530,2016-08-18,shot,gun,41,M,O,Lincoln,TN,False,other,Not fleeing,False
1531,2016-08-18,shot,other,32,M,W,Georgetown,MS,False,attack,Not fleeing,True
1532,2016-08-19,shot,gun,35,M,B,Los Angeles,CA,True,other,Not fleeing,False
1533,2016-08-19,shot,gun,50,M,W,Madison,OH,False,other,Not fleeing,False
1534,2016-08-20,shot,gun,30,F,W,Riverside,MN,True,attack,Car,True
1535,2016-08-20,shot,gun,36,M,W,Springfield,MD,False,other,Foot,False
1536,2016-08-20,shot,other,46,F,B,Springfield,WI,False,undetermined,Foot,False
1537,2016-08-21,shot,knife,70,M,O,Springfield,VA,False,attack,Car,False
1538,2016-08-21,shot,gun,55,M,B,Lincoln,NM,False,attack,Not fleeing,False
1539,2016-08-22,shot,knife,41,M,W,Georgetown,NV,False,attack,Car,False
1540,2016-08-22,shot,unarmed,50,M,B,Riverside,MD,True,undetermined,Not fleeing,False
1541,2016-08-22,shot,knife,44,M,W,Riverside,WA,False,undetermined,Foot,False
1542,2016-08-23,shot and Tasered,gun,28,M,H,Georgetown,KY,True,other,Car,False
1543,2016-08-23,shot,knife,75,M,W,Lincoln,AL,False,other,Not fleeing,False
1544,2016-08-24,shot,gun,70,F,W,Lincoln,AR,False,undetermined,Not fleeing,True
1545,2016-08-24,shot and Tasered,other,40,M,W,Georgetown,TN,False,attack,Not fleeing,False
1546,2016-08-24,shot,vehicle,35,F,H,Tempe,AZ,True,other,Not fleeing,False
1547,2016-08-25,Tasered,gun,28,M,W,San Diego,CA,False,attack,Not fleeing,False
1548,2016-08-25,shot,gun,51,M,H,Lincoln,IN,False,undetermined,Foot,False
1549,2016-08-25,shot,gun,51,M,W,Springfield,MO,False,attack,Not fleeing,False
1550,2016-08-26,shot,knife,31,M,W,Tucson,AZ,False,other,Not fleeing,False
1551,2016-08-26,shot,gun,45,M,B,Austin,TX,False,attack,Not fleeing,False
1552,2016-08-27,shot,knife,54,M,O,Georgetown,AL,False,undetermined,Car,False
1553,2016-08-27,shot,unarmed,34,M,O,Springfield,AR,True,undetermined,Car,False
1554,2016-08-27,shot,gun,38,M,W,Madison,AL,False,attack,Not fleeing,False
1555,2016-08-28,shot,knife,38,M,W,Madison,TN,False,other,Not fleeing,False
1556,2016-08-28,shot,gun,32,M,W,Denver,CO,True,attack,Not fleeing,False
1557,2016-08-29,shot,gun,38,M,B,Phoenix,AZ,False,attack,Other,True
1558,2016-08-29,shot,gun,25,M,B,Oakland,CA,True,attack,Not fleeing,False
1559,2016-08-29,shot,knife,37,M,N,Georgetown,AR,False,undetermined,Foot,False
1560,2016-08-30,shot,other,38,M,O,San Francisco,CA,False,attack,Foot,False
1561,2016-08-30,shot,vehicle,40,M,W,Riverside,PA,False,attack,Not fleeing,False
1562,2016-08-31,shot,gun,48,M,B,Madison,WA,False,other,Car,False
1563,2016-08-31,shot,gun,27,M,A,Springfield,NY,False,undetermined,Not fleeing,False
1564,2016-08-31,shot,knife,29,M,H,Madison,KY,False,attack,Other,False
1565,2016-09-01,shot,gun,31,M,W,Oakland,CA,False,attack,Car,False
1566,2016-09-01,shot,vehicle,26,M,W,Lincoln,VA,False,other,Not fleeing,False
1567,2016-09-01,shot,gun,50,M,W,Oakland,CA,True,attack,Car,False
1568,2016-09-02,shot,gun,34,M,W,Sacramento,CA,False,attack,Not fleeing,False
1569,2016-09-02,shot,gun,40,M,W,Springfield,NC,False,attack,Not fleeing,False
1570,2016-09-03,shot,vehicle,31,M,W,Los Angeles,CA,False,attack,Car,False
1571,2016-09-03,shot,gun,36,M,B,Springfield,VA,True,attack,Not fleeing,True
1572,2016-09-03,shot,gun,45,M,W,Riverside,NY,True,other,Not fleeing,False
1573,2016-09-04,shot,gun,46,M,W,San Francisco,CA,True,attack,Car,False
1574,2016-09-04,shot,gun,29,M,W,Sacramento,CA,False,undetermined,Other,False
1575,2016-09-05,shot,other,40,M,H,Madison,MO,False,undetermined,Foot,True
1576,2016-09-05,shot,gun,31,M,H,Madison,SC,False,attack,Foot,False
1577,2016-09-05,shot,gun,39,M,B,Lincoln,NC,False,attack,Not fleeing,False
1578,2016-09-06,shot,gun,33,M,W,Riverside,LA,False,attack,Foot,False
1579,2016-09-06,shot,gun,77,M,O,Georgetown,SC,False,attack,Not fleeing,False
1580,2016-09-07,shot,gun,54,M,W,Lincoln,MO,False,attack,Not fleeing,False
1581,2016-09-07,shot,gun,47,M,W,Tampa,FL,False,attack,Not fleeing,False
1582,2016-09-07,shot,undetermined,37,M,W,Lincoln,MO,False,attack,Other,False
1583,2016-09-08,shot,gun,55,M,W,Lincoln,PA,False,attack,Not fleeing,False
1584,2016-09-08,shot,vehicle,40,M,W,Springfield,IL,True,other,Car,False
1585,2016-09-08,shot,other,74,M,N,Riverside,PA,False,attack,Not fleeing,False
1586,2016-09-09,shot,other,57,M,B,Springfield,WI,True,attack,Not fleeing,False
1587,2016-09-09,shot,gun,36,M,W,Dallas,TX,True,attack,Other,False
1588,2016-09-10,shot,other,70,M,O,Lincoln,WI,True,attack,Car,True
1589,2016-09-10,shot,knife,37,M,W,Riverside,NY,False,other,Foot,False
1590,2016-09-10,shot,gun,79,M,W,Madison,TN,False,attack,Not fleeing,False
1591,2016-09-11,shot and Tasered,undetermined,72,M,B,Los Angeles,CA,False,attack,Not fleeing,False
1592,2016-09-11,shot,gun,45,M,B,Lincoln,GA,True,undetermined,Not fleeing,False
1593,2016-09-12,shot,gun,25,M,W,Madison,MD,False,other,Not fleeing,False
1594,2016-09-12,shot,vehicle,44,F,W,Riverside,NV,True,other,Not fleeing,True
1595,2016-09-12,shot,knife,28,M,B,San Francisco,CA,False,attack,Not fleeing,True
1596,2016-09-13,shot,undetermined,33,M,H,Madison,NY,True,other,Not fleeing,True
1597,2016-09-13,shot,unarmed,34,M,B,San Francisco,CA,False,undetermined,Foot,False
1598,2016-09-14,shot,gun,28,M,W,Springfield,MI,False,attack,Foot,False
1599,2016-09-14,Tasered,gun,44,M,W,Georgetown,OR,False,undetermined,Not fleeing,False
1600,2016-09-14,shot,vehicle,32,M,W,San Francisco,CA,False,attack,Car,False
1601,2016-09-15,shot,gun,38,M,W,Lincoln,MS,False,attack,Not fleeing,False
1602,2016-09-15,shot,gun,34,M,O,Riverside,KY,False,other,Not fleeing,True
1603,2016-09-16,shot,gun,48,M,B,Fort Collins,CO,False,attack,Foot,False
1604,2016-09-16,shot,gun,47,M,W,Riverside,NV,False,attack,Not fleeing,False
1605,2016-09-16,shot,knife,37,M,H,Riverside,NC,False,other,Car,False
1606,2016-09-17,shot,gun,49,M,B,Lincoln,TN,False,other,Not fleeing,False
1607,2016-09-17,shot,gun,63,M,W,Denver,CO,True,attack,Foot,True
1608,2016-09-17,shot,gun,21,M,H,Tempe,AZ,False,attack,Car,False
1609,2016-09-18,shot,gun,33,M,A,Georgetown,NC,True,attack,Foot,False
1610,2016-09-18,shot,gun,30,M,B,Houston,TX,False,undetermined,Not fleeing,False
1611,2016-09-19,shot,undetermined,32,M,W,Riverside,AL,False,other,Not fleeing,False
1612,2016-09-19,shot,knife,20,M,B,Boulder,CO,True,undetermined,Not fleeing,True
1613,2016-09-19,shot and Tasered,gun,21,M,H,Springfield,GA,False,undetermined,Foot,False
1614,2016-09-20,shot,undetermined,18,M,W,Springfield,OR,False,attack,Not fleeing,False
1615,2016-09-20,shot,gun,34,M,W,Georgetown,WA,False,undetermined,Not fleeing,False
1616,2016-09-21,shot,knife,34,M,A,Lincoln,NY,True,other,Not fleeing,False
1617,2016-09-21,shot,gun,66,M,W,Madison,WI,False,other,Not fleeing,False
1618,2016-09-21,shot,vehicle,43,M,H,Lincoln,NM,True,attack,Foot,True
1619,2016-09-22,shot,gun,21,M,B,Dallas,TX,False,other,Not fleeing,False
1620,2016-09-22,shot,gun,49,M,W,Lincoln,OH,False,other,Car,False
1621,2016-09-23,shot,knife,85,M,W,Madison,MN,False,other,Not fleeing,False
1622,2016-09-23,shot,vehicle,21,M,H,Aurora,CO,False,attack,Not fleeing,False
1623,2016-09-23,shot,gun,74,M,W,Denver,CO,False,other,Not fleeing,True
1624,2016-09-24,shot,knife,40,M,B,Dallas,TX,True,attack,Not fleeing,False
1625,2016-09-24,shot,gun,35,M,B,Los Angeles,CA,False,other,Not fleeing,False
1626,2016-09-24,shot,vehicle,34,M,H,Lincoln,IL,False,other,Not fleeing,False
1627,2016-09-25,shot,knife,46,M,O,Lincoln,MD,False,other,Not fleeing,False
1628,2016-09-25,shot,gun,35,M,B,Georgetown,WI,True,attack,Foot,False
1629,2016-09-26,shot,undetermined,28,M,W,Springfield,VA,False,other,Not fleeing,False
1630,2016-09-26,shot,unarmed,34,M,O,Miami,FL,True,attack,Foot,False
1631,2016-09-26,shot and Tasered,other,46,M,B,Los Angeles,CA,False,attack,Not fleeing,False
1632,2016-09-27,shot,gun,52,M,W,Springfield,MN,False,attack,Foot,False
1633,2016-09-27,shot,knife,77,F,W,Aurora,CO,False,other,Car,False
1634,2016-09-28,shot,unarmed,42,M,H,Tempe,AZ,False,attack,Not fleeing,False
1635,2016-09-28,shot,gun,64,M,W,Riverside,OR,False,attack,Not fleeing,False
1636,2016-09-28,shot,undetermined,38,M,B,Riverside,MO,False,other,Not fleeing,False
1637,2016-09-29,shot,gun,40,M,B,Dallas,TX,False,other,Car,True
1638,2016-09-29,shot,gun,39,M,W,Madison,NM,False,attack,Not fleeing,True
1639,2016-09-30,shot,gun,44,M,B,Georgetown,MI,False,attack,Not fleeing,False
1640,2016-09-30,shot,knife,55,M,W,Oakland,CA,True,attack,Not fleeing,False
1641,2016-09-30,Tasered,gun,35,M,W,Madison,MS,False,undetermined,Not fleeing,False
1642,2016-10-01,shot,gun,30,M,B,Springfield,GA,False,other,Not fleeing,True
1643,2016-10-01,shot,knife,57,M,W,Lincoln,WA,False,undetermined,Not fleeing,False
1644,2016-10-01,shot,gun,55,M,H,Springfield,KY,False,other,Other,True
1645,2016-10-02,shot,unarmed,68,M,H,Riverside,MN,False,undetermined,Foot,False
1646,2016-10-02,shot,gun,33,M,H,Miami,FL,False,attack,Not fleeing,False
1647,2016-10-03,shot and Tasered,gun,38,M,W,San Antonio,TX,True,other,Not fleeing,True
1648,2016-10-03,shot,gun,58,M,W,San Francisco,CA,False,other,Not fleeing,False
1649,2016-10-03,shot,gun,35,M,B,Lincoln,LA,True,attack,Not fleeing,False
1650,2016-10-04,shot,gun,51,M,O,San Francisco,CA,False,attack,Not fleeing,False
1651,2016-10-04,shot,gun,38,M,H,Springfield,GA,False,attack,Not fleeing,False
1652,2016-10-05,shot,gun,46,M,H,Oakland,CA,False,other,Not fleeing,False
1653,2016-10-05,shot,unarmed,28,M,W,Georgetown,GA,True,attack,Foot,False
1654,2016-10-05,shot,gun,42,F,W,Oakland,CA,False,other,Not fleeing,False
1655,2016-10-06,shot,gun,18,M,B,Riverside,AR,True,other,Not fleeing,False
1656,2016-10-06,shot,gun,62,M,W,Fort Worth,TX,True,other,Car,False
1657,2016-10-07,shot,gun,54,M,W,Mesa,AZ,False,undetermined,Other,False
1658,2016-10-07,shot,gun,30,M,O,Lincoln,MS,False,other,Not fleeing,False
1659,2016-10-07,shot and Tasered,gun,75,M,W,Georgetown,IL,True,attack,Car,True
1660,2016-10-08,shot,gun,61,M,W,Tampa,FL,False,attack,Foot,False
1661,2016-10-08,shot,undetermined,28,M,W,San Diego,CA,False,attack,Foot,False
1662,2016-10-08,shot,undetermined,34,M,O,Riverside,NV,False,attack,Car,False
1663,2016-10-09,shot,knife,29,M,B,Riverside,GA,False,attack,Foot,False
1664,2016-10-09,shot,gun,46,M,B,Lincoln,MD,False,attack,Not fleeing,False
1665,2016-10-10,shot,unarmed,34,M,N,Lincoln,NC,False,other,Not fleeing,False
1666,2016-10-10,shot,vehicle,22,M,W,Denver,CO,False,other,Not fleeing,True
1667,2016-10-10,shot,vehicle,40,F,B,Lincoln,NC,False,attack,Not fleeing,False
1668,2016-10-11,shot,gun,56,M,W,Riverside,IL,False,attack,Not fleeing,False
1669,2016-10-11,shot,vehicle,42,M,W,Madison,OR,False,attack,Foot,False
1670,2016-10-12,shot,unarmed,49,M,H,Los Angeles,CA,False,other,Foot,False
1671,2016-10-12,shot,knife,44,M,H,Lincoln,WA,False,attack,Not fleeing,False
1672,2016-10-12,shot,vehicle,53,M,W,San Diego,CA,False,other,Other,False
1673,2016-10-13,shot,vehicle,45,M,W,Riverside,OH,False,undetermined,Not fleeing,False
1674,2016-10-13,shot,gun,39,M,B,Georgetown,NM,False,other,Not fleeing,False
1675,2016-10-14,shot and Tasered,unarmed,42,M,W,Denver,CO,False,other,Car,True
1676,2016-10-14,shot,vehicle,69,M,W,Madison,IN,False,attack,Not fleeing,False
1677,2016-10-14,shot,undetermined,50,M,W,Riverside,PA,False,other,Not fleeing,False
1678,2016-10-15,shot,undetermined,30,M,W,Riverside,IN,False,other,Other,False
1679,2016-10-15,shot and Tasered,gun,42,M,H,Springfield,MD,False,other,Not fleeing,False
1680,2016-10-16,shot,gun,46,M,W,Los Angeles,CA,False,other,Car,True
1681,2016-10-16,shot,gun,39,M,W,Jacksonville,FL,True,other,Other,False
1682,2016-10-16,shot,other,22,M,B,Lincoln,GA,True,other,Foot,True
1683,2016-10-17,shot,gun,30,M,A,Houston,TX,False,attack,Not fleeing,False
1684,2016-10-17,shot,gun,35,M,W,Springfield,OH,False,attack,Not fleeing,False
1685,2016-10-17,shot,gun,78,M,W,Madison,OH,False,attack,Not fleeing,False
1686,2016-10-18,shot,gun,48,M,W,Lincoln,WI,False,attack,Not fleeing,False
1687,2016-10-18,shot,knife,25,M,H,Riverside,NC,False,attack,Other,False
1688,2016-10-19,shot,vehicle,40,M,B,Lincoln,VA,False,other,Foot,False
1689,2016-10-19,shot,gun,65,F,H,Lincoln,IN,False,undetermined,Not fleeing,False
1690,2016-10-19,shot,vehicle,33,M,O,Springfield,NM,False,undetermined,Other,True
1691,2016-10-20,shot,knife,59,M,H,Houston,TX,False,other,Not fleeing,False
1692,2016-10-20,shot,gun,25,M,B,Lincoln,WA,False,attack,Car,False
1693,2016-10-21,shot,gun,18,M,B,Boulder,CO,False,undetermined,Not fleeing,False
1694,2016-10-21,shot,undetermined,62,M,W,Georgetown,GA,False,other,Not fleeing,False
1695,2016-10-21,shot,gun,35,M,O,Fort Collins,CO,False,attack,Not fleeing,False
1696,2016-10-22,shot,gun,22,M,W,Georgetown,AL,True,other,Car,True
1697,2016-10-22,shot,knife,36,M,W,Lincoln,NC,True,attack,Not fleeing,False
1698,2016-10-23,shot,undetermined,44,M,B,Springfield,WA,True,undetermined,Foot,False
1699,2016-10-23,shot,gun,48,M,W,Springfield,MN,False,attack,Foot,False
1700,2016-10-23,shot,knife,19,M,B,Los Angeles,CA,False,other,Not fleeing,False
1701,2016-10-24,shot,gun,33,M,B,Riverside,OH,False,other,Car,False
1702,2016-10-24,shot,gun,42,M,W,Springfield,VA,False,attack,Not fleeing,False
1703,2016-10-24,shot,gun,48,M,H,Houston,TX,True,other,Not fleeing,False
1704,2016-10-25,Tasered,gun,29,M,W,Lincoln,MO,False,other,Foot,True
1705,2016-10-25,shot,gun,38,M,W,Fort Lauderdale,FL,False,attack,Not fleeing,False
1706,2016-10-26,shot,gun,33,M,B,Georgetown,MS,False,other,Foot,False
1707,2016-10-26,shot and Tasered,gun,44,M,B,Phoenix,AZ,False,attack,Not fleeing,False
1708,2016-10-26,shot,unarmed,61,M,H,Phoenix,AZ,False,other,Not fleeing,False
1709,2016-10-27,shot,other,36,M,W,Springfield,MO,False,other,Other,False
1710,2016-10-27,shot,gun,26,M,B,Austin,TX,False,other,Not fleeing,False
1711,2016-10-28,shot,gun,32,M,W,Jacksonville,FL,True,attack,Car,False
1712,2016-10-28,shot,gun,74,M,O,Lincoln,NC,False,attack,Not fleeing,False
1713,2016-10-28,shot,knife,30,M,W,Boulder,CO,False,other,Not fleeing,False
1714,2016-10-29,shot,knife,27,M,H,Riverside,NY,False,attack,Not fleeing,False
1715,2016-10-29,shot,gun,36,M,W,Georgetown,MO,False,attack,Not fleeing,True
1716,2016-10-30,shot,gun,40,M,W,Lincoln,LA,False,other,Car,False
1717,2016-10-30,shot,knife,34,M,B,Madison,TN,False,other,Not fleeing,False
1718,2016-10-30,shot,gun,25,M,A,Tucson,AZ,False,attack,Not fleeing,False
1719,2016-10-31,shot and Tasered,knife,46,M,B,Houston,TX,False,other,Car,False
1720,2016-10-31,shot,other,44,M,O,Georgetown,MD,False,attack,Foot,True
1721,2016-10-31,shot,vehicle,52,M,B,Riverside,AR,False,other,Car,False
1722,2016-11-01,shot,gun,44,M,B,Tampa,FL,False,attack,Not fleeing,True
1723,2016-11-01,shot,vehicle,72,F,W,Riverside,GA,False,other,Car,False
1724,2016-11-02,shot,gun,54,M,H,Georgetown,WA,False,other,Not fleeing,False
1725,2016-11-02,shot,vehicle,50,M,W,Lincoln,NY,False,attack,Not fleeing,False
1726,2016-11-02,shot,undetermined,62,M,A,Springfield,TN,True,other,Car,False
1727,2016-11-03,shot,gun,43,M,N,Sacramento,CA,False,attack,Car,True
1728,2016-11-03,shot,gun,38,M,O,Lincoln,NV,False,other,Foot,False
1729,2016-11-04,shot,gun,46,M,B,Oakland,CA,False,undetermined,Other,False
1730,2016-11-04,shot,gun,22,M,B,Lincoln,OH,False,attack,Car,False
1731,2016-11-04,shot,knife,43,M,H,Lincoln,AL,False,other,Not fleeing,False
1732,2016-11-05,shot,vehicle,40,M,W,Georgetown,NC,False,attack,Not fleeing,False
1733,2016-11-05,shot,gun,47,M,B,Fort Worth,TX,True,attack,Not fleeing,False
1734,2016-11-06,shot,gun,59,M,W,Madison,MN,False,other,Not fleeing,False
1735,2016-11-06,shot,knife,50,M,B,Lincoln,NM,False,attack,Not fleeing,False
1736,2016-11-06,shot,gun,32,M,W,Riverside,MD,False,attack,Other,False
1737,2016-11-07,Tasered,knife,55,M,W,Springfield,GA,False,other,Car,False
1738,2016-11-07,shot,gun,72,M,W,Houston,TX,False,attack,Not fleeing,False
1739,2016-11-07,shot,knife,59,M,W,Georgetown,IN,True,other,Not fleeing,True
1740,2016-11-08,shot,knife,27,M,B,Georgetown,NY,False,other,Not fleeing,False
1741,2016-11-08,Tasered,knife,50,M,W,Madison,MS,False,undetermined,Not fleeing,False
1742,2016-11-09,shot,gun,28,M,B,Fort Collins,CO,False,other,Car,False
1743,2016-11-09,shot,vehicle,37,M,W,Tempe,AZ,True,attack,Not fleeing,True
1744,2016-11-09,shot,knife,47,M,B,Georgetown,MN,False,other,Foot,False
1745,2016-11-10,shot,knife,45,M,B,Springfield,WA,True,attack,Not fleeing,False
1746,2016-11-10,shot,gun,59,M,B,Austin,TX,False,attack,Not fleeing,False
1747,2016-11-11,shot,gun,72,M,H,Tampa,FL,False,other,Not fleeing,False
1748,2016-11-11,shot,unarmed,48,M,W,Georgetown,OH,False,attack,Foot,True
1749,2016-11-11,shot,gun,36,F,H,Oakland,CA,False,other,Not fleeing,True
1750,2016-11-12,shot,gun,22,M,W,Georgetown,OH,False,other,Not fleeing,False
1751,2016-11-12,shot,gun,65,M,B,Springfield,NC,False,undetermined,Not fleeing,True
1752,2016-11-13,shot,knife,40,M,B,Georgetown,VA,False,undetermined,Not fleeing,False
1753,2016-11-13,shot,gun,40,M,W,Boulder,CO,False,attack,Other,False
1754,2016-11-13,shot,gun,41,M,B,Springfield,MN,False,attack,Car,False
1755,2016-11-14,shot,gun,48,M,B,Fort Worth,TX,True,attack,Not fleeing,False
1756,2016-11-14,shot,gun,48,M,W,Lincoln,MO,False,other,Car,False
1757,2016-11-14,shot,undetermined,37,M,W,Sacramento,CA,False,attack,Not fleeing,False
1758,2016-11-15,shot,gun,39,M,W,Springfield,IL,True,undetermined,Not fleeing,False
1759,2016-11-15,shot,vehicle,33,M,O,Lincoln,MI,False,attack,Not fleeing,False
1760,2016-11-16,shot,gun,32,M,B,Madison,AL,False,attack,Foot,False
1761,2016-11-16,shot,unarmed,32,M,W,Georgetown,LA,False,undetermined,Other,False
1762,2016-11-16,shot,gun,39,M,W,Madison,OH,False,undetermined,Foot,False
1763,2016-11-17,shot and Tasered,gun,30,M,B,Lincoln,AR,False,attack,Not fleeing,False
1764,2016-11-17,shot and Tasered,knife,18,M,H,Springfield,IN,True,attack,Foot,True
1765,2016-11-18,shot,gun,36,M,W,Springfield,MN,True,other,Not fleeing,False
1766,2016-11-18,Tasered,gun,27,M,W,Madison,GA,True,attack,Foot,True
1767,2016-11-18,shot,gun,42,M,A,Lincoln,MI,True,attack,Not fleeing,False
1768,2016-11-19,shot and Tasered,gun,33,M,W,Fort Worth,TX,False,other,Not fleeing,False
1769,2016-11-19,shot,vehicle,48,M,W,Jacksonville,FL,False,other,Foot,True
1770,2016-11-20,shot,undetermined,28,M,O,Sacramento,CA,False,attack,Not fleeing,True
1771,2016-11-20,shot,gun,23,M,B,Miami,FL,True,attack,Not fleeing,False
1772,2016-11-20,shot,gun,39,M,W,Riverside,MD,True,attack,Not fleeing,False
1773,2016-11-21,shot and Tasered,gun,35,M,W,Georgetown,MS,False,other,Car,False
1774,2016-11-21,shot,gun,26,M,W,Georgetown,VA,False,other,Car,False
1775,2016-11-22,shot,gun,54,M,W,Springfield,PA,True,other,Car,False
1776,2016-11-22,shot,vehicle,29,M,A,Lincoln,WA,False,undetermined,Not fleeing,False
1777,2016-11-22,shot,gun,32,M,W,Springfield,NV,False,other,Foot,True
1778,2016-11-23,shot,vehicle,57,M,H,Lincoln,GA,True,attack,Not fleeing,False
1779,2016-11-23,shot,gun,49,M,N,Riverside,AR,False,other,Not fleeing,True
1780,2016-11-23,shot,vehicle,28,M,W,Riverside,OK,False,other,Not fleeing,True
1781,2016-11-24,shot,knife,36,M,W,Madison,OK,False,other,Foot,False
1782,2016-11-24,shot,gun,27,M,B,Lincoln,NY,False,other,Not fleeing,False
1783,2016-11-25,shot,knife,56,M,N,Springfield,NM,False,attack,Foot,False
1784,2016-11-25,shot,gun,56,M,H,Miami,FL,False,attack,Foot,False
1785,2016-11-25,shot,gun,77,M,W,Springfield,GA,False,other,Not fleeing,False
1786,2016-11-26,shot,gun,85,M,H,Madison,VA,False,attack,Foot,True
1787,2016-11-26,shot,gun,33,M,B,Georgetown,OH,True,attack,Not fleeing,False
1788,2016-11-27,shot,gun,52,M,N,Springfield,NM,False,attack,Not fleeing,False
1789,2016-11-27,shot,gun,22,M,W,Colorado Springs,CO,False,undetermined,Car,False
1790,2016-11-27,shot,gun,44,M,B,Denver,CO,False,attack,Car,False
1791,2016-11-28,shot,gun,47,M,A,Springfield,NM,False,other,Not fleeing,False
1792,2016-11-28,shot,other,30,M,W,Springfield,OH,False,undetermined,Not fleeing,False
1793,2016-11-29,shot,vehicle,32,M,B,Georgetown,WA,False,undetermined,Not fleeing,False
1794,2016-11-29,shot,gun,56,M,W,Phoenix,AZ,False,other,Not fleeing,False
1795,2016-11-29,shot,knife,48,M,W,Fort Lauderdale,FL,False,other,Not fleeing,False
1796,2016-11-30,shot,knife,73,M,W,Georgetown,TN,False,attack,Not fleeing,False
1797,2016-11-30,shot,gun,69,M,O,San Antonio,TX,False,undetermined,Not fleeing,False
1798,2016-11-30,shot,gun,24,M,W,Riverside,NM,False,attack,Car,False
1799,2016-12-01,shot,undetermined,34,M,B,Springfield,VA,False,attack,Not fleeing,False
1800,2016-12-01,shot,vehicle,29,M,B,Houston,TX,False,attack,Not fleeing,True
1801,2016-12-02,shot,vehicle,53,M,W,Springfield,OK,False,attack,Not fleeing,False
1802,2016-12-02,shot,gun,45,M,B,Georgetown,MO,False,other,Not fleeing,False
1803,2016-12-02,shot,knife,29,M,H,Austin,TX,False,attack,Foot,False
1804,2016-12-03,shot,gun,31,M,A,Orlando,FL,True,attack,Car,False
1805,2016-12-03,shot,vehicle,63,M,B,Springfield,GA,False,attack,Not fleeing,False
1806,2016-12-04,shot,vehicle,35,M,B,Lincoln,OK,False,other,Foot,False
1807,2016-12-04,shot,gun,22,M,W,Lincoln,PA,True,other,Not fleeing,False
1808,2016-12-04,shot,knife,28,M,O,Lincoln,NY,True,attack,Not fleeing,False
1809,2016-12-05,shot,knife,79,M,W,Riverside,MD,True,attack,Not fleeing,False
1810,2016-12-05,shot,gun,58,M,H,Lincoln,MD,True,attack,Not fleeing,False
1811,2016-12-06,shot,gun,27,M,W,Springfield,PA,True,attack,Foot,False
1812,2016-12-06,shot and Tasered,undetermined,44,M,O,Springfield,VA,False,undetermined,Not fleeing,False
1813,2016-12-06,shot,other,57,M,H,Mesa,AZ,True,attack,Not fleeing,False
1814,2016-12-07,shot,vehicle,24,M,H,Georgetown,NM,False,other,Not fleeing,False
1815,2016-12-07,shot,gun,59,M,W,Lincoln,PA,True,attack,Foot,False
1816,2016-12-07,shot,gun,48,M,W,Georgetown,AL,False,attack,Other,False
1817,2016-12-08,shot,gun,32,M,B,Georgetown,NY,False,other,Foot,False
1818,2016-12-08,shot,knife,50,M,H,Fort Lauderdale,FL,False,attack,Not fleeing,False
1819,2016-12-09,shot,vehicle,45,M,W,Georgetown,NY,False,other,Car,False
1820,2016-12-09,shot,undetermined,46,M,O,Boulder,CO,True,attack,Not fleeing,False
1821,2016-12-09,shot,unarmed,43,M,A,Springfield,OK,False,other,Not fleeing,False
1822,2016-12-10,shot,gun,30,M,W,Riverside,OH,False,other,Not fleeing,False
1823,2016-12-10,shot,gun,32,M,H,Lincoln,AR,False,other,Car,False
1824,2016-12-11,shot,undetermined,38,M,B,Lincoln,OK,False,attack,Not fleeing,False
1825,2016-12-11,shot,unarmed,41,M,B,Springfield,OK,True,undetermined,Car,False
1826,2016-12-11,shot,gun,52,M,W,Houston,TX,False,other,Foot,True
1827,2016-12-12,shot and Tasered,gun,80,M,B,Georgetown,MN,False,other,Not fleeing,False
1828,2016-12-12,shot,gun,44,M,H,Riverside,AR,True,attack,Not fleeing,False
1829,2016-12-13,shot,knife,51,M,W,Lincoln,VA,False,attack,Not fleeing,False
1830,2016-12-13,shot,gun,56,M,B,Mesa,AZ,False,other,Foot,False
1831,2016-12-13,Tasered,gun,53,M,H,Springfield,NY,True,other,Car,False
1832,2016-12-14,shot,knife,30,M,H,San Antonio,TX,False,other,Car,False
1833,2016-12-14,shot,gun,65,M,W,Lincoln,NY,True,attack,Car,True
1834,2016-12-14,shot,other,61,M,H,Houston,TX,False,attack,Car,False
1835,2016-12-15,shot,gun,43,M,B,Lincoln,NY,False,attack,Not fleeing,False
1836,2016-12-15,shot,gun,30,M,W,Springfield,TN,True,attack,Not fleeing,False
1837,2016-12-16,shot,gun,41,M,W,Lincoln,GA,True,attack,Not fleeing,False
1838,2016-12-16,shot,gun,24,M,B,Madison,WA,False,undetermined,Foot,False
1839,2016-12-16,shot,gun,69,F,A,Riverside,NM,True,attack,Not fleeing,False
1840,2016-12-17,shot,gun,33,M,W,Los Angeles,CA,False,attack,Other,False
1841,2016-12-17,shot,gun,37,M,H,Madison,VA,False,other,Not fleeing,False
1842,2016-12-18,shot,gun,67,M,W,Austin,TX,True,other,Not fleeing,False
1843,2016-12-18,shot,gun,64,M,B,San Diego,CA,True,other,Not fleeing,False
1844,2016-12-18,shot,gun,46,M,O,Houston,TX,False,other,Not fleeing,False
1845,2016-12-19,shot,undetermined,73,M,H,Madison,MD,False,attack,Foot,False
1846,2016-12-19,shot,knife,30,M,W,Lincoln,GA,True,other,Foot,False
1847,2016-12-20,shot,gun,46,M,B,Georgetown,NM,False,attack,Not fleeing,False
1848,2016-12-20,shot,other,30,M,W,Riverside,WA,False,attack,Other,False
1849,2016-12-20,shot,gun,60,M,W,San Francisco,CA,False,undetermined,Foot,False
1850,2016-12-21,shot,gun,59,M,H,Georgetown,NV,False,other,Foot,False
1851,2016-12-21,shot,gun,75,M,H,Los Angeles,CA,False,other,Not fleeing,False
1852,2016-12-21,Tasered,knife,41,M,W,Madison,VA,False,attack,Not fleeing,False
1853,2016-12-22,shot,gun,84,M,O,San Antonio,TX,False,attack,Not fleeing,False
1854,2016-12-22,shot,gun,29,M,B,Boulder,CO,False,other,Not fleeing,False
1855,2016-12-23,shot,gun,40,M,W,Georgetown,MD,False,attack,Not fleeing,False
1856,2016-12-23,shot,gun,29,M,B,Lincoln,WI,False,other,Foot,True
1857,2016-12-23,shot,knife,44,M,B,Fort Collins,CO,False,attack,Not fleeing,False
1858,2016-12-24,shot,unarmed,30,M,B,Riverside,AL,False,other,Not fleeing,False
1859,2016-12-24,shot,gun,60,M,B,Houston,TX,False,other,Foot,True
1860,2016-12-25,shot,knife,48,M,B,Springfield,SC,False,other,Not fleeing,False
1861,2016-12-25,shot,vehicle,28,M,W,Georgetown,TN,False,attack,Foot,False
1862,2016-12-25,shot,knife,55,M,H,Dallas,TX,False,attack,Not fleeing,False
1863,2016-12-26,shot,gun,71,M,B,Tucson,AZ,True,other,Car,False
1864,2016-12-26,shot,gun,50,M,W,Austin,TX,False,attack,Car,False
1865,2016-12-27,shot,knife,26,M,H,Madison,GA,True,other,Foot,False
1866,2016-12-27,shot,vehicle,39,M,O,Houston,TX,False,attack,Not fleeing,False
1867,2016-12-27,shot,gun,52,M,O,Riverside,TN,True,undetermined,Not fleeing,False
1868,2016-12-28,shot,gun,38,M,W,Lincoln,MI,False,other,Not fleeing,True
1869,2016-12-28,shot,gun,29,M,W,Sacramento,CA,True,other,Foot,True
1870,2016-12-29,shot,gun,63,M,B,Lincoln,NY,False,attack,Not fleeing,False
1871,2016-12-29,shot,gun,37,M,W,Madison,LA,False,attack,Foot,False
1872,2016-12-29,shot,gun,71,M,O,Riverside,KY,False,attack,Car,False
1873,2016-12-30,shot,gun,34,M,W,Georgetown,WA,False,attack,Car,False
1874,2016-12-30,shot,gun,36,M,W,Georgetown,NY,False,attack,Other,False
1875,2016-12-30,shot,gun,33,M,W,Lincoln,OH,True,attack,Not fleeing,False
1876,2016-12-31,shot,gun,39,M,W,Jacksonville,FL,True,attack,Car,False
1877,2016-12-31,shot,knife,48,M,H,San Diego,CA,False,attack,Foot,True
1878,2017-01-01,shot,gun,29,M,B,Lincoln,GA,True,other,Not fleeing,False
1879,2017-01-01,shot,gun,28,M,W,San Francisco,CA,False,attack,Other,False
1880,2017-01-01,shot,gun,24,M,W,Lincoln,NY,True,undetermined,Not fleeing,False
1881,2017-01-02,shot,knife,23,F,B,Scottsdale,AZ,False,attack,Car,False
1882,2017-01-02,shot,vehicle,26,M,W,Riverside,NY,False,attack,Other,False
1883,2017-01-03,shot,gun,34,M,B,Houston,TX,False,attack,Car,False
1884,2017-01-03,shot,gun,43,M,B,Georgetown,IN,True,other,Not fleeing,False
1885,2017-01-03,shot,gun,47,M,H,Lincoln,OR,False,attack,Not fleeing,False
1886,2017-01-04,shot,knife,43,M,O,Dallas,TX,False,attack,Not fleeing,True
1887,2017-01-04,shot,gun,68,M,N,Boulder,CO,True,attack,Not fleeing,True
1888,2017-01-05,shot,vehicle,76,M,O,Madison,MO,True,other,Car,False
1889,2017-01-05,shot,knife,37,M,W,Los Angeles,CA,False,attack,Foot,False
1890,2017-01-05,shot,vehicle,29,M,W,Fort Collins,CO,True,attack,Foot,False
1891,2017-01-06,shot,other,85,M,W,Miami,FL,False,undetermined,Not fleeing,False
1892,2017-01-06,shot,undetermined,62,M,A,Lincoln,KY,False,attack,Not fleeing,False
1893,2017-01-06,shot,knife,60,M,O,Lincoln,MS,False,attack,Not fleeing,False
1894,2017-01-07,Tasered,undetermined,34,M,H,Lincoln,LA,False,attack,Not fleeing,True
1895,2017-01-07,shot,gun,55,M,W,Springfield,WA,False,attack,Not fleeing,False
1896,2017-01-08,shot,gun,43,M,O,Madison,IN,False,attack,Not fleeing,True
1897,2017-01-08,shot,gun,40,M,W,Riverside,IN,False,attack,Not fleeing,False
1898,2017-01-08,shot,other,40,F,W,Riverside,WI,True,other,Not fleeing,False
1899,2017-01-09,shot,knife,49,M,W,San Antonio,TX,False,attack,Not fleeing,False
1900,2017-01-09,shot,gun,68,M,W,San Antonio,TX,True,undetermined,Not fleeing,False
1901,2017-01-10,shot,knife,85,M,B,Lincoln,OK,True,attack,Foot,False
1902,2017-01-10,shot,gun,36,M,W,Lincoln,NY,False,undetermined,Car,False
1903,2017-01-10,shot,gun,44,M,B,San Francisco,CA,False,attack,Not fleeing,False
1904,2017-01-11,shot,gun,39,M,B,Sacramento,CA,False,other,Not fleeing,False
1905,2017-01-11,shot,gun,48,M,A,Lincoln,NM,True,other,Not fleeing,False
1906,2017-01-12,shot,gun,38,M,B,Madison,MS,False,other,Not fleeing,False
1907,2017-01-12,shot,knife,83,M,W,Denver,CO,False,undetermined,Foot,False
1908,2017-01-12,shot,gun,32,M,H,Georgetown,NM,False,attack,Foot,False
1909,2017-01-13,shot,gun,36,M,N,Georgetown,MO,True,attack,Not fleeing,False
1910,2017-01-13,shot,gun,34,M,W,Lincoln,SC,True,other,Foot,False
1911,2017-01-13,shot,vehicle,39,M,B,Lincoln,NC,False,attack,Car,False
1912,2017-01-14,shot,other,27,M,W,Oakland,CA,False,other,Foot,False
1913,2017-01-14,shot,undetermined,34,M,W,Madison,NC,False,attack,Not fleeing,False
1914,2017-01-15,shot,gun,47,F,B,Georgetown,OH,False,other,Not fleeing,False
1915,2017-01-15,shot,gun,47,M,A,Georgetown,NY,True,undetermined,Not fleeing,False
1916,2017-01-15,shot,gun,45,M,W,Oakland,CA,False,attack,Not fleeing,False
1917,2017-01-16,shot,gun,66,M,H,Lincoln,MI,False,attack,Car,True
1918,2017-01-16,shot,knife,48,M,H,Jacksonville,FL,False,other,Foot,False
1919,2017-01-17,shot and Tasered,gun,65,M,N,Fort Worth,TX,True,other,Car,False
1920,2017-01-17,shot,undetermined,85,M,W,Lincoln,NY,True,attack,Not fleeing,False
1921,2017-01-17,shot,vehicle,56,M,N,Georgetown,NY,False,attack,Car,False
1922,2017-01-18,shot,gun,27,M,W,Madison,NC,False,other,Not fleeing,False
1923,2017-01-18,shot,knife,45,M,B,Lincoln,MD,False,attack,Other,True
1924,2017-01-19,shot,gun,43,M,W,Springfield,WA,False,other,Not fleeing,False
1925,2017-01-19,shot,knife,71,M,W,Lincoln,MO,False,other,Car,False
1926,2017-01-19,shot,unarmed,39,M,H,Madison,NV,True,attack,Not fleeing,True
1927,2017-01-20,shot,gun,31,M,W,San Diego,CA,False,other,Not fleeing,False
1928,2017-01-20,shot,knife,35,M,W,Lincoln,LA,True,attack,Car,True
1929,2017-01-20,shot,gun,27,M,W,Riverside,NM,False,attack,Car,False
1930,2017-01-21,shot,gun,18,M,B,Oakland,CA,True,attack,Not fleeing,False
1931,2017-01-21,shot,knife,83,M,W,Georgetown,GA,False,attack,Car,False
1932,2017-01-22,shot,gun,41,M,H,Madison,KY,False,other,Not fleeing,False
1933,2017-01-22,shot,gun,28,M,W,Fort Collins,CO,False,other,Other,False
1934,2017-01-22,shot,gun,73,M,W,Riverside,OH,False,attack,Car,True
1935,2017-01-23,shot,gun,79,M,W,Springfield,MN,False,undetermined,Not fleeing,False
1936,2017-01-23,shot,knife,43,F,B,Fort Worth,TX,True,attack,Not fleeing,False
1937,2017-01-24,shot,other,26,M,W,San Francisco,CA,False,other,Not fleeing,False
1938,2017-01-24,shot and Tasered,gun,35,M,W,Georgetown,MS,False,attack,Not fleeing,True
1939,2017-01-24,shot,gun,38,M,O,Lincoln,MS,False,other,Not fleeing,False
1940,2017-01-25,shot,gun,42,M,B,Georgetown,OH,False,other,Not fleeing,False
1941,2017-01-25,shot and Tasered,gun,29,M,W,Springfield,WA,False,attack,Not fleeing,True
1942,2017-01-26,shot,gun,57,M,W,Lincoln,AR,False,undetermined,Not fleeing,False
1943,2017-01-26,Tasered,gun,21,M,A,Madison,IL,False,other,Car,False
1944,2017-01-26,shot,undetermined,61,M,W,Orlando,FL,True,other,Not fleeing,False
1945,2017-01-27,shot,unarmed,66,M,W,Oakland,CA,False,attack,Car,False
1946,2017-01-27,shot,gun,36,M,H,Lincoln,OH,True,undetermined,Other,False
1947,2017-01-28,shot,gun,40,M,B,Lincoln,MS,False,attack,Not fleeing,True
1948,2017-01-28,shot,gun,69,M,B,Georgetown,OR,False,attack,Not fleeing,False
1949,2017-01-28,shot,gun,52,M,W,Madison,WI,False,other,Other,True
1950,2017-01-29,shot,knife,36,M,W,Georgetown,NM,False,attack,Not fleeing,False
1951,2017-01-29,shot,gun,38,M,B,Madison,LA,False,attack,Foot,False
1952,2017-01-29,shot,gun,49,M,W,Georgetown,NC,True,other,Not fleeing,False
1953,2017-01-30,shot,gun,80,M,B,Lincoln,VA,True,attack,Car,True
1954,2017-01-30,shot,undetermined,38,M,B,Springfield,IL,False,attack,Not fleeing,False
1955,2017-01-31,shot,gun,36,M,W,Springfield,NY,True,other,Foot,False
1956,2017-01-31,shot,vehicle,41,M,O,Sacramento,CA,True,attack,Car,True
1957,2017-01-31,shot,gun,42,M,H,Springfield,KY,False,other,Not fleeing,False
1958,2017-02-01,shot,knife,46,M,H,Madison,OH,True,undetermined,Car,False
1959,2017-02-01,shot,gun,40,M,W,Fort Collins,CO,False,other,Not fleeing,False
1960,2017-02-02,shot,vehicle,62,M,W,Madison,PA,False,other,Not fleeing,False
1961,2017-02-02,shot,vehicle,30,M,B,Lincoln,OK,True,attack,Not fleeing,True
1962,2017-02-02,shot,gun,48,M,W,San Antonio,TX,False,attack,Not fleeing,False
1963,2017-02-03,shot,gun,48,M,O,Madison,AR,False,attack,Car,False
1964,2017-02-03,shot,gun,31,M,W,Phoenix,AZ,False,attack,Other,False
1965,2017-02-04,shot,knife,47,M,B,Austin,TX,False,attack,Car,False
1966,2017-02-04,shot,knife,49,M,W,Georgetown,GA,False,other,Car,True
1967,2017-02-04,shot,knife,19,M,B,Springfield,NV,False,attack,Foot,False
1968,2017-02-05,shot,knife,29,M,W,Madison,WI,False,other,Foot,False
1969,2017-02-05,shot,gun,72,M,W,Madison,SC,False,other,Not fleeing,False
1970,2017-02-05,shot,gun,33,M,W,Georgetown,IN,True,attack,Car,False
1971,2017-02-06,shot and Tasered,gun,28,M,A,Fort Worth,TX,False,undetermined,Not fleeing,False
1972,2017-02-06,shot,gun,23,M,W,San Diego,CA,False,other,Not fleeing,False
1973,2017-02-07,shot,gun,29,M,N,Georgetown,LA,False,other,Not fleeing,False
1974,2017-02-07,shot,vehicle,39,M,H,Tucson,AZ,True,other,Not fleeing,False
1975,2017-02-07,shot,unarmed,27,M,W,Springfield,AL,True,other,Not fleeing,False
1976,2017-02-08,shot,knife,52,M,H,Lincoln,TN,False,attack,Other,False
1977,2017-02-08,shot,gun,31,M,W,Georgetown,MN,False,attack,Not fleeing,False
1978,2017-02-09,shot,gun,46,M,O,Fort Lauderdale,FL,True,other,Car,False
1979,2017-02-09,shot,gun,68,M,B,Riverside,OH,False,attack,Foot,False
1980,2017-02-09,shot,gun,66,M,W,Lincoln,WA,False,other,Not fleeing,False
1981,2017-02-10,shot,knife,46,M,W,Orlando,FL,False,undetermined,Car,False
1982,2017-02-10,shot,gun,28,M,W,Lincoln,MO,False,attack,Not fleeing,True
1983,2017-02-11,shot,gun,40,M,O,Springfield,NC,False,attack,Not fleeing,False
1984,2017-02-11,shot,knife,46,M,W,Georgetown,NC,False,attack,Foot,False
1985,2017-02-11,shot,gun,85,M,B,Denver,CO,False,other,Not fleeing,False
1986,2017-02-12,shot,gun,23,M,W,Sacramento,CA,False,attack,Not fleeing,False
1987,2017-02-12,shot,knife,40,M,O,Georgetown,WA,False,attack,Not fleeing,False
1988,2017-02-12,shot and Tasered,vehicle,51,M,W,Tucson,AZ,False,attack,Not fleeing,True
1989,2017-02-13,shot,gun,43,M,B,San Diego,CA,False,attack,Car,True
1990,2017-02-13,shot and Tasered,gun,44,M,B,Tucson,AZ,False,other,Other,False
1991,2017-02-14,shot and Tasered,vehicle,32,M,H,Tampa,FL,False,other,Not fleeing,True
1992,2017-02-14,shot,gun,57,M,W,Riverside,GA,False,other,Not fleeing,True
1993,2017-02-14,shot,undetermined,42,M,W,Austin,TX,False,undetermined,Not fleeing,False
1994,2017-02-15,shot,gun,44,M,W,Springfield,WA,False,other,Other,False
1995,2017-02-15,shot,knife,59,M,H,Madison,OK,False,undetermined,Not fleeing,False
1996,2017-02-16,shot,gun,37,M,W,Lincoln,PA,False,undetermined,Not fleeing,False
1997,2017-02-16,shot,gun,64,M,B,Springfield,SC,False,attack,Car,False
1998,2017-02-16,shot and Tasered,undetermined,27,M,W,Springfield,NC,False,attack,Not fleeing,False
1999,2017-02-17,shot,knife,45,M,A,Georgetown,WA,False,other,Not fleeing,True
2000,2017-02-17,shot,knife,31,M,O,Georgetown,SC,True,attack,Not fleeing,False
2001,2017-02-18,shot,gun,28,M,B,Georgetown,NC,True,other,Other,False
2002,2017-02-18,shot,undetermined,79,M,W,Madison,OK,True,other,Not fleeing,False
2003,2017-02-18,shot,knife,27,M,W,Madison,NC,False,attack,Not fleeing,False
2004,2017-02-19,shot,gun,42,M,W,Springfield,NC,False,other,Car,False
2005,2017-02-19,shot,gun,27,M,W,Madison,MD,False,attack,Not fleeing,True
2006,2017-02-19,shot,gun,63,M,B,Houston,TX,False,attack,Car,False
2007,2017-02-20,shot,gun,36,M,B,Fort Collins,CO,True,other,Not fleeing,False
2008,2017-02-20,shot,undetermined,59,F,O,Orlando,FL,False,attack,Not fleeing,False
2009,2017-02-21,shot,gun,50,M,W,Denver,CO,False,other,Not fleeing,False
2010,2017-02-21,shot,gun,85,M,H,Miami,FL,False,other,Other,False
2011,2017-02-21,shot,gun,25,M,B,Lincoln,LA,False,attack,Foot,False
2012,2017-02-22,shot,gun,29,M,B,Georgetown,SC,False,attack,Other,False
2013,2017-02-22,shot,gun,58,M,W,Georgetown,VA,False,other,Foot,False
2014,2017-02-23,shot,gun,46,M,B,Boulder,CO,False,attack,Foot,True
2015,2017-02-23,shot,gun,38,M,B,Springfield,MN,False,other,Not fleeing,False
2016,2017-02-23,shot,knife,83,F,H,Springfield,MO,False,undetermined,Car,True
2017,2017-02-24,shot,gun,41,M,O,Madison,GA,True,attack,Not fleeing,False
2018,2017-02-24,shot,undetermined,31,M,W,Madison,AR,False,attack,Not fleeing,True
2019,2017-02-25,shot,gun,60,M,W,Riverside,NV,False,other,Foot,False
2020,2017-02-25,shot,gun,41,M,B,Riverside,IL,True,other,Not fleeing,False
2021,2017-02-25,shot,undetermined,42,M,B,San Antonio,TX,False,attack,Not fleeing,False
2022,2017-02-26,shot,gun,52,M,W,Springfield,OH,True,attack,Foot,False
2023,2017-02-26,shot,gun,53,M,H,Lincoln,MS,False,other,Car,False
2024,2017-02-26,shot,gun,29,M,O,Madison,WA,False,other,Not fleeing,False
2025,2017-02-27,shot,knife,37,M,O,Springfield,OK,False,attack,Not fleeing,False
2026,2017-02-27,shot,gun,26,M,W,Madison,MO,False,other,Not fleeing,False
2027,2017-02-28,shot,knife,46,M,A,Georgetown,AR,False,attack,Foot,False
2028,2017-02-28,shot,gun,79,M,H,Tampa,FL,False,other,Foot,False
2029,2017-02-28,shot,gun,30,M,B,Georgetown,LA,False,other,Not fleeing,False
2030,2017-03-01,shot,unarmed,25,M,B,Houston,TX,False,undetermined,Not fleeing,False
2031,2017-03-01,shot,gun,33,M,H,Georgetown,OK,False,undetermined,Foot,False
2032,2017-03-02,shot,gun,38,M,B,Madison,NV,True,other,Foot,False
2033,2017-03-02,shot,gun,53,M,W,Oakland,CA,False,attack,Not fleeing,False
2034,2017-03-02,shot,other,36,M,B,Lincoln,OK,True,other,Not fleeing,False
2035,2017-03-03,shot,knife,46,F,B,Georgetown,GA,False,other,Car,False
2036,2017-03-03,shot,gun,34,M,W,Fort Worth,TX,False,attack,Not fleeing,False
2037,2017-03-04,shot,other,38,M,N,Riverside,NC,True,attack,Car,True
2038,2017-03-04,shot,gun,31,M,B,Austin,TX,False,undetermined,Not fleeing,False
2039,2017-03-04,shot,other,28,M,B,Springfield,GA,False,attack,Not fleeing,False
2040,2017-03-05,shot,gun,54,M,W,Georgetown,GA,False,attack,Car,True
2041,2017-03-05,shot and Tasered,other,35,M,B,Lincoln,IL,False,undetermined,Not fleeing,False
2042,2017-03-06,shot,gun,48,M,W,Springfield,VA,True,attack,Foot,False
2043,2017-03-06,shot,knife,31,M,W,Lincoln,MO,True,attack,Not fleeing,False
2044,2017-03-06,shot,vehicle,41,M,B,San Francisco,CA,False,undetermined,Not fleeing,False
2045,2017-03-07,shot and Tasered,knife,21,M,W,Springfield,IN,False,attack,Not fleeing,False
2046,2017-03-07,shot,vehicle,36,M,B,Springfield,OK,False,attack,Other,False
2047,2017-03-07,shot,gun,32,M,W,Oakland,CA,False,other,Foot,False
2048,2017-03-08,shot,gun,62,M,W,Madison,AL,False,undetermined,Not fleeing,False
2049,2017-03-08,shot,gun,27,F,W,Houston,TX,False,attack,Not fleeing,False
2050,2017-03-09,shot,knife,39,M,O,Springfield,LA,False,attack,Not fleeing,True
2051,2017-03-09,shot,knife,46,M,B,Riverside,OH,True,other,Car,True
2052,2017-03-09,shot,gun,58,M,B,Riverside,NC,False,attack,Foot,False
2053,2017-03-10,shot and Tasered,gun,55,M,W,Riverside,NM,True,attack,Car,False
2054,2017-03-10,shot,gun,40,M,W,Georgetown,NC,False,attack,Foot,False
2055,2017-03-11,shot,knife,42,M,O,Los Angeles,CA,False,undetermined,Car,False
2056,2017-03-11,shot,unarmed,62,M,W,Riverside,IN,False,attack,Not fleeing,False
2057,2017-03-11,shot,gun,40,M,W,Riverside,KY,False,attack,Foot,False
2058,2017-03-12,shot,undetermined,43,M,B,Lincoln,OK,False,attack,Not fleeing,False
2059,2017-03-12,shot,undetermined,63,M,W,Lincoln,OH,True,other,Not fleeing,False
2060,2017-03-13,shot,gun,85,M,H,San Francisco,CA,True,attack,Foot,False
2061,2017-03-13,shot,gun,45,M,B,Georgetown,VA,True,attack,Other,False
2062,2017-03-13,shot,knife,49,M,W,San Diego,CA,False,undetermined,Not fleeing,False
2063,2017-03-14,shot,gun,55,M,W,Sacramento,CA,False,attack,Not fleeing,False
2064,2017-03-14,shot,knife,62,M,W,Lincoln,NY,True,attack,Not fleeing,False
2065,2017-03-14,shot,gun,59,M,A,Houston,TX,False,attack,Not fleeing,False
2066,2017-03-15,shot,gun,34,M,B,Los Angeles,CA,False,attack,Car,False
2067,2017-03-15,shot,gun,46,M,W,Riverside,NC,False,other,Foot,False
2068,2017-03-16,shot and Tasered,gun,59,M,W,Houston,TX,False,attack,Other,False
2069,2017-03-16,shot,vehicle,68,M,H,Houston,TX,False,other,Foot,False
2070,2017-03-16,shot,gun,39,M,B,San Diego,CA,True,other,Not fleeing,False
2071,2017-03-17,Tasered,unarmed,45,M,W,Fort Worth,TX,False,attack,Not fleeing,False
2072,2017-03-17,shot,gun,47,M,W,Riverside,NV,False,undetermined,Car,False
2073,2017-03-18,shot,gun,41,M,W,Madison,SC,True,attack,Car,False
2074,2017-03-18,shot,unarmed,45,M,B,Riverside,NC,True,other,Not fleeing,False
2075,2017-03-18,shot,gun,21,M,O,Georgetown,WA,False,attack,Not fleeing,False
2076,2017-03-19,shot,gun,85,M,W,San Francisco,CA,False,attack,Not fleeing,False
2077,2017-03-19,shot,other,38,M,B,Los Angeles,CA,True,attack,Not fleeing,False
2078,2017-03-20,shot,gun,39,M,W,Fort Lauderdale,FL,False,attack,Not fleeing,False
2079,2017-03-20,shot,gun,24,M,W,Madison,NY,False,undetermined,Not fleeing,False
2080,2017-03-20,shot,gun,23,M,W,Madison,IL,False,attack,Not fleeing,False
2081,2017-03-21,shot,unarmed,49,M,H,Lincoln,MO,False,undetermined,Not fleeing,False
2082,2017-03-21,shot and Tasered,knife,59,M,B,Madison,GA,False,undetermined,Car,False
2083,2017-03-21,shot,gun,55,M,B,Sacramento,CA,False,attack,Not fleeing,False
2084,2017-03-22,shot,undetermined,31,M,W,Springfield,VA,False,attack,Not fleeing,False
2085,2017-03-22,shot and Tasered,gun,54,M,W,Aurora,CO,False,other,Car,False
2086,2017-03-23,shot,other,39,M,W,Georgetown,IL,True,other,Not fleeing,False
2087,2017-03-23,shot,gun,36,M,H,Lincoln,WA,True,attack,Not fleeing,False
2088,2017-03-23,shot,gun,26,M,W,Madison,IL,True,attack,Not fleeing,False
2089,2017-03-24,shot,gun,32,M,H,Springfield,OR,True,attack,Not fleeing,False
2090,2017-03-24,shot,gun,49,M,W,Georgetown,KY,False,undetermined,Not fleeing,False
2091,2017-03-25,shot,gun,46,M,W,Georgetown,NY,False,attack,Not fleeing,False
2092,2017-03-25,shot,gun,43,M,B,Springfield,WA,True,other,Not fleeing,True
2093,2017-03-25,shot,gun,21,M,W,Tampa,FL,False,attack,Not fleeing,False
2094,2017-03-26,shot,gun,43,M,W,Riverside,IN,False,other,Foot,False
2095,2017-03-26,shot,other,33,M,W,Madison,OH,True,undetermined,Car,False
2096,2017-03-27,shot,gun,46,M,B,Austin,TX,False,attack,Not fleeing,False
2097,2017-03-27,shot,gun,63,M,B,Lincoln,NC,False,attack,Not fleeing,False
2098,2017-03-27,shot,knife,35,M,W,San Antonio,TX,True,other,Not fleeing,False
2099,2017-03-28,shot,knife,42,M,B,Lincoln,WA,False,undetermined,Car,False
2100,2017-03-28,shot,vehicle,82,M,W,Riverside,LA,False,other,Not fleeing,False
2101,2017-03-28,shot,vehicle,45,M,W,Colorado Springs,CO,True,other,Not fleeing,False
2102,2017-03-29,shot,other,41,M,W,Oakland,CA,False,other,Car,False
2103,2017-03-29,shot,vehicle,31,M,A,Lincoln,IN,False,attack,Not fleeing,False
2104,2017-03-30,shot,unarmed,54,M,W,Madison,VA,False,other,Not fleeing,True
2105,2017-03-30,shot,gun,29,M,W,Georgetown,AR,False,attack,Not fleeing,False
2106,2017-03-30,shot,knife,64,M,W,Colorado Springs,CO,False,attack,Car,False
2107,2017-03-31,shot,gun,52,M,W,Georgetown,MD,False,other,Not fleeing,False
2108,2017-03-31,shot,gun,34,M,B,Springfield,OH,False,undetermined,Not fleeing,False
2109,2017-04-01,shot,gun,31,M,W,Austin,TX,False,undetermined,Foot,False
2110,2017-04-01,shot,gun,31,M,W,San Antonio,TX,False,attack,Not fleeing,True
2111,2017-04-01,shot,gun,23,M,B,Colorado Springs,CO,False,other,Not fleeing,False
2112,2017-04-02,shot,gun,48,M,W,Fort Worth,TX,False,other,Car,False
2113,2017-04-02,shot,gun,21,M,H,Madison,MI,False,other,Not fleeing,False
2114,2017-04-03,shot,gun,40,M,B,Sacramento,CA,False,attack,Not fleeing,False
2115,2017-04-03,shot,undetermined,39,M,W,Madison,NC,False,attack,Foot,True
2116,2017-04-03,shot,gun,36,M,B,Lincoln,NC,False,attack,Not fleeing,False
2117,2017-04-04,shot,gun,48,M,W,Scottsdale,AZ,False,other,Not fleeing,False
2118,2017-04-04,shot,gun,34,M,B,Lincoln,LA,False,attack,Foot,False
2119,2017-04-05,shot,undetermined,43,M,W,Fort Worth,TX,False,other,Not fleeing,False
2120,2017-04-05,shot,other,64,M,W,Lincoln,VA,True,attack,Not fleeing,False
2121,2017-04-05,shot,undetermined,50,M,B,Mesa,AZ,False,attack,Not fleeing,False
2122,2017-04-06,shot,gun,35,M,A,Springfield,MO,True,attack,Not fleeing,False
2123,2017-04-06,shot,gun,41,M,O,Madison,NV,False,attack,Not fleeing,False
2124,2017-04-06,shot,other,36,M,B,Georgetown,NM,True,other,Car,False
2125,2017-04-07,shot,gun,39,M,W,Lincoln,AR,False,attack,Car,False
2126,2017-04-07,shot,gun,44,M,W,Springfield,MO,False,attack,Car,False
2127,2017-04-08,shot,gun,26,M,W,Georgetown,GA,True,other,Not fleeing,False
2128,2017-04-08,shot,other,24,M,B,Riverside,WA,False,undetermined,Not fleeing,False
2129,2017-04-08,shot,gun,30,M,W,Riverside,MD,False,other,Not fleeing,False
2130,2017-04-09,shot,other,49,M,N,Riverside,NM,True,undetermined,Foot,False
2131,2017-04-09,shot,gun,51,M,W,Los Angeles,CA,False,undetermined,Not fleeing,False
2132,2017-04-10,shot,vehicle,54,M,W,Madison,GA,True,undetermined,Foot,False
2133,2017-04-10,shot,gun,30,M,W,Springfield,VA,False,undetermined,Not fleeing,False
2134,2017-04-10,shot,gun,42,M,H,Springfield,NC,False,other,Not fleeing,False
2135,2017-04-11,shot,knife,36,F,B,Phoenix,AZ,False,undetermined,Not fleeing,False
2136,2017-04-11,shot,gun,39,M,B,Riverside,GA,False,attack,Not fleeing,False
2137,2017-04-12,shot,knife,36,M,W,Madison,MO,True,attack,Foot,True
2138,2017-04-12,shot,other,45,M,H,Springfield,MI,False,undetermined,Not fleeing,False
2139,2017-04-12,shot,gun,32,M,W,Madison,OH,True,attack,Not fleeing,True
2140,2017-04-13,shot,gun,61,M,A,Austin,TX,False,undetermined,Not fleeing,False
2141,2017-04-13,shot and Tasered,knife,62,M,B,Houston,TX,False,attack,Car,False
2142,2017-04-13,shot,undetermined,48,M,W,Los Angeles,CA,False,attack,Not fleeing,False
2143,2017-04-14,shot,vehicle,59,M,B,Springfield,LA,False,other,Car,False
2144,2017-04-14,shot,gun,25,M,B,Lincoln,NY,False,attack,Foot,False
2145,2017-04-15,shot,vehicle,63,M,W,Austin,TX,False,other,Not fleeing,True
2146,2017-04-15,shot,gun,47,M,A,Riverside,OK,False,attack,Foot,False
2147,2017-04-15,shot,gun,33,M,W,Georgetown,IL,True,undetermined,Not fleeing,False
2148,2017-04-16,shot,gun,32,M,W,Tampa,FL,False,other,Foot,False
2149,2017-04-16,shot,unarmed,71,M,W,Boulder,CO,True,attack,Not fleeing,False
2150,2017-04-17,shot,gun,55,M,W,Springfield,MI,False,attack,Foot,False
2151,2017-04-17,shot,gun,39,M,B,Denver,CO,True,other,Not fleeing,False
2152,2017-04-17,shot,gun,25,M,W,Riverside,MD,False,undetermined,Car,False
2153,2017-04-18,shot,gun,64,M,B,Georgetown,NC,False,other,Other,False
2154,2017-04-18,shot,undetermined,28,M,W,Springfield,SC,True,attack,Foot,False
2155,2017-04-19,shot,gun,36,M,O,Georgetown,MD,False,undetermined,Not fleeing,True
2156,2017-04-19,shot,gun,39,M,B,Riverside,TN,False,undetermined,Not fleeing,False
2157,2017-04-19,shot,vehicle,32,M,H,Georgetown,MS,False,other,Car,False
2158,2017-04-20,shot,knife,38,M,W,Madison,IN,False,other,Car,True
2159,2017-04-20,shot,vehicle,41,F,W,Riverside,LA,False,attack,Not fleeing,False
2160,2017-04-20,shot,undetermined,38,F,W,Fort Lauderdale,FL,False,attack,Foot,False
2161,2017-04-21,shot,gun,46,M,B,Springfield,GA,False,undetermined,Not fleeing,True
2162,2017-04-21,shot,gun,72,M,A,Lincoln,MD,False,attack,Not fleeing,False
2163,2017-04-22,shot,knife,26,M,W,Lincoln,TN,False,attack,Not fleeing,False
2164,2017-04-22,shot and Tasered,gun,43,M,W,Dallas,TX,True,other,Not fleeing,False
2165,2017-04-22,shot,unarmed,28,M,H,Sacramento,CA,True,attack,Not fleeing,False
2166,2017-04-23,shot,knife,25,M,W,Madison,OK,True,undetermined,Car,False
2167,2017-04-23,shot,vehicle,57,M,B,Orlando,FL,True,attack,Not fleeing,False
2168,2017-04-24,shot,unarmed,44,M,B,Springfield,WA,False,other,Car,False
2169,2017-04-24,shot,gun,25,M,H,Springfield,IL,False,other,Foot,False
2170,2017-04-24,shot,vehicle,38,M,W,Riverside,LA,False,undetermined,Not fleeing,False
2171,2017-04-25,shot,vehicle,30,M,W,Sacramento,CA,False,attack,Foot,False
2172,2017-04-25,shot and Tasered,unarmed,39,M,B,Austin,TX,False,attack,Not fleeing,False
2173,2017-04-26,shot,gun,52,M,O,Miami,FL,True,other,Not fleeing,False
2174,2017-04-26,shot,gun,50,M,W,Tampa,FL,False,other,Car,True
2175,2017-04-26,shot,gun,36,M,W,Lincoln,LA,False,attack,Foot,False
2176,2017-04-27,shot,unarmed,58,M,B,Madison,WA,False,attack,Other,False
2177,2017-04-27,shot,gun,66,M,O,Austin,TX,False,attack,Car,True
2178,2017-04-27,shot,knife,52,M,H,San Francisco,CA,False,attack,Car,False
2179,2017-04-28,shot,gun,34,M,O,Fort Worth,TX,False,other,Car,False
2180,2017-04-28,shot,knife,39,M,W,Springfield,MN,True,other,Not fleeing,False
2181,2017-04-29,shot,gun,71,M,W,Riverside,OH,False,other,Not fleeing,False
2182,2017-04-29,shot,undetermined,37,M,B,Lincoln,MS,False,attack,Not fleeing,False
2183,2017-04-29,shot,unarmed,50,M,H,Springfield,AR,False,undetermined,Not fleeing,False
2184,2017-04-30,shot,gun,32,M,W,Georgetown,WA,True,other,Car,True
2185,2017-04-30,shot,knife,58,M,W,Georgetown,NV,True,attack,Not fleeing,False
2186,2017-05-01,shot,knife,31,M,H,Austin,TX,True,attack,Not fleeing,False
2187,2017-05-01,shot,unarmed,40,M,W,Springfield,OK,False,other,Not fleeing,False
2188,2017-05-01,shot,vehicle,49,M,W,Jacksonville,FL,False,other,Car,False
2189,2017-05-02,shot,other,77,M,B,Georgetown,AR,False,other,Car,False
2190,2017-05-02,shot,gun,44,M,B,San Francisco,CA,False,other,Not fleeing,False
2191,2017-05-03,shot,gun,37,M,H,Riverside,VA,False,attack,Not fleeing,False
2192,2017-05-03,shot,gun,36,M,W,San Diego,CA,False,attack,Foot,False
2193,2017-05-03,shot,vehicle,57,M,B,Georgetown,NM,True,attack,Foot,False
2194,2017-05-04,shot,gun,48,M,B,Tempe,AZ,False,undetermined,Foot,False
2195,2017-05-04,shot,gun,52,M,B,Lincoln,TN,False,other,Not fleeing,False
2196,2017-05-04,shot,unarmed,69,M,B,Madison,OH,False,undetermined,Not fleeing,False
2197,2017-05-05,shot and Tasered,vehicle,42,M,W,Aurora,CO,False,attack,Not fleeing,False
2198,2017-05-05,shot,gun,47,M,W,Springfield,TN,True,other,Car,False
2199,2017-05-06,shot,unarmed,36,M,W,Lincoln,IN,False,other,Car,False
2200,2017-05-06,shot,gun,31,M,W,San Francisco,CA,False,attack,Car,False
2201,2017-05-06,shot,gun,33,F,B,Springfield,KY,False,other,Not fleeing,False
2202,2017-05-07,shot,gun,20,M,H,Madison,MO,False,other,Not fleeing,False
2203,2017-05-07,shot,undetermined,49,M,H,Riverside,SC,False,undetermined,Car,False
2204,2017-05-08,shot,knife,47,M,H,Georgetown,GA,False,attack,Not fleeing,True
2205,2017-05-08,shot,gun,49,M,W,Lincoln,OH,False,other,Not fleeing,False
2206,2017-05-08,shot,gun,31,M,W,Madison,MS,False,undetermined,Not fleeing,False
2207,2017-05-09,shot,knife,33,M,W,Georgetown,GA,True,other,Foot,True
2208,2017-05-09,shot,knife,33,M,W,Madison,NY,False,attack,Car,False
2209,2017-05-10,shot and Tasered,other,60,M,W,San Francisco,CA,True,attack,Not fleeing,False
2210,2017-05-10,shot,vehicle,44,M,B,Houston,TX,False,undetermined,Not fleeing,False
2211,2017-05-10,shot,gun,42,M,O,Riverside,PA,False,attack,Car,False
2212,2017-05-11,shot,knife,53,M,W,Lincoln,NV,True,undetermined,Other,False
2213,2017-05-11,shot and Tasered,gun,33,M,W,Lincoln,LA,False,attack,Foot,False
2214,2017-05-12,shot,other,46,M,H,San Antonio,TX,False,undetermined,Not fleeing,False
2215,2017-05-12,shot,gun,82,M,W,Riverside,NC,False,other,Not fleeing,True
2216,2017-05-12,shot,gun,64,M,H,Denver,CO,False,undetermined,Not fleeing,False
2217,2017-05-13,shot,gun,46,M,H,Lincoln,WA,False,attack,Not fleeing,False
2218,2017-05-13,shot,gun,42,M,O,Springfield,MS,False,other,Not fleeing,False
2219,2017-05-13,shot,gun,49,M,W,Georgetown,VA,False,attack,Car,False
2220,2017-05-14,shot,gun,68,M,B,San Diego,CA,False,attack,Not fleeing,False
2221,2017-05-14,shot,gun,66,M,B,Springfield,NM,False,other,Not fleeing,True
2222,2017-05-15,shot,gun,72,F,B,Madison,OH,False,attack,Foot,True
2223,2017-05-15,shot,undetermined,44,M,W,Georgetown,IL,False,other,Car,False
2224,2017-05-15,shot,gun,21,M,W,Houston,TX,False,attack,Car,False
2225,2017-05-16,shot,other,79,M,B,Springfield,TN,False,other,Foot,False
2226,2017-05-16,shot,gun,31,M,B,Fort Lauderdale,FL,True,other,Not fleeing,False
2227,2017-05-17,shot,gun,22,M,H,Riverside,NC,False,attack,Car,False
2228,2017-05-17,shot,knife,53,M,H,Los Angeles,CA,False,attack,Not fleeing,False
2229,2017-05-17,shot,gun,21,M,B,Houston,TX,False,attack,Not fleeing,True
2230,2017-05-18,shot,gun,41,M,W,Sacramento,CA,True,attack,Not fleeing,False
2231,2017-05-18,shot,undetermined,21,M,H,Orlando,FL,True,attack,Not fleeing,True
2232,2017-05-19,shot and Tasered,gun,37,M,B,Los Angeles,CA,True,other,Not fleeing,False
2233,2017-05-19,shot,gun,72,M,A,Georgetown,OK,False,other,Not fleeing,False
2234,2017-05-19,shot,vehicle,46,M,N,San Diego,CA,False,other,Car,False
2235,2017-05-20,shot,gun,41,M,W,Georgetown,PA,False,other,Not fleeing,False
2236,2017-05-20,shot,gun,48,F,H,Dallas,TX,False,other,Not fleeing,False
2237,2017-05-20,shot,gun,19,M,W,Lincoln,IN,True,attack,Foot,False
2238,2017-05-21,shot,gun,33,M,W,Lincoln,IN,False,other,Not fleeing,False
2239,2017-05-21,shot,gun,34,M,B,Jacksonville,FL,False,attack,Not fleeing,False
2240,2017-05-22,shot,undetermined,51,M,W,Georgetown,PA,False,attack,Not fleeing,False
2241,2017-05-22,shot,gun,29,M,H,San Diego,CA,True,attack,Not fleeing,False
2242,2017-05-22,shot,gun,44,M,W,Madison,IN,False,other,Not fleeing,False
2243,2017-05-23,shot,gun,40,M,W,Springfield,WA,False,attack,Car,False
2244,2017-05-23,shot,gun,33,F,B,San Diego,CA,False,attack,Foot,False
2245,2017-05-24,shot,gun,34,M,H,Aurora,CO,False,attack,Car,False
2246,2017-05-24,shot,gun,40,M,N,Los Angeles,CA,True,attack,Not fleeing,False
2247,2017-05-24,shot,vehicle,23,M,H,Georgetown,GA,False,other,Not fleeing,False
2248,2017-05-25,shot,undetermined,54,M,B,Georgetown,TN,False,other,Not fleeing,False
2249,2017-05-25,shot,gun,31,M,W,Riverside,OH,False,attack,Not fleeing,False
2250,2017-05-26,shot,gun,37,M,W,Georgetown,GA,False,attack,Not fleeing,True
2251,2017-05-26,shot,undetermined,71,M,W,Austin,TX,False,other,Not fleeing,False
2252,2017-05-26,shot,other,54,M,B,Jacksonville,FL,False,undetermined,Car,True
2253,2017-05-27,shot,gun,28,M,B,San Francisco,CA,True,other,Not fleeing,False
2254,2017-05-27,shot,gun,18,M,W,Madison,SC,False,other,Foot,False
2255,2017-05-27,shot,gun,49,M,H,Dallas,TX,False,other,Car,False
2256,2017-05-28,shot,gun,38,M,B,Springfield,MO,False,attack,Other,False
2257,2017-05-28,shot,gun,44,M,W,Colorado Springs,CO,True,undetermined,Other,False
2258,2017-05-29,shot,other,53,M,W,Orlando,FL,False,attack,Car,True
2259,2017-05-29,shot,gun,57,M,H,Lincoln,PA,False,other,Not fleeing,False
2260,2017-05-29,shot,gun,35,M,H,Springfield,OH,False,undetermined,Not fleeing,True
2261,2017-05-30,shot,knife,39,M,A,Springfield,GA,True,attack,Not fleeing,False
2262,2017-05-30,shot,gun,47,M,W,Riverside,MO,False,attack,Not fleeing,False
2263,2017-05-31,shot,gun,48,M,O,Springfield,OH,False,other,Not fleeing,False
2264,2017-05-31,shot and Tasered,other,44,F,W,Phoenix,AZ,False,other,Car,True
2265,2017-05-31,shot,gun,68,M,W,Georgetown,LA,False,undetermined,Not fleeing,False
2266,2017-06-01,shot,undetermined,48,M,O,Springfield,TN,True,other,Car,True
2267,2017-06-01,shot,gun,53,M,W,San Diego,CA,False,attack,Not fleeing,False
2268,2017-06-02,shot,gun,45,M,B,Springfield,OH,False,attack,Foot,False
2269,2017-06-02,shot,other,29,M,W,Sacramento,CA,True,other,Not fleeing,False
2270,2017-06-02,shot,gun,33,M,B,Fort Worth,TX,False,other,Not fleeing,False
2271,2017-06-03,shot,vehicle,27,M,N,Lincoln,LA,False,attack,Not fleeing,False
2272,2017-06-03,shot,gun,59,M,W,Lincoln,MS,False,other,Not fleeing,False
2273,2017-06-03,shot,gun,25,M,B,Madison,NM,True,undetermined,Not fleeing,False
2274,2017-06-04,shot,knife,39,M,W,Oakland,CA,False,other,Foot,False
2275,2017-06-04,shot,knife,36,M,B,Riverside,NC,False,attack,Not fleeing,False
2276,2017-06-05,shot,other,36,M,W,Springfield,LA,True,attack,Not fleeing,True
2277,2017-06-05,shot,gun,37,M,W,San Antonio,TX,False,attack,Not fleeing,False
2278,2017-06-05,shot,knife,73,M,W,Madison,MD,False,other,Foot,True
2279,2017-06-06,shot,gun,22,M,W,Riverside,IL,False,other,Not fleeing,False
2280,2017-06-06,shot,knife,64,M,N,Madison,OR,False,attack,Not fleeing,False
2281,2017-06-07,shot,gun,38,M,W,San Francisco,CA,True,other,Not fleeing,False
2282,2017-06-07,shot,gun,55,M,W,Dallas,TX,False,other,Other,False
2283,2017-06-07,shot,gun,42,M,W,Riverside,AL,False,attack,Not fleeing,False
2284,2017-06-08,shot,gun,28,M,W,Madison,TN,False,attack,Not fleeing,True
2285,2017-06-08,shot,knife,67,M,H,Riverside,OR,False,other,Car,False
2286,2017-06-09,shot,gun,63,M,O,San Diego,CA,False,other,Car,False
2287,2017-06-09,shot,knife,29,M,W,Georgetown,MO,True,other,Foot,False
2288,2017-06-09,shot,gun,50,M,A,Riverside,LA,True,other,Not fleeing,False
2289,2017-06-10,shot,gun,33,M,B,San Diego,CA,False,attack,Not fleeing,False
2290,2017-06-10,shot,gun,25,M,W,Madison,WA,False,undetermined,Not fleeing,False
2291,2017-06-10,shot,unarmed,31,M,H,Madison,MO,True,other,Not fleeing,False
2292,2017-06-11,shot,other,65,M,B,Houston,TX,True,attack,Other,False
2293,2017-06-11,shot,gun,56,M,B,Miami,FL,False,undetermined,Not fleeing,False
2294,2017-06-12,shot,gun,37,M,A,Riverside,PA,False,undetermined,Not fleeing,False
2295,2017-06-12,shot,gun,65,M,W,Georgetown,OH,True,attack,Not fleeing,False
2296,2017-06-12,shot,vehicle,61,M,N,Riverside,MS,True,undetermined,Other,False
2297,2017-06-13,shot,knife,31,M,H,Fort Collins,CO,False,attack,Not fleeing,False
2298,2017-06-13,shot,gun,72,M,B,Jacksonville,FL,False,attack,Not fleeing,False
2299,2017-06-14,shot,gun,36,M,B,Georgetown,MN,False,attack,Not fleeing,False
2300,2017-06-14,shot,unarmed,38,M,W,Georgetown,KY,False,attack,Not fleeing,False
2301,2017-06-14,shot,gun,22,M,O,Oakland,CA,False,other,Car,False
2302,2017-06-15,shot,vehicle,33,M,B,Springfield,MD,False,other,Car,False
2303,2017-06-15,shot,gun,39,M,W,Los Angeles,CA,False,undetermined,Not fleeing,False
2304,2017-06-16,shot,knife,45,M,W,Sacramento,CA,False,attack,Foot,False
2305,2017-06-16,shot,gun,28,M,B,Fort Lauderdale,FL,False,other,Car,False
2306,2017-06-16,shot,gun,32,M,W,Tampa,FL,False,other,Car,False
2307,2017-06-17,shot,knife,72,M,W,Lincoln,AL,False,attack,Car,False
2308,2017-06-17,shot,gun,59,M,B,Georgetown,NV,False,other,Car,False
2309,2017-06-18,shot,gun,64,M,W,Madison,MN,False,other,Not fleeing,False
2310,2017-06-18,shot,gun,40,M,W,Georgetown,NV,True,other,Not fleeing,False
2311,2017-06-18,shot,other,46,M,W,Riverside,NC,False,undetermined,Not fleeing,False
2312,2017-06-19,shot,undetermined,51,M,W,Madison,OK,True,undetermined,Not fleeing,False
2313,2017-06-19,shot,gun,72,M,B,Riverside,MI,False,other,Not fleeing,False
2314,2017-06-19,shot,gun,25,M,B,Springfield,NV,False,attack,Foot,False
2315,2017-06-20,shot and Tasered,gun,34,M,W,Lincoln,MD,False,undetermined,Not fleeing,False
2316,2017-06-20,shot,unarmed,44,M,W,Georgetown,IN,False,other,Car,False
2317,2017-06-21,shot,other,42,M,B,Sacramento,CA,False,other,Not fleeing,False
2318,2017-06-21,shot and Tasered,gun,32,M,W,Georgetown,NV,True,attack,Other,True
2319,2017-06-21,shot and Tasered,vehicle,49,M,W,Riverside,AR,False,undetermined,Not fleeing,True
2320,2017-06-22,shot,knife,35,F,W,Madison,WI,True,other,Not fleeing,False
2321,2017-06-22,shot,gun,41,F,H,San Antonio,TX,False,other,Not fleeing,False
2322,2017-06-23,shot,gun,48,M,H,Georgetown,WA,False,attack,Not fleeing,True
2323,2017-06-23,shot,knife,35,M,H,Riverside,OK,False,other,Car,False
2324,2017-06-23,shot,gun,54,M,H,Fort Lauderdale,FL,False,attack,Car,False
2325,2017-06-24,shot,gun,58,M,B,Georgetown,MO,False,attack,Foot,False
2326,2017-06-24,shot,gun,32,M,B,Fort Lauderdale,FL,True,attack,Not fleeing,True
2327,2017-06-25,shot,undetermined,35,M,B,Mesa,AZ,True,attack,Not fleeing,False
2328,2017-06-25,shot,gun,29,M,W,Georgetown,NC,True,attack,Car,False
2329,2017-06-25,shot,gun,41,M,B,Madison,NY,True,other,Foot,True
2330,2017-06-26,shot,knife,45,F,H,Springfield,NC,False,other,Other,False
2331,2017-06-26,shot and Tasered,other,36,M,B,Riverside,OH,False,attack,Car,True
2332,2017-06-26,shot,gun,45,F,W,Phoenix,AZ,True,other,Not fleeing,False
2333,2017-06-27,shot,gun,34,M,W,Fort Worth,TX,True,attack,Not fleeing,False
2334,2017-06-27,shot,gun,35,M,B,San Diego,CA,False,undetermined,Not fleeing,False
2335,2017-06-28,shot,undetermined,46,M,H,Dallas,TX,False,attack,Not fleeing,False
2336,2017-06-28,shot,gun,35,M,A,Lincoln,LA,False,attack,Not fleeing,False
2337,2017-06-28,shot,vehicle,40,M,W,Riverside,VA,False,other,Not fleeing,False
2338,2017-06-29,shot,gun,47,M,H,Dallas,TX,False,attack,Not fleeing,False
2339,2017-06-29,shot,gun,45,M,B,Oakland,CA,False,attack,Foot,False
2340,2017-06-30,shot and Tasered,gun,34,M,A,Springfield,IL,False,other,Not fleeing,False
2341,2017-06-30,shot,gun,60,M,B,Phoenix,AZ,False,other,Not fleeing,False
2342,2017-06-30,shot,gun,24,M,B,Lincoln,WI,False,attack,Car,False
2343,2017-07-01,shot,gun,18,M,B,Georgetown,NV,False,other,Car,False
2344,2017-07-01,shot,vehicle,50,M,H,Tucson,AZ,False,attack,Not fleeing,False
2345,2017-07-02,shot,other,44,M,O,Phoenix,AZ,False,attack,Not fleeing,False
2346,2017-07-02,shot,gun,28,M,W,Springfield,WA,True,attack,Not fleeing,False
2347,2017-07-02,shot,vehicle,42,M,W,San Diego,CA,True,undetermined,Foot,False
2348,2017-07-03,shot,undetermined,33,M,O,San Francisco,CA,False,attack,Not fleeing,False
2349,2017-07-03,shot,gun,49,M,B,Fort Worth,TX,False,attack,Not fleeing,False
2350,2017-07-03,shot,knife,18,M,B,Springfield,VA,False,attack,Foot,False
2351,2017-07-04,shot,knife,37,M,B,Georgetown,WA,False,other,Not fleeing,False
2352,2017-07-04,shot,gun,34,M,W,San Francisco,CA,False,other,Car,False
2353,2017-07-05,shot,gun,54,M,H,Riverside,OK,True,other,Car,False
2354,2017-07-05,shot,gun,23,M,H,Springfield,NC,False,attack,Not fleeing,False
2355,2017-07-05,shot,knife,41,M,W,Lincoln,WA,False,other,Not fleeing,False
2356,2017-07-06,shot,gun,50,M,W,Fort Worth,TX,False,attack,Not fleeing,True
2357,2017-07-06,shot,gun,78,M,H,Georgetown,NY,True,attack,Not fleeing,True
2358,2017-07-07,shot,knife,35,F,W,Madison,MN,True,other,Not fleeing,False
2359,2017-07-07,shot,gun,46,M,A,San Francisco,CA,True,other,Other,False
2360,2017-07-07,shot,gun,23,M,W,Orlando,FL,False,other,Not fleeing,False
2361,2017-07-08,shot,gun,41,M,B,Miami,FL,True,other,Not fleeing,False
2362,2017-07-08,shot,other,62,M,O,Miami,FL,False,attack,Not fleeing,False
2363,2017-07-09,shot,gun,78,M,B,Springfield,GA,False,undetermined,Not fleeing,False
2364,2017-07-09,shot,gun,47,M,W,Madison,AL,False,attack,Not fleeing,True
2365,2017-07-09,shot,gun,24,M,B,Lincoln,KY,False,attack,Not fleeing,False
2366,2017-07-10,shot,gun,65,M,W,Houston,TX,False,undetermined,Not fleeing,True
2367,2017-07-10,shot,gun,24,F,W,Springfield,NY,False,other,Not fleeing,False
2368,2017-07-10,shot,other,27,M,O,Springfield,PA,False,attack,Not fleeing,False
2369,2017-07-11,shot,knife,68,M,H,Madison,WA,False,other,Not fleeing,False
2370,2017-07-11,shot,gun,40,M,B,Georgetown,NC,True,undetermined,Not fleeing,True
2371,2017-07-12,shot,gun,33,M,W,Austin,TX,False,attack,Car,False
2372,2017-07-12,shot,gun,52,M,W,Georgetown,OH,True,attack,Not fleeing,False
2373,2017-07-12,shot,gun,43,M,W,Riverside,GA,False,attack,Car,False
2374,2017-07-13,shot,vehicle,59,M,B,Riverside,SC,False,attack,Not fleeing,False
2375,2017-07-13,shot,gun,44,M,H,Springfield,MD,False,other,Not fleeing,False
2376,2017-07-14,shot,gun,44,F,B,Fort Worth,TX,False,attack,Not fleeing,True
2377,2017-07-14,shot,gun,59,M,H,San Diego,CA,False,attack,Not fleeing,False
2378,2017-07-14,shot,gun,40,M,W,Lincoln,OR,False,attack,Not fleeing,True
2379,2017-07-15,shot,vehicle,30,M,W,Georgetown,NY,False,attack,Foot,False
2380,2017-07-15,shot,gun,53,M,W,Georgetown,MS,False,attack,Foot,True
2381,2017-07-16,shot,vehicle,37,M,W,Sacramento,CA,False,attack,Not fleeing,False
2382,2017-07-16,shot,knife,45,M,W,Georgetown,NY,False,other,Foot,False
2383,2017-07-16,shot,gun,22,M,O,Georgetown,NY,False,attack,Foot,True
2384,2017-07-17,shot,other,39,M,W,Lincoln,MS,True,attack,Car,False
2385,2017-07-17,shot,gun,34,M,O,San Diego,CA,False,attack,Not fleeing,False
2386,2017-07-18,shot,gun,22,M,W,Jacksonville,FL,False,undetermined,Foot,False
2387,2017-07-18,shot,unarmed,39,M,O,Springfield,GA,False,attack,Not fleeing,False
2388,2017-07-18,shot,gun,40,M,B,Springfield,MS,False,attack,Not fleeing,True
2389,2017-07-19,shot,gun,46,M,O,Springfield,IN,False,attack,Car,False
2390,2017-07-19,shot,unarmed,61,M,W,Springfield,MI,False,undetermined,Foot,False
2391,2017-07-19,shot,knife,57,M,H,Riverside,WI,False,attack,Not fleeing,False
2392,2017-07-20,shot,gun,35,M,N,San Diego,CA,False,other,Not fleeing,False
2393,2017-07-20,shot,knife,44,M,W,San Francisco,CA,True,attack,Not fleeing,False
2394,2017-07-21,shot,unarmed,49,M,W,Fort Worth,TX,False,attack,Not fleeing,False
2395,2017-07-21,shot,gun,35,M,W,Boulder,CO,False,attack,Not fleeing,False
2396,2017-07-21,shot,gun,25,M,O,Lincoln,AL,True,other,Not fleeing,False
2397,2017-07-22,shot,other,38,M,B,Springfield,OR,False,other,Car,False
2398,2017-07-22,shot,other,62,M,B,Austin,TX,False,other,Not fleeing,False
2399,2017-07-23,shot,gun,25,M,W,Georgetown,PA,False,undetermined,Not fleeing,False
2400,2017-07-23,shot,gun,29,M,W,Springfield,KY,False,attack,Not fleeing,False
2401,2017-07-23,shot,knife,31,F,H,Madison,OH,False,attack,Car,False
2402,2017-07-24,shot,gun,29,M,W,Oakland,CA,True,other,Car,False
2403,2017-07-24,shot,knife,52,M,B,Lincoln,OH,False,attack,Foot,False
2404,2017-07-25,shot,gun,33,M,N,Fort Collins,CO,False,undetermined,Other,False
2405,2017-07-25,shot,knife,53,M,W,Georgetown,LA,False,undetermined,Not fleeing,False
2406,2017-07-25,shot,gun,41,M,B,Riverside,NC,False,attack,Not fleeing,False
2407,2017-07-26,shot,other,23,M,W,San Diego,CA,True,other,Not fleeing,False
2408,2017-07-26,shot,gun,35,M,B,Georgetown,MI,False,attack,Foot,False
2409,2017-07-26,shot,gun,58,M,W,Georgetown,NY,False,attack,Not fleeing,False
2410,2017-07-27,shot,vehicle,43,M,H,Lincoln,OH,False,other,Car,False
2411,2017-07-27,shot,gun,36,M,W,Springfield,WI,True,attack,Not fleeing,False
2412,2017-07-28,shot,gun,62,M,B,Houston,TX,False,attack,Not fleeing,False
2413,2017-07-28,shot,other,28,M,B,Houston,TX,False,attack,Foot,True
2414,2017-07-28,shot,knife,33,M,W,Lincoln,SC,False,attack,Not fleeing,False
2415,2017-07-29,shot,knife,56,M,H,Miami,FL,False,attack,Car,True
2416,2017-07-29,shot,gun,52,M,W,Georgetown,SC,False,other,Not fleeing,False
2417,2017-07-30,shot,knife,28,M,B,Orlando,FL,False,other,Car,False
2418,2017-07-30,shot,gun,48,M,W,San Francisco,CA,False,other,Not fleeing,False
2419,2017-07-30,shot,gun,33,M,B,Riverside,WA,False,attack,Foot,False
2420,2017-07-31,shot,unarmed,21,M,W,Houston,TX,False,attack,Not fleeing,False
2421,2017-07-31,shot,gun,37,M,W,Riverside,MD,False,attack,Not fleeing,True
2422,2017-08-01,shot,other,80,M,W,Springfield,PA,True,undetermined,Not fleeing,False
2423,2017-08-01,shot,vehicle,58,M,H,Georgetown,KY,False,attack,Not fleeing,False
2424,2017-08-01,shot,knife,40,M,W,Georgetown,VA,False,attack,Not fleeing,False
2425,2017-08-02,shot,knife,24,M,A,Austin,TX,False,attack,Not fleeing,False
2426,2017-08-02,shot,gun,21,M,A,Lincoln,SC,False,attack,Not fleeing,False
2427,2017-08-02,shot,gun,42,M,W,Madison,PA,False,other,Not fleeing,False
2428,2017-08-03,shot,gun,47,M,B,Georgetown,TN,False,attack,Other,False
2429,2017-08-03,shot,gun,52,M,W,Springfield,AR,False,other,Not fleeing,False
2430,2017-08-04,shot,other,50,M,W,Madison,LA,True,undetermined,Not fleeing,False
2431,2017-08-04,shot,gun,52,M,H,Georgetown,OH,False,undetermined,Not fleeing,False
2432,2017-08-04,shot,knife,45,M,B,Springfield,PA,False,attack,Not fleeing,True
2433,2017-08-05,shot,knife,62,M,B,Tempe,AZ,False,attack,Not fleeing,False
2434,2017-08-05,shot and Tasered,gun,34,M,W,Fort Worth,TX,False,other,Foot,False
2435,2017-08-06,shot,gun,41,M,W,Springfield,PA,False,undetermined,Other,False
2436,2017-08-06,shot,gun,23,M,W,Fort Lauderdale,FL,False,other,Car,False
2437,2017-08-06,shot,undetermined,34,M,H,Oakland,CA,False,attack,Not fleeing,False
2438,2017-08-07,shot,undetermined,58,M,B,Oakland,CA,False,attack,Not fleeing,False
2439,2017-08-07,shot,knife,51,M,H,Lincoln,MO,False,attack,Not fleeing,False
2440,2017-08-08,shot and Tasered,unarmed,20,M,W,Colorado Springs,CO,True,attack,Foot,False
2441,2017-08-08,shot,gun,82,M,W,Georgetown,IL,True,attack,Car,False
2442,2017-08-08,shot,gun,43,M,W,Denver,CO,False,other,Car,False
2443,2017-08-09,shot,gun,43,M,W,Georgetown,OH,True,other,Not fleeing,False
2444,2017-08-09,shot,unarmed,33,M,W,Lincoln,GA,True,attack,Car,True
2445,2017-08-09,shot,gun,36,M,H,Lincoln,TN,False,attack,Car,True
2446,2017-08-10,shot,gun,43,M,A,Boulder,CO,False,attack,Not fleeing,True
2447,2017-08-10,shot,gun,50,M,B,Madison,WI,False,attack,Foot,False
2448,2017-08-11,shot,other,46,M,B,Riverside,IN,False,undetermined,Not fleeing,False
2449,2017-08-11,shot,vehicle,34,F,W,Springfield,AR,True,other,Foot,False
2450,2017-08-11,shot,gun,30,M,A,Springfield,KY,True,attack,Car,False
2451,2017-08-12,shot,other,29,M,W,Springfield,NC,True,other,Not fleeing,True
2452,2017-08-12,shot,gun,60,M,O,Springfield,NY,False,attack,Foot,False
2453,2017-08-13,shot,gun,57,M,B,Lincoln,IL,False,other,Foot,False
2454,2017-08-13,shot,gun,48,M,W,Riverside,OK,False,attack,Not fleeing,False
2455,2017-08-13,shot,gun,59,M,O,Georgetown,NM,False,attack,Foot,True
2456,2017-08-14,shot,gun,39,M,W,Georgetown,NV,False,attack,Not fleeing,False
2457,2017-08-14,shot,gun,55,M,B,Madison,MI,False,attack,Not fleeing,False
2458,2017-08-15,shot,other,49,M,B,Boulder,CO,False,attack,Not fleeing,False
2459,2017-08-15,shot,gun,55,M,W,Riverside,AR,False,other,Not fleeing,False
2460,2017-08-15,shot,gun,29,M,W,Georgetown,OK,False,attack,Foot,False
2461,2017-08-16,shot,knife,19,M,B,Lincoln,OK,False,other,Not fleeing,False
2462,2017-08-16,shot,knife,45,M,H,Tempe,AZ,False,other,Car,False
2463,2017-08-16,shot,other,36,M,W,Springfield,VA,False,other,Not fleeing,True
2464,2017-08-17,shot,gun,21,M,O,Springfield,OR,False,attack,Not fleeing,False
2465,2017-08-17,shot,vehicle,63,M,W,Miami,FL,False,attack,Not fleeing,False
2466,2017-08-18,shot,gun,57,M,W,Springfield,PA,True,undetermined,Car,False
2467,2017-08-18,shot,gun,46,M,W,Lincoln,GA,True,other,Foot,False
2468,2017-08-18,shot,gun,31,M,W,Lincoln,MN,True,other,Not fleeing,False
2469,2017-08-19,shot,gun,23,M,W,Lincoln,OH,False,attack,Foot,False
2470,2017-08-19,shot,gun,20,M,O,Fort Lauderdale,FL,False,attack,Not fleeing,True
2471,2017-08-20,shot,knife,34,M,W,Springfield,GA,True,other,Car,False
2472,2017-08-20,shot,gun,52,M,W,Madison,TN,True,attack,Car,True
2473,2017-08-20,shot,other,36,M,W,San Diego,CA,False,other,Not fleeing,False
2474,2017-08-21,shot,other,49,F,H,Springfield,MO,False,other,Foot,False
2475,2017-08-21,shot,gun,50,M,H,Riverside,IN,False,other,Not fleeing,False
2476,2017-08-22,shot,gun,52,M,W,Georgetown,AR,False,other,Foot,False
2477,2017-08-22,shot,gun,22,M,W,San Diego,CA,False,other,Car,False
2478,2017-08-22,shot,gun,31,M,W,Lincoln,MI,True,other,Not fleeing,False
2479,2017-08-23,shot,other,48,M,W,Riverside,OK,True,other,Not fleeing,False
2480,2017-08-23,shot,gun,69,M,W,Austin,TX,False,attack,Other,False
2481,2017-08-24,shot,gun,61,M,W,San Francisco,CA,False,other,Not fleeing,False
2482,2017-08-24,Tasered,gun,45,M,W,Dallas,TX,False,other,Foot,False
2483,2017-08-24,shot,knife,64,M,B,Georgetown,AR,False,attack,Not fleeing,False
2484,2017-08-25,shot,gun,45,M,W,Sacramento,CA,False,other,Car,False
2485,2017-08-25,shot,undetermined,25,M,O,Jacksonville,FL,False,attack,Not fleeing,False
2486,2017-08-25,shot,gun,51,M,N,Madison,MD,True,attack,Not fleeing,False
2487,2017-08-26,shot,undetermined,62,M,B,Springfield,MO,False,other,Not fleeing,True
2488,2017-08-26,shot,other,77,M,W,Springfield,VA,False,undetermined,Other,False
2489,2017-08-27,shot and Tasered,vehicle,33,M,W,Madison,IL,True,attack,Not fleeing,False
2490,2017-08-27,shot,knife,28,M,W,San Francisco,CA,True,other,Not fleeing,False
2491,2017-08-27,shot,gun,55,M,H,Madison,OR,False,other,Not fleeing,False
2492,2017-08-28,shot,other,47,M,B,Tampa,FL,False,undetermined,Foot,False
2493,2017-08-28,shot,vehicle,46,M,H,Lincoln,NY,True,other,Not fleeing,False
2494,2017-08-29,shot,gun,64,M,O,Madison,TN,False,attack,Not fleeing,True
2495,2017-08-29,shot,gun,55,M,W,Dallas,TX,False,undetermined,Not fleeing,False
2496,2017-08-29,shot,gun,49,M,B,Springfield,MN,False,other,Not fleeing,False
2497,2017-08-30,shot,knife,35,M,W,Georgetown,OH,False,attack,Not fleeing,False
2498,2017-08-30,shot,gun,53,M,W,San Diego,CA,False,other,Not fleeing,False
2499,2017-08-31,shot,knife,27,M,W,Madison,IN,False,attack,Not fleeing,False
2500,2017-08-31,shot,knife,45,M,W,Lincoln,MO,False,other,Not fleeing,False
2501,2017-08-31,shot,gun,40,M,A,Lincoln,OK,False,other,Not fleeing,False
2502,2017-09-01,shot,other,24,M,W,Madison,NY,True,attack,Not fleeing,False
2503,2017-09-01,shot,vehicle,47,M,B,Madison,AR,False,other,Foot,False
2504,2017-09-01,shot,gun,33,M,B,San Francisco,CA,False,attack,Car,False
2505,2017-09-02,shot,undetermined,47,M,H,Miami,FL,False,attack,Not fleeing,False
2506,2017-09-02,shot,unarmed,30,M,W,Springfield,OH,False,other,Car,False
2507,2017-09-03,shot,knife,55,M,A,Oakland,CA,True,undetermined,Not fleeing,False
2508,2017-09-03,shot,gun,73,M,B,Springfield,NV,False,attack,Not fleeing,False
2509,2017-09-03,shot,gun,27,M,W,Georgetown,GA,False,other,Foot,False
2510,2017-09-04,shot,unarmed,29,M,W,Jacksonville,FL,False,other,Not fleeing,False
2511,2017-09-04,shot,knife,26,M,B,Oakland,CA,False,other,Not fleeing,False
2512,2017-09-05,shot,gun,38,M,H,Georgetown,NV,False,other,Foot,False
2513,2017-09-05,shot,other,47,M,B,Springfield,AR,True,undetermined,Not fleeing,False
2514,2017-09-05,shot,gun,52,M,H,Madison,GA,False,attack,Not fleeing,False
2515,2017-09-06,shot,gun,45,M,B,Lincoln,LA,False,undetermined,Foot,False
2516,2017-09-06,shot and Tasered,undetermined,51,F,W,Orlando,FL,False,other,Foot,False
2517,2017-09-07,shot,gun,40,M,W,Georgetown,PA,False,other,Not fleeing,False
2518,2017-09-07,shot,gun,33,M,W,Oakland,CA,False,attack,Not fleeing,True
2519,2017-09-07,shot,undetermined,30,M,H,Georgetown,OH,False,attack,Not fleeing,False
2520,2017-09-08,shot,knife,38,M,H,Madison,TN,False,attack,Foot,False
2521,2017-09-08,shot,knife,30,M,W,Riverside,KY,False,other,Not fleeing,False
2522,2017-09-08,shot,knife,46,M,B,Springfield,GA,True,attack,Not fleeing,False
2523,2017-09-09,shot,gun,30,M,W,Lincoln,MD,True,other,Not fleeing,True
2524,2017-09-09,shot,gun,35,F,W,Madison,MO,False,other,Car,False
2525,2017-09-10,shot,knife,59,M,W,Riverside,KY,True,other,Car,False
2526,2017-09-10,shot,gun,62,M,W,Lincoln,GA,False,other,Not fleeing,False
2527,2017-09-10,shot,vehicle,61,M,W,Phoenix,AZ,False,attack,Foot,False
2528,2017-09-11,shot,gun,40,M,W,Lincoln,NM,False,other,Not fleeing,False
2529,2017-09-11,shot and Tasered,gun,34,M,W,Oakland,CA,True,attack,Foot,True
2530,2017-09-12,shot,gun,49,M,W,Fort Worth,TX,False,undetermined,Car,False
2531,2017-09-12,shot and Tasered,gun,30,M,B,San Diego,CA,False,other,Foot,False
2532,2017-09-12,shot and Tasered,undetermined,53,M,W,Lincoln,AR,True,other,Car,True
2533,2017-09-13,shot,gun,33,M,O,Oakland,CA,False,attack,Not fleeing,False
2534,2017-09-13,shot,gun,38,M,W,Madison,MS,False,attack,Not fleeing,True
2535,2017-09-14,shot,gun,53,M,W,Madison,NC,True,other,Car,False
2536,2017-09-14,shot,gun,23,M,W,San Diego,CA,False,attack,Not fleeing,False
2537,2017-09-14,shot,gun,33,M,W,Springfield,GA,True,other,Not fleeing,False
2538,2017-09-15,shot,gun,46,M,H,Fort Worth,TX,False,attack,Not fleeing,True
2539,2017-09-15,shot,knife,50,M,W,Georgetown,PA,False,other,Car,False
2540,2017-09-15,shot,vehicle,47,M,O,Riverside,OK,True,other,Foot,False
2541,2017-09-16,shot,unarmed,38,M,A,Springfield,OH,False,other,Not fleeing,False
2542,2017-09-16,shot and Tasered,unarmed,55,M,B,Oakland,CA,False,other,Not fleeing,False
2543,2017-09-17,shot,gun,29,M,B,Georgetown,TN,False,other,Not fleeing,False
2544,2017-09-17,shot,vehicle,29,M,B,Riverside,AR,True,other,Not fleeing,True
2545,2017-09-17,shot,knife,46,M,W,Lincoln,NV,True,attack,Car,True
2546,2017-09-18,shot,gun,28,M,B,Lincoln,AL,False,attack,Not fleeing,False
2547,2017-09-18,shot,gun,74,M,W,Houston,TX,False,other,Not fleeing,False
2548,2017-09-19,shot,gun,34,M,W,Madison,NM,True,other,Not fleeing,False
2549,2017-09-19,Tasered,gun,55,M,B,Tucson,AZ,True,other,Not fleeing,False
2550,2017-09-19,shot,gun,27,M,B,San Francisco,CA,False,undetermined,Not fleeing,False
2551,2017-09-20,shot,other,68,M,A,Georgetown,AR,False,other,Other,False
2552,2017-09-20,shot,unarmed,41,M,W,Georgetown,IN,False,attack,Car,False
2553,2017-09-21,shot,gun,33,M,H,Riverside,TN,True,undetermined,Not fleeing,False
2554,2017-09-21,Tasered,gun,37,M,W,Tampa,FL,False,attack,Not fleeing,False
2555,2017-09-21,shot,gun,32,M,W,Jacksonville,FL,False,attack,Not fleeing,False
2556,2017-09-22,shot,gun,38,M,W,Springfield,OH,False,attack,Car,False
2557,2017-09-22,shot,knife,28,M,W,Lincoln,OR,False,attack,Foot,False
2558,2017-09-22,shot,vehicle,34,M,W,Houston,TX,False,undetermined,Not fleeing,True
2559,2017-09-23,shot,gun,55,M,B,Madison,AL,False,attack,Not fleeing,False
2560,2017-09-23,shot,gun,44,M,H,Tucson,AZ,False,attack,Not fleeing,True
2561,2017-09-24,shot,other,29,M,W,Madison,SC,False,attack,Not fleeing,False
2562,2017-09-24,shot,gun,38,M,B,Riverside,KY,False,other,Not fleeing,False
2563,2017-09-24,shot,gun,62,M,H,Georgetown,NC,False,attack,Not fleeing,False
2564,2017-09-25,shot,gun,35,M,H,Denver,CO,False,attack,Other,False
2565,2017-09-25,shot,gun,28,M,B,Georgetown,SC,False,attack,Foot,False
2566,2017-09-26,shot,unarmed,49,F,W,Riverside,NY,True,attack,Foot,False
2567,2017-09-26,shot,knife,21,M,A,Springfield,OK,False,attack,Not fleeing,False
2568,2017-09-26,shot,gun,37,M,B,Springfield,PA,False,undetermined,Car,False
2569,2017-09-27,shot,gun,64,M,W,Fort Worth,TX,False,other,Foot,False
2570,2017-09-27,shot,unarmed,38,M,W,Springfield,AR,False,attack,Not fleeing,True
2571,2017-09-28,shot,gun,57,M,H,Dallas,TX,False,other,Foot,False
2572,2017-09-28,shot,gun,28,M,W,Riverside,IN,False,attack,Not fleeing,False
2573,2017-09-28,shot,undetermined,37,M,O,Fort Lauderdale,FL,False,other,Other,False
2574,2017-09-29,shot,unarmed,36,F,W,Madison,IL,True,attack,Not fleeing,False
2575,2017-09-29,shot,vehicle,48,M,H,Orlando,FL,True,attack,Not fleeing,False
2576,2017-09-30,shot,knife,42,M,W,Tucson,AZ,True,other,Not fleeing,False
2577,2017-09-30,shot,gun,67,M,B,Phoenix,AZ,False,other,Not fleeing,False
2578,2017-09-30,shot,other,34,M,A,Springfield,IL,False,other,Foot,False
2579,2017-10-01,Tasered,gun,42,M,W,Riverside,LA,True,attack,Not fleeing,False
2580,2017-10-01,shot,gun,37,M,B,Georgetown,NM,False,undetermined,Foot,False
2581,2017-10-01,shot,gun,41,M,W,Mesa,AZ,False,attack,Foot,False
2582,2017-10-02,shot,gun,39,M,W,Springfield,OK,False,attack,Foot,False
2583,2017-10-02,shot,gun,30,M,W,Springfield,MD,False,other,Foot,False
2584,2017-10-03,shot,gun,53,M,B,San Antonio,TX,False,attack,Other,False
2585,2017-10-03,shot,gun,32,M,W,Springfield,GA,False,attack,Not fleeing,False
2586,2017-10-03,shot,gun,32,M,W,Georgetown,OH,True,other,Other,False
2587,2017-10-04,shot,gun,25,F,W,Denver,CO,False,attack,Not fleeing,True
2588,2017-10-04,shot,gun,34,M,B,Phoenix,AZ,False,other,Not fleeing,False
2589,2017-10-05,shot,gun,32,M,H,Riverside,OK,True,other,Not fleeing,False
2590,2017-10-05,shot,gun,18,M,W,Fort Worth,TX,True,other,Car,True
2591,2017-10-05,shot,gun,22,M,W,Georgetown,NV,False,attack,Not fleeing,False
2592,2017-10-06,shot,gun,38,M,O,Riverside,IN,False,undetermined,Not fleeing,False
2593,2017-10-06,shot,knife,66,M,W,Lincoln,LA,False,attack,Car,False
2594,2017-10-07,shot,gun,26,M,H,Madison,MO,False,undetermined,Not fleeing,True
2595,2017-10-07,shot and Tasered,gun,40,M,A,Oakland,CA,False,attack,Not fleeing,False
2596,2017-10-07,shot,other,37,M,H,Lincoln,MS,False,attack,Not fleeing,False
2597,2017-10-08,shot,gun,51,M,W,Tampa,FL,False,other,Not fleeing,False
2598,2017-10-08,shot,vehicle,52,M,H,Georgetown,PA,True,undetermined,Not fleeing,False
2599,2017-10-08,shot,knife,85,M,H,Springfield,MN,False,other,Not fleeing,False
2600,2017-10-09,Tasered,gun,45,M,B,Georgetown,MO,False,attack,Other,True
2601,2017-10-09,shot,gun,31,M,W,Madison,NV,True,attack,Foot,False
2602,2017-10-10,shot,knife,34,M,W,Lincoln,NC,False,attack,Not fleeing,True
2603,2017-10-10,shot,gun,35,M,W,Los Angeles,CA,True,attack,Not fleeing,False
2604,2017-10-10,shot,knife,33,M,B,Madison,SC,False,other,Foot,False
2605,2017-10-11,shot,vehicle,73,M,B,San Diego,CA,False,undetermined,Not fleeing,False
2606,2017-10-11,shot,gun,51,M,W,Georgetown,OK,False,other,Car,False
2607,2017-10-12,shot,gun,24,M,B,San Francisco,CA,False,other,Not fleeing,False
2608,2017-10-12,shot,gun,48,M,W,Riverside,MS,False,other,Foot,False
2609,2017-10-12,shot,gun,29,M,B,Houston,TX,False,other,Not fleeing,False
2610,2017-10-13,shot,gun,52,M,N,Madison,WA,False,other,Car,False
2611,2017-10-13,shot,gun,60,M,W,Lincoln,MO,False,other,Foot,False
2612,2017-10-14,shot,gun,38,M,W,Springfield,OH,False,other,Not fleeing,False
2613,2017-10-14,shot,other,33,M,W,Denver,CO,False,other,Not fleeing,False
2614,2017-10-14,shot,knife,68,M,B,Georgetown,OH,False,undetermined,Not fleeing,False
2615,2017-10-15,shot,gun,32,M,H,Scottsdale,AZ,True,undetermined,Foot,False
2616,2017-10-15,shot,gun,31,F,O,Madison,NC,False,other,Foot,False
2617,2017-10-15,shot,gun,30,M,W,Aurora,CO,False,attack,Not fleeing,False
2618,2017-10-16,shot,vehicle,40,M,O,Madison,LA,False,other,Car,False
2619,2017-10-16,shot,gun,44,M,W,Miami,FL,True,attack,Foot,False
2620,2017-10-17,shot,gun,57,M,B,Georgetown,MN,True,other,Not fleeing,False
2621,2017-10-17,shot,unarmed,49,M,W,Springfield,WA,True,other,Foot,False
2622,2017-10-17,shot,gun,49,M,A,Dallas,TX,True,other,Not fleeing,False
2623,2017-10-18,shot,gun,64,M,B,Riverside,OH,False,undetermined,Not fleeing,False
2624,2017-10-18,shot,other,29,M,B,Madison,MS,False,undetermined,Foot,False
2625,2017-10-19,Tasered,gun,25,M,H,Oakland,CA,True,other,Not fleeing,True
2626,2017-10-19,shot,knife,50,M,W,Madison,OK,False,undetermined,Not fleeing,True
2627,2017-10-19,shot,other,39,M,W,Madison,NY,True,other,Foot,False
2628,2017-10-20,shot,gun,57,M,A,Houston,TX,True,attack,Not fleeing,False
2629,2017-10-20,shot,unarmed,40,M,W,Madison,AL,False,attack,Not fleeing,False
2630,2017-10-21,Tasered,gun,33,M,W,Aurora,CO,False,attack,Not fleeing,False
2631,2017-10-21,shot,undetermined,50,M,B,Tempe,AZ,True,other,Not fleeing,False
2632,2017-10-21,shot,gun,42,M,B,Georgetown,AL,False,other,Not fleeing,False
2633,2017-10-22,shot,other,40,M,W,Georgetown,PA,False,other,Car,False
2634,2017-10-22,shot,knife,85,M,W,Madison,OR,True,other,Not fleeing,False
2635,2017-10-22,shot,knife,62,M,W,Georgetown,PA,False,attack,Foot,False
2636,2017-10-23,shot,unarmed,53,M,W,Georgetown,IL,False,undetermined,Not fleeing,False
2637,2017-10-23,shot,gun,42,M,A,Lincoln,AR,True,attack,Not fleeing,False
2638,2017-10-24,shot,gun,41,M,O,Sacramento,CA,False,undetermined,Not fleeing,True
2639,2017-10-24,shot,gun,37,F,B,Riverside,VA,False,undetermined,Not fleeing,False
2640,2017-10-24,shot,gun,44,M,W,Springfield,MO,False,other,Foot,False
2641,2017-10-25,shot,knife,34,M,N,Los Angeles,CA,True,attack,Not fleeing,False
2642,2017-10-25,shot,unarmed,27,M,B,Georgetown,WA,False,attack,Not fleeing,True
2643,2017-10-26,shot,gun,40,M,W,San Francisco,CA,False,other,Foot,False
2644,2017-10-26,shot,gun,45,M,O,Riverside,IL,True,attack,Foot,False
2645,2017-10-26,shot,vehicle,57,M,H,Lincoln,NY,False,attack,Not fleeing,True
2646,2017-10-27,shot,gun,31,M,H,Riverside,WI,False,other,Not fleeing,False
2647,2017-10-27,shot,knife,41,M,H,San Antonio,TX,False,other,Not fleeing,False
2648,2017-10-28,shot,gun,49,M,W,Georgetown,MO,False,attack,Not fleeing,False
2649,2017-10-28,shot,gun,49,M,W,San Antonio,TX,False,other,Not fleeing,False
2650,2017-10-28,shot,knife,71,F,B,Springfield,PA,False,other,Car,True
2651,2017-10-29,shot,gun,37,M,W,Lincoln,NV,False,other,Car,False
2652,2017-10-29,Tasered,gun,30,F,W,Madison,NV,False,attack,Not fleeing,False
2653,2017-10-30,shot,knife,42,M,H,Georgetown,AL,False,undetermined,Car,True
2654,2017-10-30,shot,gun,38,M,H,Madison,MS,False,other,Not fleeing,True
2655,2017-10-30,shot,gun,35,M,B,San Diego,CA,False,attack,Foot,False
2656,2017-10-31,shot,other,34,M,H,Colorado Springs,CO,False,other,Foot,False
2657,2017-10-31,shot and Tasered,knife,45,M,H,Lincoln,OK,True,attack,Not fleeing,False
2658,2017-10-31,shot,knife,32,M,B,Springfield,WA,False,other,Not fleeing,False
2659,2017-11-01,shot,gun,53,M,W,Fort Worth,TX,False,attack,Other,False
2660,2017-11-01,shot,knife,52,M,W,Georgetown,NY,False,other,Foot,False
2661,2017-11-02,shot,gun,47,F,W,Springfield,GA,False,other,Not fleeing,False
2662,2017-11-02,shot,gun,29,M,W,Georgetown,GA,False,attack,Not fleeing,False
2663,2017-11-02,shot,gun,45,M,W,Riverside,SC,False,attack,Not fleeing,False
2664,2017-11-03,shot,gun,58,M,W,Madison,GA,True,undetermined,Not fleeing,False
2665,2017-11-03,shot,gun,54,M,B,San Francisco,CA,False,attack,Not fleeing,False
2666,2017-11-04,shot,knife,51,M,N,San Francisco,CA,False,attack,Car,False
2667,2017-11-04,shot,gun,41,M,W,Riverside,MS,True,attack,Not fleeing,True
2668,2017-11-04,shot,gun,40,M,H,Springfield,WI,True,attack,Not fleeing,False
2669,2017-11-05,shot,gun,62,M,B,Lincoln,OK,False,attack,Not fleeing,False
2670,2017-11-05,shot,vehicle,45,M,W,Denver,CO,False,attack,Not fleeing,True
2671,2017-11-06,shot,gun,45,M,O,Springfield,IN,True,other,Foot,False
2672,2017-11-06,shot,gun,85,M,B,Riverside,TN,False,other,Car,False
2673,2017-11-06,Tasered,gun,37,M,W,Lincoln,AR,False,attack,Not fleeing,False
2674,2017-11-07,shot,gun,21,M,H,Springfield,MD,False,other,Not fleeing,False
2675,2017-11-07,shot,gun,38,M,W,Lincoln,GA,False,attack,Car,False
2676,2017-11-07,shot,gun,39,M,H,Riverside,OH,False,attack,Foot,True
2677,2017-11-08,Tasered,gun,45,M,W,Houston,TX,True,attack,Not fleeing,False
2678,2017-11-08,shot,undetermined,48,M,H,Scottsdale,AZ,False,attack,Not fleeing,True
2679,2017-11-09,shot,knife,22,M,W,Georgetown,VA,False,undetermined,Car,False
2680,2017-11-09,shot,vehicle,49,M,B,Springfield,OR,False,undetermined,Not fleeing,False
2681,2017-11-09,shot,knife,40,M,W,Springfield,NV,False,other,Not fleeing,True
2682,2017-11-10,shot,undetermined,37,M,B,Springfield,OH,False,attack,Not fleeing,False
2683,2017-11-10,shot,gun,24,M,H,Sacramento,CA,False,other,Not fleeing,False
2684,2017-11-11,shot and Tasered,gun,67,M,B,San Diego,CA,True,undetermined,Foot,False
2685,2017-11-11,shot,knife,35,M,B,Denver,CO,False,attack,Foot,False
2686,2017-11-11,shot,undetermined,51,M,B,Georgetown,OH,False,attack,Not fleeing,False
2687,2017-11-12,shot,gun,31,M,A,Georgetown,MO,False,other,Other,False
2688,2017-11-12,shot,gun,45,M,B,San Francisco,CA,False,other,Not fleeing,False
2689,2017-11-13,shot,other,37,M,H,Madison,MN,False,attack,Not fleeing,False
2690,2017-11-13,shot,gun,51,M,H,Aurora,CO,False,undetermined,Not fleeing,False
2691,2017-11-13,shot,gun,37,M,W,Lincoln,AR,False,other,Car,False
2692,2017-11-14,shot,gun,31,M,W,Riverside,NY,False,attack,Not fleeing,False
2693,2017-11-14,shot,gun,41,M,W,Austin,TX,False,attack,Foot,False
2694,2017-11-14,shot and Tasered,unarmed,40,M,H,Riverside,SC,False,undetermined,Not fleeing,False
2695,2017-11-15,shot,gun,44,M,W,Madison,NV,True,other,Car,False
2696,2017-11-15,shot,gun,56,M,B,Lincoln,NY,False,attack,Car,False
2697,2017-11-16,shot,gun,29,M,H,Riverside,WA,False,attack,Foot,True
2698,2017-11-16,shot,gun,55,M,W,San Diego,CA,True,other,Not fleeing,False
2699,2017-11-16,shot,gun,27,M,B,Madison,TN,True,other,Car,False
2700,2017-11-17,shot and Tasered,gun,50,M,W,Springfield,KY,False,attack,Not fleeing,False
2701,2017-11-17,shot and Tasered,other,51,M,W,Sacramento,CA,False,attack,Car,False
2702,2017-11-18,shot,gun,35,M,H,Miami,FL,False,attack,Car,False
2703,2017-11-18,shot,knife,31,M,W,Madison,OR,False,undetermined,Not fleeing,False
2704,2017-11-18,shot,undetermined,31,M,W,Jacksonville,FL,True,undetermined,Not fleeing,True
2705,2017-11-19,shot,gun,42,M,H,Lincoln,TN,False,other,Not fleeing,False
2706,2017-11-19,shot,gun,52,M,W,Georgetown,NY,False,attack,Not fleeing,True
2707,2017-11-20,shot,gun,39,M,O,Riverside,MO,True,attack,Car,False
2708,2017-11-20,Tasered,gun,21,M,O,Georgetown,GA,False,other,Foot,True
2709,2017-11-20,shot,vehicle,34,M,W,Tempe,AZ,False,other,Car,False
2710,2017-11-21,shot,gun,34,M,W,San Diego,CA,False,other,Not fleeing,False
2711,2017-11-21,shot,other,48,M,H,Riverside,IL,False,attack,Other,False
2712,2017-11-21,shot,unarmed,49,M,B,Georgetown,IL,False,other,Not fleeing,False
2713,2017-11-22,shot,undetermined,43,M,W,Georgetown,TN,False,undetermined,Not fleeing,False
2714,2017-11-22,shot,gun,55,F,H,Lincoln,TN,False,attack,Car,False
2715,2017-11-23,shot,gun,57,M,W,Tampa,FL,False,other,Not fleeing,False
2716,2017-11-23,shot,gun,35,F,A,Oakland,CA,True,other,Other,False
2717,2017-11-23,shot,knife,31,M,W,Riverside,SC,True,attack,Foot,False
2718,2017-11-24,shot,gun,40,M,W,Springfield,OH,True,other,Foot,True
2719,2017-11-24,shot,unarmed,43,M,W,Phoenix,AZ,False,attack,Not fleeing,False
2720,2017-11-25,shot,gun,34,M,O,San Diego,CA,False,other,Not fleeing,False
2721,2017-11-25,shot,gun,85,M,H,Los Angeles,CA,False,other,Car,True
2722,2017-11-25,shot,gun,66,M,H,Fort Collins,CO,False,other,Not fleeing,False
2723,2017-11-26,shot,gun,33,M,W,Lincoln,SC,False,attack,Car,False
2724,2017-11-26,shot,gun,29,F,W,Riverside,KY,False,attack,Car,True
2725,2017-11-27,shot,gun,32,M,W,Madison,OR,True,undetermined,Car,False
2726,2017-11-27,shot,gun,57,M,B,Madison,KY,False,undetermined,Not fleeing,False
2727,2017-11-27,shot,knife,58,M,B,Springfield,OR,False,attack,Car,False
2728,2017-11-28,shot,gun,66,M,B,Georgetown,NY,False,attack,Foot,False
2729,2017-11-28,shot,unarmed,31,M,W,Fort Lauderdale,FL,False,attack,Car,False
2730,2017-11-28,shot,unarmed,48,M,O,Georgetown,SC,False,attack,Foot,True
2731,2017-11-29,shot,gun,31,M,W,Dallas,TX,False,other,Foot,False
2732,2017-11-29,shot and Tasered,gun,71,M,O,Tampa,FL,False,attack,Not fleeing,False
2733,2017-11-30,shot,gun,31,M,W,Miami,FL,False,attack,Foot,True
2734,2017-11-30,shot,gun,27,M,B,Riverside,WA,False,other,Not fleeing,False
2735,2017-11-30,shot,unarmed,29,M,W,Scottsdale,AZ,True,other,Not fleeing,True
2736,2017-12-01,shot,other,41,M,W,Austin,TX,False,undetermined,Foot,True
2737,2017-12-01,shot,gun,52,F,B,Lincoln,NC,False,other,Car,False
2738,2017-12-02,shot,undetermined,50,M,W,Madison,NM,False,undetermined,Not fleeing,False
2739,2017-12-02,shot,knife,29,M,W,Lincoln,LA,False,other,Not fleeing,False
2740,2017-12-02,shot,gun,36,F,H,Georgetown,NM,False,attack,Foot,False
2741,2017-12-03,shot,gun,34,M,B,Austin,TX,False,other,Not fleeing,False
2742,2017-12-03,shot,gun,28,M,H,Dallas,TX,False,other,Foot,True
2743,2017-12-04,shot,gun,34,M,W,Lincoln,LA,False,attack,Foot,False
2744,2017-12-04,shot,gun,65,M,B,Georgetown,OH,False,attack,Foot,False
2745,2017-12-04,shot,gun,27,M,B,Lincoln,TN,False,other,Not fleeing,True
2746,2017-12-05,shot,gun,44,M,W,Springfield,SC,True,attack,Not fleeing,False
2747,2017-12-05,shot,knife,65,M,B,Georgetown,IL,False,other,Not fleeing,False
2748,2017-12-06,shot,gun,64,M,W,Madison,IN,False,undetermined,Not fleeing,False
2749,2017-12-06,shot,gun,73,M,W,Lincoln,GA,False,attack,Not fleeing,False
2750,2017-12-06,shot,gun,45,M,W,Dallas,TX,False,other,Not fleeing,False
2751,2017-12-07,shot,gun,48,M,W,Lincoln,NY,False,undetermined,Other,False
2752,2017-12-07,shot,undetermined,34,M,B,San Francisco,CA,False,attack,Car,False
2753,2017-12-07,shot,knife,27,F,B,Phoenix,AZ,True,attack,Not fleeing,False
2754,2017-12-08,shot,gun,39,M,O,San Antonio,TX,False,attack,Not fleeing,False
2755,2017-12-08,shot,knife,60,M,H,Georgetown,GA,False,attack,Car,False
2756,2017-12-09,shot,gun,21,M,W,Oakland,CA,False,other,Car,False
2757,2017-12-09,shot,gun,35,M,A,San Diego,CA,True,other,Not fleeing,False
2758,2017-12-09,shot,other,49,M,A,Springfield,TN,False,other,Car,False
2759,2017-12-10,shot,knife,41,M,W,Springfield,MO,False,attack,Not fleeing,False
2760,2017-12-10,shot,undetermined,63,M,B,Lincoln,NV,False,attack,Not fleeing,True
2761,2017-12-11,shot,undetermined,58,M,O,Springfield,TN,False,other,Car,False
2762,2017-12-11,shot,gun,26,M,B,Sacramento,CA,False,other,Not fleeing,False
2763,2017-12-11,shot,gun,42,M,N,Tucson,AZ,False,attack,Foot,True
2764,2017-12-12,shot,gun,32,M,W,San Antonio,TX,False,attack,Not fleeing,False
2765,2017-12-12,shot,vehicle,32,M,W,Riverside,AR,False,other,Not fleeing,False
2766,2017-12-13,shot,unarmed,26,M,W,Riverside,IL,False,attack,Not fleeing,False
2767,2017-12-13,shot,vehicle,44,M,B,Dallas,TX,False,other,Not fleeing,False
2768,2017-12-13,shot and Tasered,gun,63,F,H,Colorado Springs,CO,False,attack,Not fleeing,False
2769,2017-12-14,shot and Tasered,vehicle,46,M,O,Georgetown,WI,False,attack,Not fleeing,False
2770,2017-12-14,shot,knife,26,M,W,Springfield,MO,False,attack,Not fleeing,False
2771,2017-12-14,shot,gun,40,M,W,Madison,SC,False,other,Not fleeing,False
2772,2017-12-15,shot,gun,49,M,H,Tampa,FL,True,other,Not fleeing,False
2773,2017-12-15,shot,knife,39,M,B,Dallas,TX,False,attack,Car,False
2774,2017-12-16,shot,knife,45,M,W,Madison,VA,True,attack,Foot,False
2775,2017-12-16,shot,gun,33,M,B,Lincoln,OK,False,attack,Not fleeing,True
2776,2017-12-16,shot,gun,38,M,H,Madison,OK,True,attack,Not fleeing,True
2777,2017-12-17,shot,gun,37,M,H,Riverside,NY,True,attack,Not fleeing,False
2778,2017-12-17,shot,knife,68,M,B,Madison,LA,True,attack,Not fleeing,False
2779,2017-12-18,shot,other,29,M,W,Springfield,IL,False,attack,Not fleeing,False
2780,2017-12-18,shot,other,21,M,O,Orlando,FL,False,other,Other,False
2781,2017-12-18,shot and Tasered,gun,66,M,B,Boulder,CO,True,undetermined,Foot,False
2782,2017-12-19,shot,undetermined,43,M,W,Springfield,NM,True,attack,Car,True
2783,2017-12-19,shot,gun,27,M,W,Mesa,AZ,True,attack,Not fleeing,False
2784,2017-12-20,shot and Tasered,unarmed,56,M,H,Georgetown,NY,False,attack,Not fleeing,False
2785,2017-12-20,shot,gun,50,M,W,Springfield,OK,False,attack,Not fleeing,True
2786,2017-12-20,shot,vehicle,72,M,W,Lincoln,MI,False,undetermined,Car,True
2787,2017-12-21,shot,gun,44,M,B,Springfield,NC,True,attack,Car,True
2788,2017-12-21,shot,unarmed,85,M,W,Georgetown,NC,False,attack,Not fleeing,False
2789,2017-12-21,shot,knife,39,M,B,Lincoln,AR,False,other,Not fleeing,False
2790,2017-12-22,shot,gun,50,M,W,Madison,SC,False,other,Not fleeing,False
2791,2017-12-22,shot,gun,52,M,B,Riverside,NV,False,other,Foot,False
2792,2017-12-23,shot,gun,85,M,W,Madison,OH,False,undetermined,Not fleeing,False
2793,2017-12-23,shot,gun,35,M,W,Tucson,AZ,False,attack,Not fleeing,False
2794,2017-12-23,shot,gun,35,M,W,Riverside,MO,False,attack,Foot,False
2795,2017-12-24,shot,gun,53,M,O,Georgetown,NM,True,attack,Foot,False
2796,2017-12-24,shot and Tasered,unarmed,27,M,A,Lincoln,NM,True,other,Not fleeing,False
2797,2017-12-25,shot,other,32,F,W,Sacramento,CA,False,other,Car,False
2798,2017-12-25,shot,gun,39,M,H,Springfield,NC,False,other,Not fleeing,False
2799,2017-12-25,shot,gun,71,M,B,Madison,OH,False,attack,Not fleeing,False
2800,2017-12-26,shot,gun,53,M,O,Georgetown,MN,False,attack,Not fleeing,False
2801,2017-12-26,shot,gun,42,M,W,Madison,OK,False,other,Foot,False
2802,2017-12-27,shot,unarmed,34,M,B,Springfield,GA,False,other,Not fleeing,False
2803,2017-12-27,shot,gun,82,M,W,Los Angeles,CA,True,other,Not fleeing,False
2804,2017-12-27,shot,knife,40,M,W,Georgetown,LA,False,attack,Car,False
2805,2017-12-28,shot,gun,32,M,O,Los Angeles,CA,False,undetermined,Foot,False
2806,2017-12-28,shot,vehicle,85,M,B,Georgetown,AR,False,attack,Foot,False
2807,2017-12-28,shot,other,27,M,W,Springfield,MD,False,other,Not fleeing,False
2808,2017-12-29,shot and Tasered,gun,64,M,W,Lincoln,OH,False,other,Foot,False
2809,2017-12-29,shot,other,41,M,H,Georgetown,NC,True,undetermined,Not fleeing,False
2810,2017-12-30,shot,gun,53,M,B,Lincoln,OR,True,attack,Not fleeing,True
2811,2017-12-30,shot,gun,49,M,W,Scottsdale,AZ,False,attack,Foot,False
2812,2017-12-30,shot,other,52,M,O,Fort Lauderdale,FL,False,attack,Car,False
2813,2017-12-31,shot,knife,85,M,W,Madison,IN,True,other,Car,False
2814,2017-12-31,shot,gun,85,M,W,Riverside,SC,False,attack,Not fleeing,False
2815,2018-01-01,shot,gun,32,M,O,Springfield,AL,True,attack,Not fleeing,False
2816,2018-01-01,shot,gun,49,M,W,Houston,TX,False,undetermined,Other,False
2817,2018-01-01,shot,knife,24,M,W,San Antonio,TX,False,undetermined,Not fleeing,False
2818,2018-01-02,shot,unarmed,55,M,B,San Francisco,CA,False,attack,Not fleeing,False
2819,2018-01-02,shot,gun,59,M,H,Tampa,FL,True,attack,Not fleeing,False
2820,2018-01-03,shot,knife,21,M,W,Riverside,VA,False,attack,Not fleeing,True
2821,2018-01-03,shot,gun,41,M,O,Fort Lauderdale,FL,False,other,Car,False
2822,2018-01-03,shot,knife,53,M,H,Georgetown,NV,False,other,Not fleeing,False
2823,2018-01-04,shot,gun,46,F,W,Jacksonville,FL,True,attack,Not fleeing,True
2824,2018-01-04,shot,gun,27,M,H,Lincoln,GA,True,attack,Not fleeing,False
2825,2018-01-05,shot,gun,28,M,W,Georgetown,MN,False,attack,Car,False
2826,2018-01-05,shot,gun,39,M,W,Jacksonville,FL,False,attack,Not fleeing,False
2827,2018-01-05,shot,gun,35,M,H,Georgetown,GA,False,undetermined,Not fleeing,False
2828,2018-01-06,shot,gun,36,M,O,Mesa,AZ,False,attack,Car,False
2829,2018-01-06,shot,gun,26,M,W,Los Angeles,CA,False,other,Car,True
2830,2018-01-06,shot,gun,41,M,W,Georgetown,OH,False,undetermined,Foot,False
2831,2018-01-07,shot,gun,71,M,B,Georgetown,GA,False,other,Other,True
2832,2018-01-07,shot and Tasered,gun,27,M,W,Georgetown,OK,False,attack,Foot,True
2833,2018-01-08,shot,gun,38,M,W,Lincoln,AL,False,attack,Foot,False
2834,2018-01-08,shot,other,51,M,W,Lincoln,NY,False,undetermined,Not fleeing,False
2835,2018-01-08,shot,gun,25,M,B,Sacramento,CA,True,attack,Car,False
2836,2018-01-09,shot,gun,41,M,W,Lincoln,PA,False,undetermined,Not fleeing,False
2837,2018-01-09,shot,knife,59,M,W,San Diego,CA,False,attack,Foot,False
2838,2018-01-10,shot,gun,29,M,H,Georgetown,PA,False,attack,Foot,False
2839,2018-01-10,shot,gun,43,M,H,Madison,OK,False,other,Not fleeing,False
2840,2018-01-10,shot,gun,57,M,B,Austin,TX,False,other,Not fleeing,False
2841,2018-01-11,shot,gun,85,M,W,Madison,AL,False,attack,Foot,False
2842,2018-01-11,shot,undetermined,42,M,B,Georgetown,KY,True,attack,Not fleeing,True
2843,2018-01-12,shot,gun,32,M,W,Georgetown,AL,False,undetermined,Not fleeing,False
2844,2018-01-12,shot,gun,23,M,W,Scottsdale,AZ,False,attack,Not fleeing,False
2845,2018-01-12,shot,gun,32,M,H,Georgetown,MO,True,attack,Car,True
2846,2018-01-13,shot,gun,26,M,W,Madison,KY,False,attack,Not fleeing,False
2847,2018-01-13,shot,gun,74,M,W,Tucson,AZ,True,other,Not fleeing,True
2848,2018-01-13,shot,gun,56,M,W,Georgetown,AL,False,undetermined,Foot,False
2849,2018-01-14,shot,knife,28,M,W,San Diego,CA,False,attack,Not fleeing,False
2850,2018-01-14,shot,vehicle,31,M,W,San Diego,CA,True,attack,Car,True
2851,2018-01-15,shot and Tasered,gun,42,M,O,Madison,MD,False,attack,Foot,False
2852,2018-01-15,shot,knife,58,M,W,Georgetown,MD,False,other,Not fleeing,True
2853,2018-01-15,shot,unarmed,49,M,W,Riverside,VA,False,other,Foot,True
2854,2018-01-16,shot,other,47,M,W,Lincoln,KY,True,attack,Not fleeing,True
2855,2018-01-16,shot,gun,44,M,O,Sacramento,CA,False,attack,Not fleeing,False
2856,2018-01-17,shot,other,28,M,B,Fort Lauderdale,FL,False,attack,Foot,False
2857,2018-01-17,shot and Tasered,gun,42,M,W,Georgetown,OR,False,attack,Car,True
2858,2018-01-17,shot,vehicle,40,M,A,Houston,TX,False,attack,Not fleeing,False
2859,2018-01-18,shot,gun,26,M,W,Riverside,OK,False,undetermined,Not fleeing,False
2860,2018-01-18,shot,undetermined,73,M,W,Madison,NY,False,attack,Not fleeing,False
2861,2018-01-19,shot and Tasered,gun,33,M,W,San Diego,CA,True,other,Other,False
2862,2018-01-19,shot,knife,26,M,W,Jacksonville,FL,False,attack,Not fleeing,True
2863,2018-01-19,shot,gun,35,F,W,Georgetown,WA,False,undetermined,Foot,False
2864,2018-01-20,shot,unarmed,37,M,B,Riverside,MS,True,attack,Not fleeing,False
2865,2018-01-20,shot,other,40,M,W,Lincoln,NV,False,attack,Car,False
2866,2018-01-20,shot,gun,37,M,B,Riverside,PA,False,attack,Car,True
2867,2018-01-21,shot,gun,41,M,W,Georgetown,WA,False,other,Not fleeing,False
2868,2018-01-21,shot,gun,43,M,W,Mesa,AZ,False,attack,Not fleeing,True
2869,2018-01-22,shot,gun,42,M,W,Houston,TX,False,undetermined,Not fleeing,False
2870,2018-01-22,shot,undetermined,47,M,O,Riverside,GA,False,other,Not fleeing,False
2871,2018-01-22,shot,gun,48,M,W,San Diego,CA,False,other,Foot,False
2872,2018-01-23,shot,gun,48,M,B,Dallas,TX,False,attack,Foot,False
2873,2018-01-23,shot and Tasered,knife,53,M,W,Riverside,NC,True,attack,Not fleeing,True
2874,2018-01-24,shot and Tasered,gun,32,M,W,Riverside,NC,True,attack,Foot,False
2875,2018-01-24,shot,gun,33,M,W,Oakland,CA,False,attack,Not fleeing,False
2876,2018-01-24,shot and Tasered,gun,59,M,W,Lincoln,MO,True,attack,Foot,False
2877,2018-01-25,shot,knife,35,M,W,Riverside,NY,True,undetermined,Car,False
2878,2018-01-25,shot,gun,39,M,W,Oakland,CA,False,other,Other,False
2879,2018-01-26,shot,gun,38,M,H,Springfield,IN,False,other,Not fleeing,False
2880,2018-01-26,shot,gun,85,M,W,Sacramento,CA,False,attack,Car,False
2881,2018-01-26,shot,unarmed,31,M,B,Georgetown,MS,True,attack,Car,False
2882,2018-01-27,shot,gun,30,M,W,Los Angeles,CA,False,attack,Not fleeing,True
2883,2018-01-27,shot,unarmed,41,M,B,Lincoln,NM,False,other,Other,False
2884,2018-01-27,shot,knife,38,M,B,Oakland,CA,False,attack,Not fleeing,False
2885,2018-01-28,shot,gun,28,M,W,Springfield,MD,False,other,Other,False
2886,2018-01-28,shot,knife,40,M,W,Boulder,CO,True,other,Foot,False
2887,2018-01-29,shot,gun,41,M,H,Springfield,IL,False,other,Car,False
2888,2018-01-29,shot,unarmed,34,M,A,Riverside,GA,False,attack,Not fleeing,False
2889,2018-01-29,shot,undetermined,39,M,W,San Francisco,CA,False,attack,Not fleeing,True
2890,2018-01-30,shot and Tasered,gun,31,M,W,Lincoln,MD,False,other,Foot,False
2891,2018-01-30,shot,vehicle,28,M,A,Los Angeles,CA,False,undetermined,Car,False
2892,2018-01-31,shot,gun,35,M,W,Riverside,KY,False,undetermined,Other,True
2893,2018-01-31,shot,gun,29,M,B,Sacramento,CA,False,other,Not fleeing,False
2894,2018-01-31,shot,gun,26,M,W,Madison,OH,True,undetermined,Foot,False
2895,2018-02-01,shot,knife,23,M,W,Riverside,NV,False,attack,Foot,True
2896,2018-02-01,shot,gun,44,M,B,Riverside,GA,True,attack,Other,True
2897,2018-02-02,shot,gun,35,M,B,Fort Worth,TX,False,attack,Not fleeing,False
2898,2018-02-02,shot,unarmed,59,M,W,Madison,MD,False,other,Not fleeing,False
2899,2018-02-02,shot,vehicle,36,M,B,Springfield,VA,False,attack,Not fleeing,False
2900,2018-02-03,shot,unarmed,44,M,H,Lincoln,KY,False,attack,Not fleeing,False
2901,2018-02-03,shot,gun,33,M,B,Aurora,CO,True,other,Car,False
2902,2018-02-03,shot,knife,40,M,W,Springfield,WA,False,attack,Not fleeing,True
2903,2018-02-04,shot,undetermined,23,M,B,Colorado Springs,CO,True,other,Not fleeing,False
2904,2018-02-04,shot,gun,35,M,H,Jacksonville,FL,True,attack,Car,False
2905,2018-02-05,shot,vehicle,31,M,H,Lincoln,IL,False,undetermined,Not fleeing,True
2906,2018-02-05,shot,gun,56,M,B,Aurora,CO,False,undetermined,Not fleeing,False
2907,2018-02-05,shot,knife,43,M,W,Georgetown,NC,False,undetermined,Not fleeing,False
2908,2018-02-06,shot,knife,53,M,H,Springfield,GA,False,other,Not fleeing,False
2909,2018-02-06,shot,undetermined,61,M,B,Madison,NV,False,other,Not fleeing,False
2910,2018-02-07,shot,gun,34,M,W,Georgetown,KY,False,attack,Not fleeing,False
2911,2018-02-07,shot,unarmed,42,M,W,Georgetown,TN,True,other,Not fleeing,False
2912,2018-02-07,shot and Tasered,gun,28,M,W,Georgetown,OH,False,other,Not fleeing,False
2913,2018-02-08,shot,gun,46,M,B,Lincoln,VA,False,attack,Car,False
2914,2018-02-08,shot,gun,49,M,W,Springfield,PA,False,other,Car,False
2915,2018-02-09,shot,gun,45,M,B,Los Angeles,CA,False,attack,Not fleeing,True
2916,2018-02-09,shot,gun,34,M,N,San Diego,CA,False,attack,Not fleeing,False
2917,2018-02-09,shot and Tasered,other,76,M,H,San Francisco,CA,False,attack,Not fleeing,False
2918,2018-02-10,shot,gun,41,M,O,Madison,OH,False,other,Not fleeing,False
2919,2018-02-10,shot,gun,85,M,O,Springfield,AL,False,undetermined,Not fleeing,False
2920,2018-02-11,shot,other,28,M,W,Scottsdale,AZ,False,other,Foot,False
2921,2018-02-11,shot,gun,50,M,B,Madison,GA,True,attack,Not fleeing,False
2922,2018-02-11,shot,gun,57,M,W,Riverside,OR,False,undetermined,Not fleeing,False
2923,2018-02-12,shot,gun,29,M,H,Madison,AR,True,attack,Not fleeing,False
2924,2018-02-12,shot,gun,37,M,W,Georgetown,TN,True,attack,Foot,False
2925,2018-02-12,shot,gun,26,M,O,Orlando,FL,False,undetermined,Not fleeing,False
2926,2018-02-13,shot,gun,62,M,B,Oakland,CA,False,other,Not fleeing,False
2927,2018-02-13,shot,knife,39,M,H,Sacramento,CA,False,other,Not fleeing,False
2928,2018-02-14,shot,vehicle,31,M,W,Los Angeles,CA,False,attack,Car,False
2929,2018-02-14,shot,undetermined,57,M,W,Mesa,AZ,False,attack,Foot,False
2930,2018-02-14,shot,gun,41,M,H,Madison,NY,False,attack,Not fleeing,False
2931,2018-02-15,shot,gun,54,M,W,Oakland,CA,False,other,Not fleeing,False
2932,2018-02-15,shot and Tasered,gun,47,M,H,Fort Worth,TX,False,attack,Not fleeing,False
2933,2018-02-16,shot,gun,29,F,W,Houston,TX,False,attack,Not fleeing,False
2934,2018-02-16,shot,unarmed,34,M,B,Madison,PA,False,attack,Other,False
2935,2018-02-16,shot,gun,31,M,W,Springfield,PA,True,other,Not fleeing,False
2936,2018-02-17,shot,other,28,M,B,Georgetown,NY,False,attack,Not fleeing,False
2937,2018-02-17,shot,gun,24,M,H,Fort Lauderdale,FL,False,undetermined,Not fleeing,True
2938,2018-02-18,shot,gun,82,M,W,Colorado Springs,CO,False,attack,Foot,True
2939,2018-02-18,shot,gun,45,M,W,Oakland,CA,False,other,Car,False
2940,2018-02-18,shot,gun,47,M,W,Fort Lauderdale,FL,True,other,Not fleeing,False
2941,2018-02-19,shot,knife,60,M,B,Springfield,OR,False,other,Car,False
2942,2018-02-19,shot,other,34,F,B,Riverside,MN,False,attack,Car,False
2943,2018-02-19,shot,gun,26,M,H,Riverside,TN,False,other,Not fleeing,False
2944,2018-02-20,shot,gun,53,M,B,Madison,KY,True,attack,Not fleeing,True
2945,2018-02-20,shot,gun,27,F,W,Lincoln,PA,False,other,Other,False
2946,2018-02-21,shot,gun,52,M,W,San Diego,CA,True,attack,Not fleeing,False
2947,2018-02-21,shot,gun,25,M,W,Madison,MI,False,attack,Not fleeing,False
2948,2018-02-21,shot,knife,27,M,W,San Diego,CA,True,attack,Other,False
2949,2018-02-22,shot,vehicle,33,M,O,Riverside,OK,False,undetermined,Not fleeing,False
2950,2018-02-22,shot,gun,51,M,A,Miami,FL,False,attack,Not fleeing,False
2951,2018-02-23,shot,knife,72,M,W,Georgetown,GA,False,attack,Foot,False
2952,2018-02-23,shot,unarmed,47,M,B,Riverside,TN,False,other,Not fleeing,True
2953,2018-02-23,shot,gun,33,M,H,Georgetown,NC,False,other,Not fleeing,False
2954,2018-02-24,shot,gun,56,M,W,Fort Lauderdale,FL,False,attack,Not fleeing,False
2955,2018-02-24,shot,gun,25,M,W,Scottsdale,AZ,False,attack,Not fleeing,False
2956,2018-02-25,shot,gun,30,M,W,Aurora,CO,False,attack,Not fleeing,True
2957,2018-02-25,shot,gun,42,M,B,Lincoln,WI,True,attack,Car,False
2958,2018-02-25,shot,gun,53,M,O,Madison,SC,False,attack,Foot,False
2959,2018-02-26,shot,gun,38,M,H,Riverside,OH,True,undetermined,Not fleeing,True
2960,2018-02-26,shot,vehicle,37,M,W,Fort Worth,TX,False,attack,Not fleeing,False
2961,2018-02-26,shot and Tasered,gun,37,M,W,Lincoln,SC,True,attack,Foot,False
2962,2018-02-27,shot,gun,60,M,H,Dallas,TX,True,undetermined,Not fleeing,True
2963,2018-02-27,shot,vehicle,31,M,H,Dallas,TX,False,undetermined,Car,False
2964,2018-02-28,shot,knife,29,M,B,Aurora,CO,False,attack,Car,True
2965,2018-02-28,shot,gun,37,M,B,Georgetown,NM,False,other,Not fleeing,False
2966,2018-02-28,shot,other,63,M,W,San Antonio,TX,True,other,Not fleeing,False
2967,2018-03-01,shot,gun,33,M,H,San Antonio,TX,False,attack,Not fleeing,True
2968,2018-03-01,shot,vehicle,37,M,H,Riverside,OH,True,other,Foot,False
2969,2018-03-02,shot,other,25,M,W,Tampa,FL,False,undetermined,Not fleeing,True
2970,2018-03-02,shot,knife,38,M,H,Springfield,LA,False,attack,Car,False
2971,2018-03-02,shot,knife,44,M,W,Georgetown,NC,True,attack,Car,False
2972,2018-03-03,shot,undetermined,27,M,W,Madison,NC,True,other,Not fleeing,False
2973,2018-03-03,shot,gun,60,M,W,San Diego,CA,False,other,Not fleeing,False
2974,2018-03-04,shot,gun,44,M,W,Austin,TX,False,other,Not fleeing,False
2975,2018-03-04,shot,knife,34,M,W,Georgetown,AL,False,attack,Foot,False
2976,2018-03-04,shot and Tasered,undetermined,44,M,W,Georgetown,NM,True,other,Car,True
2977,2018-03-05,shot,knife,48,M,B,Tampa,FL,False,undetermined,Not fleeing,False
2978,2018-03-05,shot,other,23,M,B,Los Angeles,CA,False,attack,Not fleeing,False
2979,2018-03-05,shot,gun,45,M,W,Sacramento,CA,False,attack,Not fleeing,True
2980,2018-03-06,shot,unarmed,62,M,W,Springfield,MO,False,other,Not fleeing,False
2981,2018-03-06,shot,undetermined,31,M,B,Madison,NV,False,attack,Not fleeing,False
2982,2018-03-07,shot,gun,34,M,W,Boulder,CO,True,undetermined,Car,True
2983,2018-03-07,shot,other,36,M,W,Georgetown,OK,True,attack,Not fleeing,True
2984,2018-03-07,shot,gun,53,F,A,Springfield,NV,False,other,Foot,False
2985,2018-03-08,shot,other,29,M,H,Riverside,IN,False,other,Not fleeing,False
2986,2018-03-08,shot,undetermined,47,M,H,San Diego,CA,False,other,Car,False
2987,2018-03-09,shot,gun,36,M,B,Fort Worth,TX,True,other,Foot,False
2988,2018-03-09,shot,gun,73,M,W,San Francisco,CA,True,other,Not fleeing,False
2989,2018-03-09,shot,gun,37,M,H,Georgetown,MS,False,attack,Not fleeing,False
2990,2018-03-10,shot,gun,21,M,W,Georgetown,SC,False,other,Not fleeing,False
2991,2018-03-10,shot,gun,51,M,W,Riverside,LA,False,attack,Foot,False
2992,2018-03-11,shot,gun,47,M,W,Los Angeles,CA,False,attack,Foot,False
2993,2018-03-11,shot,gun,43,M,H,Tampa,FL,True,other,Not fleeing,False
2994,2018-03-11,shot,gun,61,M,W,Tucson,AZ,False,attack,Not fleeing,False
2995,2018-03-12,shot,other,24,M,N,Riverside,LA,False,other,Car,False
2996,2018-03-12,shot,gun,30,M,A,Fort Lauderdale,FL,False,attack,Not fleeing,False
2997,2018-03-12,shot,knife,40,M,B,San Francisco,CA,False,attack,Not fleeing,False
2998,2018-03-13,shot,gun,42,M,H,Madison,NV,True,attack,Not fleeing,True
2999,2018-03-13,shot,knife,38,M,B,Phoenix,AZ,False,attack,Not fleeing,False
3000,2018-03-14,shot,undetermined,25,M,H,Springfield,NC,False,undetermined,Not fleeing,False
3001,2018-03-14,shot,gun,34,M,W,Houston,TX,True,other,Not fleeing,False
3002,2018-03-14,shot,gun,71,F,H,Madison,SC,True,attack,Car,False
3003,2018-03-15,shot,knife,28,M,B,Georgetown,LA,True,other,Foot,False
3004,2018-03-15,shot,gun,40,M,O,Madison,OR,False,undetermined,Not fleeing,False
3005,2018-03-16,shot,gun,47,M,B,Riverside,WA,False,attack,Not fleeing,False
3006,2018-03-16,shot and Tasered,gun,53,M,B,Lincoln,IN,False,attack,Not fleeing,False
3007,2018-03-16,shot,gun,51,M,H,Lincoln,OR,True,attack,Foot,True
3008,2018-03-17,shot,knife,34,M,H,Lincoln,LA,False,attack,Foot,False
3009,2018-03-17,shot,undetermined,30,M,B,Springfield,IN,True,other,Not fleeing,False
3010,2018-03-18,shot,knife,73,M,W,Mesa,AZ,True,other,Not fleeing,False
3011,2018-03-18,shot,gun,55,M,B,Aurora,CO,False,attack,Foot,True
3012,2018-03-18,shot,gun,41,M,O,Los Angeles,CA,False,undetermined,Car,False
3013,2018-03-19,shot,other,65,M,H,Riverside,MO,True,other,Not fleeing,False
3014,2018-03-19,shot,undetermined,25,M,H,Lincoln,NV,False,undetermined,Not fleeing,False
3015,2018-03-20,Tasered,gun,26,M,W,Lincoln,VA,True,other,Car,False
3016,2018-03-20,shot,undetermined,21,M,B,Houston,TX,False,other,Not fleeing,False
3017,2018-03-20,shot,other,42,M,B,Lincoln,NC,False,attack,Not fleeing,False
3018,2018-03-21,shot,gun,43,M,H,Fort Worth,TX,False,attack,Not fleeing,False
3019,2018-03-21,shot,knife,26,M,W,Madison,TN,False,attack,Not fleeing,False
3020,2018-03-21,shot,gun,54,M,H,Austin,TX,False,undetermined,Other,False
3021,2018-03-22,shot and Tasered,gun,22,M,B,Lincoln,OR,False,attack,Not fleeing,False
3022,2018-03-22,shot,gun,46,M,W,Fort Lauderdale,FL,False,other,Foot,False
3023,2018-03-23,shot,gun,49,M,W,Tucson,AZ,True,attack,Car,False
3024,2018-03-23,shot,undetermined,42,M,W,Riverside,AR,True,undetermined,Not fleeing,True
3025,2018-03-23,shot,unarmed,25,M,B,Georgetown,OH,False,other,Car,False
3026,2018-03-24,shot,gun,61,M,W,San Francisco,CA,False,other,Not fleeing,False
3027,2018-03-24,shot,gun,34,M,W,Springfield,OH,False,other,Not fleeing,False
3028,2018-03-25,shot,gun,34,M,H,Oakland,CA,False,other,Not fleeing,False
3029,2018-03-25,shot,gun,32,M,W,Madison,MN,False,other,Not fleeing,True
3030,2018-03-25,shot,vehicle,51,M,W,Madison,MO,False,attack,Foot,False
3031,2018-03-26,shot,gun,34,M,B,Tampa,FL,False,attack,Foot,True
3032,2018-03-26,shot,gun,27,M,B,Lincoln,LA,False,attack,Not fleeing,False
3033,2018-03-27,shot,gun,56,M,H,Oakland,CA,True,attack,Not fleeing,False
3034,2018-03-27,shot,gun,40,M,W,Georgetown,SC,False,undetermined,Car,False
3035,2018-03-27,shot,knife,57,M,H,Riverside,KY,True,other,Car,False
3036,2018-03-28,shot,gun,41,M,B,Georgetown,NM,True,undetermined,Not fleeing,False
3037,2018-03-28,shot,knife,31,M,W,Boulder,CO,False,attack,Not fleeing,False
3038,2018-03-28,shot,vehicle,23,M,W,Tucson,AZ,False,attack,Not fleeing,False
3039,2018-03-29,shot,gun,42,M,W,Oakland,CA,False,attack,Car,False
3040,2018-03-29,shot,other,36,M,W,Georgetown,TN,False,other,Foot,False
3041,2018-03-30,shot and Tasered,gun,52,M,H,Springfield,NY,True,other,Not fleeing,False
3042,2018-03-30,shot,undetermined,33,M,B,Riverside,OH,False,other,Not fleeing,False
3043,2018-03-30,shot,gun,46,M,W,Springfield,OR,False,attack,Not fleeing,False
3044,2018-03-31,shot,gun,40,M,W,Austin,TX,False,attack,Foot,False
3045,2018-03-31,shot,gun,31,M,W,San Francisco,CA,True,other,Car,False
3046,2018-04-01,shot,gun,34,M,B,Oakland,CA,False,other,Car,False
3047,2018-04-01,shot,other,26,M,W,Fort Lauderdale,FL,False,attack,Car,False
3048,2018-04-01,shot,gun,75,M,B,Los Angeles,CA,False,attack,Not fleeing,False
3049,2018-04-02,shot,knife,46,M,W,Springfield,WA,False,attack,Not fleeing,False
3050,2018-04-02,shot,unarmed,26,F,B,Scottsdale,AZ,False,attack,Foot,True
3051,2018-04-03,shot,gun,74,M,H,Austin,TX,False,other,Car,False
3052,2018-04-03,shot,other,28,M,W,Georgetown,IL,False,other,Not fleeing,False
3053,2018-04-03,shot,gun,33,M,B,San Antonio,TX,False,attack,Foot,False
3054,2018-04-04,shot,undetermined,37,M,O,Lincoln,OK,False,other,Not fleeing,False
3055,2018-04-04,shot,knife,40,M,W,Boulder,CO,False,attack,Not fleeing,False
3056,2018-04-04,shot and Tasered,knife,51,F,B,Lincoln,WA,False,other,Not fleeing,False
3057,2018-04-05,shot,gun,22,M,W,Riverside,IN,True,attack,Other,False
3058,2018-04-05,shot and Tasered,vehicle,41,M,B,Los Angeles,CA,False,undetermined,Not fleeing,False
3059,2018-04-06,shot,gun,36,M,W,Georgetown,WA,False,other,Other,True
3060,2018-04-06,shot,gun,43,M,O,Lincoln,MS,False,attack,Car,False
3061,2018-04-06,shot,gun,36,M,H,Springfield,MO,False,other,Not fleeing,False
3062,2018-04-07,shot,gun,34,M,H,Tampa,FL,False,other,Not fleeing,False
3063,2018-04-07,shot,gun,38,M,H,Lincoln,GA,False,attack,Foot,False
3064,2018-04-08,shot,undetermined,72,M,B,Georgetown,OK,False,attack,Not fleeing,False
3065,2018-04-08,shot,knife,35,M,W,Riverside,NM,False,attack,Not fleeing,False
3066,2018-04-08,shot,knife,60,M,H,Los Angeles,CA,False,other,Not fleeing,True
3067,2018-04-09,shot,unarmed,42,M,O,Los Angeles,CA,False,attack,Not fleeing,False
3068,2018-04-09,shot,vehicle,41,M,B,Tucson,AZ,False,other,Not fleeing,False
3069,2018-04-10,shot,gun,43,M,O,Fort Lauderdale,FL,False,other,Not fleeing,False
3070,2018-04-10,shot,knife,47,M,B,Tampa,FL,True,other,Car,False
3071,2018-04-10,shot,other,35,M,B,Orlando,FL,False,other,Not fleeing,False
3072,2018-04-11,shot,gun,58,M,B,San Antonio,TX,True,other,Not fleeing,False
3073,2018-04-11,shot,knife,47,M,W,Fort Worth,TX,False,attack,Not fleeing,False
3074,2018-04-11,shot and Tasered,gun,27,M,W,Lincoln,IN,False,attack,Other,True
3075,2018-04-12,shot,gun,21,F,W,Austin,TX,False,other,Not fleeing,False
3076,2018-04-12,shot,other,71,M,B,Fort Worth,TX,True,other,Foot,False
3077,2018-04-13,shot,gun,43,M,W,Tampa,FL,False,attack,Not fleeing,False
3078,2018-04-13,shot,gun,26,M,W,Riverside,IN,False,attack,Not fleeing,False
3079,2018-04-13,shot,other,35,M,O,Georgetown,MD,False,other,Foot,False
3080,2018-04-14,shot and Tasered,knife,55,M,W,Georgetown,VA,True,other,Car,False
3081,2018-04-14,shot,gun,38,M,B,Sacramento,CA,True,attack,Not fleeing,False
3082,2018-04-15,shot,gun,39,M,W,Riverside,AR,False,attack,Car,False
3083,2018-04-15,shot,undetermined,51,M,W,Lincoln,GA,False,other,Not fleeing,False
3084,2018-04-15,shot,gun,45,M,H,Tampa,FL,False,other,Not fleeing,False
3085,2018-04-16,shot,gun,49,M,B,Madison,LA,False,attack,Foot,False
3086,2018-04-16,shot,gun,51,M,H,Springfield,AL,False,attack,Foot,False
3087,2018-04-17,Tasered,other,32,M,W,Georgetown,VA,False,attack,Not fleeing,False
3088,2018-04-17,shot,vehicle,33,M,B,Riverside,NM,False,attack,Not fleeing,True
3089,2018-04-17,shot,gun,30,M,W,Riverside,KY,True,undetermined,Car,False
3090,2018-04-18,shot,vehicle,33,M,W,Jacksonville,FL,False,other,Car,False
3091,2018-04-18,shot,undetermined,38,M,W,Lincoln,NC,False,undetermined,Not fleeing,False
3092,2018-04-19,shot,other,39,M,W,San Francisco,CA,False,other,Car,False
3093,2018-04-19,shot,vehicle,65,M,W,Lincoln,NM,False,attack,Car,False
3094,2018-04-19,shot,unarmed,44,M,W,Houston,TX,False,other,Not fleeing,False
3095,2018-04-20,shot,gun,39,M,O,Georgetown,MS,False,attack,Car,False
3096,2018-04-20,shot,gun,29,M,W,Phoenix,AZ,False,other,Not fleeing,False
3097,2018-04-20,shot,unarmed,36,M,W,Aurora,CO,False,attack,Not fleeing,False
3098,2018-04-21,shot,vehicle,73,M,W,San Francisco,CA,False,attack,Not fleeing,False
3099,2018-04-21,shot,undetermined,73,M,B,Phoenix,AZ,False,attack,Car,False
3100,2018-04-22,shot,gun,36,M,W,Springfield,NM,True,other,Not fleeing,False
3101,2018-04-22,shot,knife,24,F,A,Sacramento,CA,False,attack,Foot,False
3102,2018-04-22,shot,knife,34,M,O,Lincoln,GA,False,attack,Not fleeing,False
3103,2018-04-23,shot,vehicle,65,M,W,Sacramento,CA,False,other,Car,False
3104,2018-04-23,shot,gun,38,M,B,Aurora,CO,False,other,Foot,False
3105,2018-04-24,shot,unarmed,51,M,W,Houston,TX,False,attack,Foot,False
3106,2018-04-24,shot,gun,40,M,B,Fort Lauderdale,FL,False,attack,Not fleeing,False
3107,2018-04-24,shot,knife,25,M,W,Lincoln,NM,False,other,Not fleeing,False
3108,2018-04-25,shot,knife,40,M,W,Madison,NC,False,attack,Car,False
3109,2018-04-25,shot,gun,54,M,W,Tampa,FL,True,other,Not fleeing,False
3110,2018-04-26,shot,vehicle,33,M,B,Lincoln,MO,False,other,Not fleeing,True
3111,2018-04-26,shot,other,53,M,W,Dallas,TX,False,other,Foot,False
3112,2018-04-26,shot,gun,41,M,W,Miami,FL,False,undetermined,Not fleeing,False
3113,2018-04-27,shot,vehicle,52,M,B,Lincoln,NY,True,other,Not fleeing,False
3114,2018-04-27,shot,gun,45,M,B,Fort Lauderdale,FL,False,attack,Foot,False
3115,2018-04-27,shot,unarmed,29,M,H,Springfield,OK,False,attack,Not fleeing,False
3116,2018-04-28,shot,gun,36,M,W,Madison,OH,False,attack,Foot,False
3117,2018-04-28,shot,gun,36,M,H,Georgetown,MD,False,other,Not fleeing,False
3118,2018-04-29,shot,vehicle,32,M,B,Springfield,IN,False,undetermined,Not fleeing,False
3119,2018-04-29,shot,gun,44,M,W,Oakland,CA,False,attack,Not fleeing,False
3120,2018-04-29,shot,gun,79,M,H,Mesa,AZ,True,undetermined,Car,False
3121,2018-04-30,shot,other,58,M,W,Scottsdale,AZ,False,undetermined,Not fleeing,False
3122,2018-04-30,shot,knife,61,M,O,Fort Worth,TX,True,undetermined,Other,False
3123,2018-05-01,shot,knife,32,M,W,Lincoln,SC,True,other,Car,False
3124,2018-05-01,shot,knife,62,M,B,Madison,MD,False,attack,Car,True
3125,2018-05-01,shot,undetermined,70,M,W,Madison,OH,False,attack,Not fleeing,False
3126,2018-05-02,shot,gun,32,M,O,Georgetown,NY,True,other,Car,False
3127,2018-05-02,shot,gun,47,M,W,Oakland,CA,False,other,Not fleeing,False
3128,2018-05-03,shot,gun,47,M,O,Madison,LA,True,attack,Not fleeing,False
3129,2018-05-03,shot,gun,37,M,N,Georgetown,VA,False,other,Foot,False
3130,2018-05-03,shot,gun,42,M,W,Georgetown,LA,True,attack,Other,False
3131,2018-05-04,shot,knife,48,M,H,Fort Lauderdale,FL,True,other,Not fleeing,True
3132,2018-05-04,shot,gun,38,M,O,Georgetown,TN,True,undetermined,Foot,True
3133,2018-05-04,shot,vehicle,57,M,W,Denver,CO,False,attack,Foot,False
3134,2018-05-05,shot,knife,27,M,W,Madison,NY,True,other,Not fleeing,True
3135,2018-05-05,shot,gun,36,M,B,Madison,OH,False,other,Not fleeing,False
3136,2018-05-06,shot,gun,51,M,W,Riverside,GA,False,attack,Foot,False
3137,2018-05-06,shot,unarmed,75,M,W,Lincoln,NV,False,attack,Other,False
3138,2018-05-06,shot,vehicle,59,M,W,Riverside,NM,False,other,Foot,True
3139,2018-05-07,shot,unarmed,42,M,W,Oakland,CA,False,attack,Not fleeing,False
3140,2018-05-07,shot,gun,39,M,W,Georgetown,IN,False,undetermined,Foot,False
3141,2018-05-08,shot,other,36,M,W,Springfield,WA,False,undetermined,Not fleeing,False
3142,2018-05-08,shot,knife,37,F,A,Springfield,OK,False,attack,Not fleeing,False
3143,2018-05-08,shot,gun,23,M,H,Springfield,MS,False,attack,Foot,False
3144,2018-05-09,shot,gun,74,M,W,Springfield,OH,False,other,Foot,False
3145,2018-05-09,shot,knife,39,M,B,Springfield,AR,False,other,Not fleeing,False
3146,2018-05-10,shot,gun,31,M,B,Houston,TX,False,attack,Not fleeing,False
3147,2018-05-10,shot,undetermined,46,M,O,Houston,TX,False,attack,Not fleeing,False
3148,2018-05-10,shot,vehicle,32,M,W,Springfield,TN,False,other,Not fleeing,False
3149,2018-05-11,shot,gun,55,M,W,Springfield,MS,False,other,Car,False
3150,2018-05-11,shot,undetermined,31,M,O,Madison,OR,True,attack,Foot,False
3151,2018-05-11,shot,gun,52,M,O,Springfield,TN,False,other,Not fleeing,False
3152,2018-05-12,shot,gun,36,F,H,Lincoln,NY,False,undetermined,Foot,False
3153,2018-05-12,shot,vehicle,44,M,H,Phoenix,AZ,False,attack,Not fleeing,False
3154,2018-05-13,shot,knife,54,M,W,Georgetown,MN,True,attack,Not fleeing,False
3155,2018-05-13,shot,gun,34,M,B,Tempe,AZ,False,undetermined,Not fleeing,False
3156,2018-05-13,shot,gun,53,M,W,Springfield,IL,False,attack,Not fleeing,False
3157,2018-05-14,shot,gun,23,M,W,Springfield,NY,False,attack,Not fleeing,False
3158,2018-05-14,shot,gun,68,M,H,Georgetown,MO,True,other,Not fleeing,False
3159,2018-05-15,shot,knife,57,F,W,Lincoln,GA,False,attack,Car,False
3160,2018-05-15,shot,knife,39,M,B,Riverside,WI,False,other,Not fleeing,False
3161,2018-05-15,shot,knife,61,M,O,Madison,LA,True,attack,Other,True
3162,2018-05-16,shot,gun,58,M,W,Georgetown,IN,False,other,Not fleeing,False
3163,2018-05-16,shot,gun,40,M,O,Los Angeles,CA,True,attack,Car,False
3164,2018-05-17,shot,gun,40,M,O,Madison,LA,False,undetermined,Not fleeing,False
3165,2018-05-17,shot,gun,30,M,B,Springfield,NV,False,other,Not fleeing,True
3166,2018-05-17,shot and Tasered,knife,41,M,W,Riverside,IL,False,other,Not fleeing,False
3167,2018-05-18,shot and Tasered,gun,25,M,W,Riverside,OR,True,attack,Not fleeing,False
3168,2018-05-18,shot,gun,52,M,W,Oakland,CA,False,undetermined,Not fleeing,True
3169,2018-05-18,shot,gun,52,M,W,San Diego,CA,True,attack,Not fleeing,True
3170,2018-05-19,shot,gun,23,F,W,Madison,OH,False,attack,Not fleeing,False
3171,2018-05-19,shot,gun,65,M,O,San Francisco,CA,True,attack,Car,False
3172,2018-05-20,shot,gun,33,M,W,Springfield,MN,False,undetermined,Not fleeing,False
3173,2018-05-20,shot,gun,85,M,H,Fort Lauderdale,FL,True,other,Not fleeing,False
3174,2018-05-20,shot,gun,43,M,W,Lincoln,OH,False,undetermined,Not fleeing,False
3175,2018-05-21,shot,gun,65,M,B,San Francisco,CA,False,attack,Not fleeing,False
3176,2018-05-21,shot,gun,30,F,N,Riverside,WA,False,other,Not fleeing,False
3177,2018-05-22,shot,vehicle,36,M,W,Georgetown,GA,False,other,Other,False
3178,2018-05-22,shot,gun,34,M,W,Los Angeles,CA,True,other,Not fleeing,False
3179,2018-05-22,shot,knife,25,M,B,Mesa,AZ,False,other,Not fleeing,True
3180,2018-05-23,shot,gun,27,M,H,Riverside,GA,False,other,Not fleeing,False
3181,2018-05-23,shot,gun,39,M,B,Georgetown,MN,False,undetermined,Not fleeing,False
3182,2018-05-24,shot,gun,46,M,W,Fort Worth,TX,False,other,Not fleeing,True
3183,2018-05-24,shot,gun,29,M,W,Georgetown,NY,False,undetermined,Car,False
3184,2018-05-24,shot and Tasered,gun,36,M,O,Madison,MN,True,other,Not fleeing,False
3185,2018-05-25,shot,gun,32,M,O,Riverside,VA,False,undetermined,Not fleeing,False
3186,2018-05-25,shot,gun,39,M,B,Georgetown,MI,False,other,Foot,False
3187,2018-05-26,shot,vehicle,51,M,H,Madison,WI,True,other,Not fleeing,False
3188,2018-05-26,shot,gun,42,M,B,Springfield,OH,False,attack,Not fleeing,False
3189,2018-05-26,shot and Tasered,gun,33,F,W,Lincoln,OK,True,other,Foot,False
3190,2018-05-27,shot,unarmed,57,F,W,San Francisco,CA,True,attack,Not fleeing,False
3191,2018-05-27,shot,gun,45,M,W,Madison,NC,True,attack,Not fleeing,False
3192,2018-05-27,shot,gun,42,M,B,Lincoln,SC,False,other,Foot,False
3193,2018-05-28,shot,gun,29,F,W,Lincoln,WA,False,other,Foot,False
3194,2018-05-28,shot,gun,55,M,W,Madison,OK,False,other,Not fleeing,True
3195,2018-05-29,shot,gun,47,M,H,Madison,IL,True,other,Foot,False
3196,2018-05-29,shot,other,48,M,B,Tampa,FL,False,other,Not fleeing,False
3197,2018-05-29,shot,unarmed,37,M,B,Georgetown,NM,False,other,Not fleeing,False
3198,2018-05-30,shot,gun,35,M,N,Springfield,OH,True,other,Other,False
3199,2018-05-30,shot,gun,74,M,W,Fort Worth,TX,False,other,Foot,True
3200,2018-05-31,shot,gun,35,M,B,Lincoln,MS,False,attack,Car,True
3201,2018-05-31,shot,gun,27,M,H,Lincoln,NC,False,attack,Not fleeing,False
3202,2018-05-31,shot,vehicle,43,M,B,Lincoln,IL,False,other,Foot,False
3203,2018-06-01,shot,gun,40,M,W,Madison,NY,False,attack,Not fleeing,False
3204,2018-06-01,shot,gun,58,M,W,Riverside,GA,False,undetermined,Car,False
3205,2018-06-02,shot,gun,38,M,A,Georgetown,SC,True,other,Not fleeing,False
3206,2018-06-02,shot,undetermined,50,M,B,Riverside,MO,False,other,Not fleeing,False
3207,2018-06-02,shot,gun,67,M,A,Springfield,GA,False,attack,Not fleeing,False
3208,2018-06-03,shot,undetermined,46,M,B,Los Angeles,CA,False,other,Not fleeing,False
3209,2018-06-03,shot,knife,29,M,B,Georgetown,OR,False,other,Foot,False
3210,2018-06-03,Tasered,gun,23,M,H,Sacramento,CA,False,attack,Not fleeing,False
3211,2018-06-04,shot,gun,46,F,B,Springfield,MS,False,other,Car,False
3212,2018-06-04,shot,gun,36,M,W,Colorado Springs,CO,False,other,Foot,False
3213,2018-06-05,shot,gun,44,M,B,Riverside,PA,False,attack,Foot,False
3214,2018-06-05,shot,knife,40,M,H,Madison,KY,False,attack,Car,True
3215,2018-06-05,Tasered,knife,27,M,W,Austin,TX,False,attack,Foot,False
3216,2018-06-06,shot,gun,38,M,W,Madison,LA,False,attack,Foot,True
3217,2018-06-06,shot,gun,29,M,W,Georgetown,MD,False,attack,Not fleeing,False
3218,2018-06-07,shot,vehicle,34,M,N,Springfield,MD,True,attack,Foot,False
3219,2018-06-07,shot,undetermined,55,M,W,Madison,NY,False,other,Not fleeing,False
3220,2018-06-07,shot,undetermined,41,M,B,Madison,PA,False,undetermined,Not fleeing,True
3221,2018-06-08,shot,gun,49,M,W,Georgetown,MD,True,attack,Not fleeing,True
3222,2018-06-08,shot,gun,42,M,W,Riverside,AR,False,attack,Foot,False
3223,2018-06-09,shot,gun,37,M,B,Riverside,MD,False,attack,Not fleeing,True
3224,2018-06-09,shot,gun,44,M,W,Boulder,CO,True,attack,Not fleeing,False
3225,2018-06-09,shot,vehicle,24,M,B,Riverside,MI,True,attack,Not fleeing,False
3226,2018-06-10,shot and Tasered,gun,52,M,H,Georgetown,NC,False,attack,Not fleeing,False
3227,2018-06-10,shot and Tasered,knife,31,M,H,San Francisco,CA,False,attack,Foot,True
3228,2018-06-10,shot,unarmed,48,M,W,Boulder,CO,False,attack,Other,False
3229,2018-06-11,shot,gun,36,M,A,Dallas,TX,False,other,Foot,False
3230,2018-06-11,shot,undetermined,27,M,B,San Antonio,TX,True,attack,Not fleeing,False
3231,2018-06-12,shot,gun,32,M,A,Tampa,FL,False,attack,Not fleeing,False
3232,2018-06-12,shot,gun,48,F,B,San Francisco,CA,True,undetermined,Not fleeing,False
3233,2018-06-12,shot,unarmed,84,M,B,Georgetown,OK,False,other,Car,False
3234,2018-06-13,shot,other,39,M,N,San Diego,CA,False,attack,Not fleeing,False
3235,2018-06-13,shot,vehicle,80,M,A,Houston,TX,False,attack,Foot,False
3236,2018-06-14,shot,unarmed,24,M,W,San Francisco,CA,False,attack,Foot,False
3237,2018-06-14,shot,undetermined,37,M,W,Los Angeles,CA,True,undetermined,Not fleeing,True
3238,2018-06-14,shot,gun,39,M,W,Miami,FL,False,undetermined,Car,False
3239,2018-06-15,shot,knife,49,M,W,Lincoln,LA,False,attack,Not fleeing,False
3240,2018-06-15,shot,gun,33,M,W,Springfield,WI,False,attack,Not fleeing,True
3241,2018-06-16,shot,gun,45,M,W,Springfield,NM,False,undetermined,Not fleeing,False
3242,2018-06-16,shot,knife,38,M,A,Lincoln,NM,False,attack,Foot,True
3243,2018-06-16,shot,vehicle,62,M,W,Austin,TX,True,attack,Foot,False
3244,2018-06-17,Tasered,gun,43,M,B,Jacksonville,FL,True,attack,Not fleeing,False
3245,2018-06-17,shot,gun,85,M,W,Oakland,CA,False,other,Not fleeing,True
3246,2018-06-17,shot,other,38,M,W,Lincoln,VA,False,attack,Car,False
3247,2018-06-18,shot,gun,60,M,W,Oakland,CA,False,attack,Not fleeing,False
3248,2018-06-18,shot,other,67,M,W,Riverside,LA,False,other,Not fleeing,False
3249,2018-06-19,shot,unarmed,20,F,H,Fort Lauderdale,FL,False,other,Car,True
3250,2018-06-19,shot,knife,52,M,A,Orlando,FL,False,undetermined,Foot,True
3251,2018-06-19,shot and Tasered,gun,27,M,W,Lincoln,MI,True,attack,Car,False
3252,2018-06-20,shot,gun,37,M,B,Lincoln,MD,False,other,Foot,False
3253,2018-06-20,shot,gun,28,M,B,Riverside,AR,True,attack,Not fleeing,False
3254,2018-06-21,shot,knife,62,M,A,Madison,LA,False,attack,Foot,False
3255,2018-06-21,shot,gun,33,M,H,Georgetown,MS,True,attack,Not fleeing,False
3256,2018-06-21,shot,unarmed,24,M,B,Springfield,TN,False,other,Other,False
3257,2018-06-22,shot,knife,43,M,B,Lincoln,IN,False,other,Foot,True
3258,2018-06-22,shot,gun,66,M,H,Fort Lauderdale,FL,False,attack,Foot,False
3259,2018-06-23,shot,vehicle,28,M,W,Georgetown,MO,False,other,Not fleeing,False
3260,2018-06-23,shot,gun,54,M,W,Lincoln,OK,True,other,Not fleeing,False
3261,2018-06-23,shot,gun,22,M,N,Riverside,GA,False,attack,Not fleeing,False
3262,2018-06-24,shot,gun,67,M,H,Lincoln,NM,False,attack,Not fleeing,False
3263,2018-06-24,shot,gun,46,M,B,Georgetown,MN,False,attack,Not fleeing,False
3264,2018-06-24,shot,unarmed,27,F,B,Madison,OH,False,other,Not fleeing,True
3265,2018-06-25,shot,knife,53,F,W,Riverside,GA,False,other,Not fleeing,False
3266,2018-06-25,shot,gun,34,M,B,Lincoln,OH,False,attack,Not fleeing,False
3267,2018-06-26,shot,knife,30,M,B,Springfield,MS,False,attack,Not fleeing,False
3268,2018-06-26,shot,knife,34,M,W,Lincoln,TN,True,attack,Not fleeing,False
3269,2018-06-26,shot,gun,51,F,H,Oakland,CA,False,other,Not fleeing,False
3270,2018-06-27,shot,unarmed,29,M,A,Georgetown,NY,False,attack,Car,True
3271,2018-06-27,shot,gun,21,M,W,Los Angeles,CA,False,undetermined,Not fleeing,False
3272,2018-06-28,shot,unarmed,34,M,B,Riverside,VA,False,attack,Not fleeing,False
3273,2018-06-28,shot,vehicle,63,M,W,Tempe,AZ,False,other,Car,False
3274,2018-06-28,shot,gun,63,M,B,Riverside,OH,False,attack,Not fleeing,False
3275,2018-06-29,shot,gun,34,M,W,Riverside,SC,False,attack,Foot,True
3276,2018-06-29,shot,unarmed,33,M,B,Sacramento,CA,True,attack,Not fleeing,False
3277,2018-06-30,shot,unarmed,33,M,A,Dallas,TX,True,other,Not fleeing,False
3278,2018-06-30,shot,gun,32,M,W,Georgetown,GA,False,attack,Foot,True
3279,2018-06-30,shot and Tasered,gun,33,M,N,Fort Lauderdale,FL,False,attack,Not fleeing,False
3280,2018-07-01,shot,gun,44,M,O,Aurora,CO,False,attack,Car,True
3281,2018-07-01,shot,gun,64,M,W,Riverside,MI,False,attack,Car,False
3282,2018-07-02,shot,gun,29,M,W,Madison,AL,False,undetermined,Not fleeing,False
3283,2018-07-02,shot,gun,31,M,O,Lincoln,NM,False,attack,Car,False
3284,2018-07-02,shot,gun,46,M,O,Madison,IN,False,undetermined,Car,True
3285,2018-07-03,shot,gun,52,M,W,Colorado Springs,CO,False,other,Foot,False
3286,2018-07-03,shot,unarmed,25,M,W,Tempe,AZ,True,other,Car,False
3287,2018-07-03,shot,gun,73,M,W,Jacksonville,FL,False,attack,Not fleeing,False
3288,2018-07-04,shot,knife,36,M,O,Riverside,AL,False,attack,Foot,False
3289,2018-07-04,shot,gun,26,M,W,Lincoln,OK,False,attack,Not fleeing,False
3290,2018-07-05,shot,unarmed,25,M,B,Miami,FL,True,other,Foot,False
3291,2018-07-05,shot,gun,24,M,H,Riverside,GA,False,undetermined,Foot,True
3292,2018-07-05,shot,gun,60,M,W,Springfield,WA,False,attack,Car,True
3293,2018-07-06,shot,undetermined,41,M,B,Madison,NY,False,other,Not fleeing,False
3294,2018-07-06,shot,unarmed,60,M,W,Riverside,NM,False,other,Not fleeing,False
3295,2018-07-07,shot,knife,39,M,A,Springfield,GA,False,other,Foot,False
3296,2018-07-07,shot,gun,59,M,W,Georgetown,OR,False,attack,Car,False
3297,2018-07-07,shot,gun,38,M,B,Madison,NC,False,attack,Foot,True
3298,2018-07-08,shot,gun,18,M,B,Riverside,IL,False,attack,Not fleeing,False
3299,2018-07-08,shot,gun,49,F,W,Riverside,KY,False,attack,Not fleeing,False
3300,2018-07-09,shot,gun,40,M,W,Georgetown,OR,False,attack,Not fleeing,False
3301,2018-07-09,shot,gun,38,M,W,Oakland,CA,False,attack,Not fleeing,False
3302,2018-07-09,shot,gun,30,M,W,Houston,TX,False,attack,Not fleeing,True
3303,2018-07-10,shot,vehicle,51,M,H,Springfield,OH,False,other,Foot,False
3304,2018-07-10,shot,knife,28,M,H,Springfield,NC,True,undetermined,Not fleeing,True
3305,2018-07-10,shot,gun,51,M,B,Lincoln,PA,True,undetermined,Not fleeing,False
3306,2018-07-11,shot,other,42,M,B,Madison,IN,False,attack,Not fleeing,False
3307,2018-07-11,shot,vehicle,52,M,B,San Francisco,CA,False,attack,Foot,True
3308,2018-07-12,shot,gun,43,M,H,Madison,NC,True,undetermined,Foot,False
3309,2018-07-12,shot,gun,62,M,W,Fort Worth,TX,False,attack,Not fleeing,False
3310,2018-07-12,shot,gun,47,M,W,Madison,OR,False,undetermined,Car,False
3311,2018-07-13,shot,vehicle,42,M,W,Madison,WI,False,other,Car,False
3312,2018-07-13,shot,gun,20,M,B,Springfield,OH,False,undetermined,Not fleeing,False
3313,2018-07-14,shot,gun,63,M,W,Oakland,CA,False,attack,Car,False
3314,2018-07-14,shot,gun,24,M,W,Madison,VA,True,other,Not fleeing,False
3315,2018-07-14,shot,knife,26,M,W,Riverside,OK,False,other,Not fleeing,False
3316,2018-07-15,shot,gun,53,M,H,Denver,CO,False,attack,Not fleeing,False
3317,2018-07-15,shot,gun,41,M,W,Madison,NM,True,other,Other,False
3318,2018-07-16,shot and Tasered,gun,25,M,W,Georgetown,MN,False,attack,Other,False
3319,2018-07-16,shot,gun,33,M,W,Riverside,LA,False,attack,Foot,False
3320,2018-07-16,shot,gun,61,M,W,Georgetown,LA,True,undetermined,Not fleeing,False
3321,2018-07-17,shot,gun,43,M,B,Tempe,AZ,False,other,Foot,False
3322,2018-07-17,shot,gun,41,M,W,Georgetown,MO,False,attack,Car,False
3323,2018-07-17,shot,gun,32,M,W,Lincoln,NC,False,attack,Not fleeing,True
3324,2018-07-18,shot,gun,54,M,B,Tucson,AZ,False,attack,Not fleeing,False
3325,2018-07-18,shot,gun,39,M,W,Oakland,CA,False,attack,Car,False
3326,2018-07-19,shot,gun,50,M,W,Jacksonville,FL,True,attack,Not fleeing,False
3327,2018-07-19,shot,gun,31,M,A,Houston,TX,False,other,Car,True
3328,2018-07-19,shot,gun,84,F,W,Lincoln,NY,False,other,Car,True
3329,2018-07-20,shot,gun,66,M,W,Springfield,MO,False,attack,Not fleeing,False
3330,2018-07-20,shot,gun,43,M,W,Lincoln,MO,False,attack,Foot,False
3331,2018-07-21,shot,undetermined,46,M,B,Georgetown,GA,False,attack,Not fleeing,False
3332,2018-07-21,shot,unarmed,33,M,B,Lincoln,NC,True,attack,Not fleeing,True
3333,2018-07-21,shot,gun,52,M,B,Lincoln,AR,False,other,Car,False
3334,2018-07-22,shot,gun,21,M,H,Georgetown,OH,True,undetermined,Car,False
3335,2018-07-22,shot,other,72,M,W,Springfield,MN,False,undetermined,Not fleeing,False
3336,2018-07-23,shot,gun,51,M,W,Georgetown,NC,False,attack,Not fleeing,False
3337,2018-07-23,shot,unarmed,29,M,H,Riverside,TN,False,attack,Not fleeing,False
3338,2018-07-23,shot,unarmed,72,M,O,Sacramento,CA,False,other,Car,True
3339,2018-07-24,shot,other,81,M,W,Riverside,TN,False,attack,Not fleeing,False
3340,2018-07-24,shot,gun,47,M,B,Georgetown,AR,False,attack,Car,False
3341,2018-07-24,shot,gun,31,M,W,Georgetown,IN,True,other,Not fleeing,False
3342,2018-07-25,shot,gun,41,M,W,Madison,MI,False,other,Car,True
3343,2018-07-25,shot,gun,49,M,W,Orlando,FL,False,attack,Not fleeing,True
3344,2018-07-26,shot,gun,45,M,W,Madison,LA,False,attack,Not fleeing,False
3345,2018-07-26,shot,gun,29,M,H,Riverside,NC,True,undetermined,Car,False
3346,2018-07-26,shot,gun,49,M,B,Madison,LA,False,other,Car,False
3347,2018-07-27,shot,knife,61,M,W,San Antonio,TX,False,other,Not fleeing,False
3348,2018-07-27,shot,gun,27,M,W,Riverside,MS,False,undetermined,Not fleeing,False
3349,2018-07-28,shot,knife,28,M,H,Georgetown,OR,False,other,Not fleeing,True
3350,2018-07-28,shot,knife,33,M,W,Springfield,NC,False,undetermined,Not fleeing,False
3351,2018-07-28,shot,gun,38,M,B,Fort Lauderdale,FL,True,other,Car,False
3352,2018-07-29,shot,gun,55,M,W,Houston,TX,True,attack,Not fleeing,True
3353,2018-07-29,shot,unarmed,61,M,B,Riverside,OK,False,attack,Not fleeing,False
3354,2018-07-30,shot,gun,31,M,W,Scottsdale,AZ,False,attack,Not fleeing,False
3355,2018-07-30,shot,unarmed,44,M,W,Georgetown,OR,False,attack,Not fleeing,False
3356,2018-07-30,shot,unarmed,60,M,W,Madison,TN,False,attack,Not fleeing,False
3357,2018-07-31,shot,gun,85,M,W,Georgetown,TN,False,other,Foot,True
3358,2018-07-31,shot,knife,44,M,W,Riverside,LA,False,attack,Not fleeing,False
3359,2018-08-01,shot,gun,45,M,B,Sacramento,CA,False,other,Not fleeing,False
3360,2018-08-01,Tasered,unarmed,47,M,W,Lincoln,IN,False,undetermined,Not fleeing,False
3361,2018-08-01,shot,gun,37,M,W,Georgetown,PA,True,attack,Foot,False
3362,2018-08-02,shot,gun,43,M,B,Georgetown,MI,False,attack,Other,False
3363,2018-08-02,shot,gun,22,M,B,Georgetown,NY,True,undetermined,Car,False
3364,2018-08-02,shot,other,33,M,O,Riverside,NV,False,attack,Not fleeing,True
3365,2018-08-03,shot,other,49,M,B,Los Angeles,CA,False,attack,Not fleeing,False
3366,2018-08-03,shot,knife,30,M,B,Springfield,PA,False,attack,Not fleeing,False
3367,2018-08-04,shot,gun,55,M,B,Madison,MD,False,attack,Not fleeing,False
3368,2018-08-04,shot,gun,24,M,O,Riverside,VA,False,other,Car,False
3369,2018-08-04,shot,gun,54,M,H,Lincoln,MD,False,other,Other,False
3370,2018-08-05,shot and Tasered,vehicle,54,M,W,Tampa,FL,False,attack,Not fleeing,False
3371,2018-08-05,shot,knife,85,M,W,Lincoln,MN,True,other,Not fleeing,True
3372,2018-08-06,shot,gun,36,M,W,Lincoln,MI,False,attack,Foot,False
3373,2018-08-06,shot,unarmed,41,M,B,Oakland,CA,False,attack,Car,False
3374,2018-08-06,shot,gun,70,M,H,Lincoln,IN,False,other,Foot,False
3375,2018-08-07,shot,unarmed,66,M,B,Scottsdale,AZ,True,other,Foot,False
3376,2018-08-07,shot,gun,58,M,W,Riverside,OK,True,attack,Not fleeing,False
3377,2018-08-08,shot,gun,46,M,H,Boulder,CO,False,other,Car,False
3378,2018-08-08,shot and Tasered,vehicle,69,M,H,Georgetown,WI,False,other,Car,False
3379,2018-08-08,shot,undetermined,85,M,W,San Diego,CA,False,undetermined,Car,False
3380,2018-08-09,shot,gun,50,M,B,Georgetown,WA,False,other,Not fleeing,False
3381,2018-08-09,shot,gun,42,M,W,Springfield,NC,False,attack,Foot,False
3382,2018-08-09,shot,unarmed,53,M,A,Tucson,AZ,False,other,Car,False
3383,2018-08-10,shot,undetermined,43,M,H,Madison,TN,False,attack,Not fleeing,True
3384,2018-08-10,shot,other,37,M,B,Houston,TX,False,attack,Not fleeing,False
3385,2018-08-11,shot,gun,55,M,H,Lincoln,NV,True,other,Not fleeing,False
3386,2018-08-11,shot,knife,34,M,A,Springfield,MN,False,undetermined,Foot,False
3387,2018-08-11,shot,unarmed,50,M,B,Madison,SC,False,attack,Not fleeing,False
3388,2018-08-12,shot,gun,25,M,W,Georgetown,MS,True,attack,Not fleeing,False
3389,2018-08-12,shot,gun,74,M,H,Colorado Springs,CO,False,other,Not fleeing,True
3390,2018-08-13,shot,gun,31,M,W,Mesa,AZ,True,undetermined,Car,False
3391,2018-08-13,shot,gun,26,M,W,Springfield,WA,False,other,Not fleeing,False
3392,2018-08-13,shot,gun,65,M,A,Los Angeles,CA,False,other,Not fleeing,False
3393,2018-08-14,shot,gun,70,M,H,Madison,IN,False,undetermined,Foot,False
3394,2018-08-14,shot,knife,46,M,W,San Antonio,TX,True,other,Not fleeing,False
3395,2018-08-15,shot,gun,40,M,W,Madison,OR,False,other,Not fleeing,False
3396,2018-08-15,shot,undetermined,36,M,W,Oakland,CA,False,other,Not fleeing,False
3397,2018-08-15,shot,gun,45,M,W,Madison,AL,False,other,Not fleeing,False
3398,2018-08-16,shot,gun,40,M,W,Austin,TX,True,other,Not fleeing,False
3399,2018-08-16,shot and Tasered,other,39,M,H,San Francisco,CA,False,other,Foot,False
3400,2018-08-16,shot,gun,30,M,W,Riverside,NV,False,other,Not fleeing,False
3401,2018-08-17,shot,gun,28,M,B,Jacksonville,FL,False,other,Car,True
3402,2018-08-17,shot,unarmed,42,M,W,Springfield,NV,False,other,Not fleeing,False
3403,2018-08-18,shot,vehicle,44,M,O,Springfield,LA,False,attack,Not fleeing,False
3404,2018-08-18,shot,gun,32,M,W,Los Angeles,CA,False,other,Foot,True
3405,2018-08-18,shot,undetermined,33,M,W,Springfield,IN,False,attack,Not fleeing,True
3406,2018-08-19,shot,gun,44,F,W,Georgetown,NC,False,attack,Other,False
3407,2018-08-19,shot,gun,30,M,B,Lincoln,IL,False,undetermined,Car,False
3408,2018-08-20,shot,unarmed,59,M,B,Riverside,WA,False,attack,Car,False
3409,2018-08-20,shot,gun,49,M,W,Lincoln,MO,False,other,Not fleeing,False
3410,2018-08-20,shot,undetermined,32,M,W,Tucson,AZ,True,other,Not fleeing,True
3411,2018-08-21,shot,gun,48,M,W,Houston,TX,False,other,Not fleeing,False
3412,2018-08-21,shot and Tasered,gun,30,M,B,Georgetown,NY,False,attack,Not fleeing,True
3413,2018-08-22,shot,gun,54,M,B,Madison,NC,False,attack,Not fleeing,False
3414,2018-08-22,shot,knife,31,M,W,Madison,GA,False,attack,Car,False
3415,2018-08-22,shot,gun,39,F,W,Springfield,TN,False,attack,Other,False
3416,2018-08-23,shot,gun,43,M,W,Springfield,OK,False,attack,Foot,False
3417,2018-08-23,shot,other,69,M,W,Sacramento,CA,False,other,Foot,False
3418,2018-08-23,shot,undetermined,31,M,B,Boulder,CO,False,attack,Not fleeing,True
3419,2018-08-24,shot and Tasered,gun,31,M,W,Georgetown,GA,False,undetermined,Not fleeing,False
3420,2018-08-24,shot,gun,25,M,W,Sacramento,CA,False,other,Not fleeing,False
3421,2018-08-25,shot,gun,78,M,W,Fort Lauderdale,FL,False,other,Not fleeing,True
3422,2018-08-25,shot,unarmed,41,M,O,Oakland,CA,False,other,Not fleeing,False
3423,2018-08-25,shot,knife,60,M,H,Madison,MI,False,attack,Not fleeing,False
3424,2018-08-26,shot,unarmed,34,M,W,Georgetown,IL,True,attack,Not fleeing,False
3425,2018-08-26,shot,undetermined,35,M,W,Los Angeles,CA,True,undetermined,Not fleeing,False
3426,2018-08-27,shot,gun,40,M,W,San Diego,CA,False,other,Car,False
3427,2018-08-27,shot,gun,41,M,B,Springfield,NV,False,other,Car,True
3428,2018-08-27,shot,gun,52,M,W,Springfield,NC,False,undetermined,Not fleeing,False
3429,2018-08-28,shot,unarmed,42,M,B,Lincoln,VA,False,other,Other,False
3430,2018-08-28,shot,knife,36,M,B,Georgetown,KY,False,attack,Not fleeing,False
3431,2018-08-29,shot,undetermined,78,M,A,Georgetown,MO,True,attack,Not fleeing,False
3432,2018-08-29,shot,undetermined,30,M,W,Fort Worth,TX,False,attack,Not fleeing,False
3433,2018-08-29,shot,gun,31,M,H,Georgetown,VA,False,undetermined,Other,False
3434,2018-08-30,shot,gun,30,M,H,Madison,WI,False,attack,Foot,False
3435,2018-08-30,shot,knife,53,M,W,Riverside,LA,False,attack,Not fleeing,False
3436,2018-08-30,shot,gun,48,F,W,Springfield,OK,False,other,Foot,True
3437,2018-08-31,shot,gun,39,M,W,Colorado Springs,CO,False,attack,Car,False
3438,2018-08-31,shot,gun,30,M,W,Riverside,GA,False,attack,Not fleeing,False
3439,2018-09-01,shot,unarmed,43,M,W,Riverside,IL,True,other,Car,False
3440,2018-09-01,shot,other,55,M,B,Madison,KY,False,other,Not fleeing,False
3441,2018-09-01,shot,gun,71,F,W,Riverside,PA,True,other,Not fleeing,False
3442,2018-09-02,shot,knife,33,M,O,Madison,VA,False,attack,Not fleeing,False
3443,2018-09-02,shot,knife,39,M,W,Austin,TX,True,other,Not fleeing,False
3444,2018-09-03,shot,vehicle,48,M,O,Austin,TX,False,undetermined,Car,True
3445,2018-09-03,shot,knife,36,M,W,Lincoln,NY,True,other,Car,False
3446,2018-09-03,shot,gun,26,M,H,San Antonio,TX,False,other,Not fleeing,False
3447,2018-09-04,shot,gun,39,M,W,Madison,PA,True,attack,Car,False
3448,2018-09-04,shot,gun,27,M,W,Phoenix,AZ,False,undetermined,Not fleeing,False
3449,2018-09-05,shot,undetermined,57,M,H,Riverside,VA,False,other,Other,False
3450,2018-09-05,shot,gun,37,F,W,Georgetown,SC,True,undetermined,Not fleeing,False
3451,2018-09-05,shot,other,40,M,B,Georgetown,OH,False,attack,Not fleeing,False
3452,2018-09-06,shot,gun,32,M,B,Dallas,TX,False,other,Not fleeing,False
3453,2018-09-06,shot,gun,41,M,B,Georgetown,TN,False,undetermined,Not fleeing,False
3454,2018-09-07,shot,vehicle,64,M,B,Georgetown,MI,False,attack,Not fleeing,False
3455,2018-09-07,shot,vehicle,60,M,H,Georgetown,PA,True,undetermined,Not fleeing,False
3456,2018-09-07,shot,gun,28,M,W,San Diego,CA,False,attack,Other,False
3457,2018-09-08,shot,gun,19,M,B,San Diego,CA,False,attack,Not fleeing,False
3458,2018-09-08,shot,gun,39,M,A,Mesa,AZ,True,other,Not fleeing,False
3459,2018-09-08,shot,unarmed,37,M,W,Dallas,TX,False,attack,Not fleeing,True
3460,2018-09-09,shot,vehicle,36,M,W,Lincoln,AL,False,other,Not fleeing,False
3461,2018-09-09,shot,gun,34,M,H,Georgetown,AR,False,attack,Not fleeing,False
3462,2018-09-10,shot,gun,28,M,W,Miami,FL,False,other,Not fleeing,False
3463,2018-09-10,shot,gun,85,M,W,Mesa,AZ,False,other,Foot,True
3464,2018-09-10,shot,gun,78,M,W,Miami,FL,False,attack,Not fleeing,False
3465,2018-09-11,shot,gun,36,M,B,Georgetown,OR,False,attack,Not fleeing,False
3466,2018-09-11,shot,other,43,F,W,Lincoln,WA,False,undetermined,Not fleeing,True
3467,2018-09-12,shot,vehicle,58,M,B,Springfield,TN,False,other,Not fleeing,False
3468,2018-09-12,shot,gun,43,M,H,Georgetown,GA,True,undetermined,Not fleeing,False
3469,2018-09-12,shot,gun,35,M,W,Georgetown,PA,False,attack,Not fleeing,False
3470,2018-09-13,shot,gun,26,M,B,Madison,GA,False,other,Not fleeing,False
3471,2018-09-13,shot,gun,41,M,O,Fort Collins,CO,False,undetermined,Car,False
3472,2018-09-14,shot,vehicle,27,M,B,Georgetown,PA,False,attack,Foot,False
3473,2018-09-14,shot,gun,62,M,H,Lincoln,MO,True,other,Not fleeing,False
3474,2018-09-14,shot,gun,40,M,W,Mesa,AZ,False,attack,Not fleeing,False
3475,2018-09-15,shot,gun,49,M,H,Houston,TX,False,other,Foot,False
3476,2018-09-15,shot,gun,36,M,W,Colorado Springs,CO,False,attack,Not fleeing,True
3477,2018-09-15,shot,gun,55,M,W,Riverside,GA,True,other,Other,True
3478,2018-09-16,shot and Tasered,vehicle,33,M,W,Riverside,PA,True,attack,Car,False
3479,2018-09-16,shot,unarmed,45,M,W,Lincoln,KY,False,attack,Not fleeing,False
3480,2018-09-17,shot,gun,36,M,H,San Francisco,CA,True,attack,Not fleeing,False
3481,2018-09-17,shot and Tasered,knife,38,M,W,Miami,FL,False,attack,Not fleeing,False
3482,2018-09-17,shot,knife,57,M,B,Fort Worth,TX,False,attack,Not fleeing,False
3483,2018-09-18,shot,vehicle,32,M,H,Lincoln,WA,True,attack,Not fleeing,False
3484,2018-09-18,shot,knife,46,M,B,Springfield,NC,False,undetermined,Not fleeing,True
3485,2018-09-19,shot,undetermined,65,M,W,Lincoln,NV,False,attack,Not fleeing,False
3486,2018-09-19,shot,gun,56,M,B,Jacksonville,FL,True,other,Other,True
3487,2018-09-19,shot,gun,33,M,W,Lincoln,MO,False,attack,Not fleeing,False
3488,2018-09-20,shot,vehicle,49,M,W,Madison,NM,False,attack,Foot,False
3489,2018-09-20,shot,unarmed,24,M,O,Georgetown,OR,False,attack,Car,False
3490,2018-09-21,shot,gun,58,M,W,Riverside,WI,True,undetermined,Not fleeing,True
3491,2018-09-21,shot,knife,85,M,W,Madison,VA,True,other,Car,False
3492,2018-09-21,shot,gun,45,M,A,Georgetown,OR,True,attack,Not fleeing,False
3493,2018-09-22,shot,unarmed,66,M,W,Orlando,FL,False,attack,Car,False
3494,2018-09-22,shot,vehicle,26,F,B,San Antonio,TX,True,other,Foot,False
3495,2018-09-22,shot,gun,29,M,W,San Diego,CA,False,attack,Not fleeing,False
3496,2018-09-23,shot,knife,36,M,W,Springfield,NV,False,undetermined,Not fleeing,False
3497,2018-09-23,shot,gun,39,M,W,Madison,IN,False,other,Not fleeing,False
3498,2018-09-24,shot,gun,45,M,W,Austin,TX,False,undetermined,Foot,False
3499,2018-09-24,shot,undetermined,33,M,W,Madison,PA,False,attack,Foot,False
3500,2018-09-24,shot,gun,43,M,H,Lincoln,IL,False,attack,Not fleeing,False
3501,2018-09-25,shot,gun,57,M,B,Georgetown,KY,False,undetermined,Not fleeing,False
3502,2018-09-25,shot,knife,49,M,O,Georgetown,TN,True,attack,Not fleeing,False
3503,2018-09-26,shot,unarmed,36,M,W,Lincoln,WI,False,attack,Not fleeing,False
3504,2018-09-26,shot,gun,53,M,B,Denver,CO,False,other,Not fleeing,True
3505,2018-09-26,shot,knife,36,M,B,Denver,CO,False,attack,Not fleeing,False
3506,2018-09-27,shot,gun,42,M,O,Georgetown,NY,False,undetermined,Not fleeing,False
3507,2018-09-27,shot,unarmed,56,M,W,Madison,GA,False,undetermined,Car,False
3508,2018-09-28,shot,gun,38,M,B,Oakland,CA,False,attack,Not fleeing,False
3509,2018-09-28,shot,knife,27,M,H,Georgetown,NV,False,attack,Not fleeing,False
3510,2018-09-28,shot,knife,42,M,W,Lincoln,IL,False,attack,Not fleeing,False
3511,2018-09-29,shot,gun,56,M,A,Springfield,IL,False,attack,Not fleeing,False
3512,2018-09-29,shot,gun,58,M,W,Fort Collins,CO,False,attack,Not fleeing,False
3513,2018-09-29,shot,gun,29,M,H,Georgetown,WA,False,attack,Not fleeing,False
3514,2018-09-30,shot,undetermined,52,F,O,Colorado Springs,CO,False,attack,Not fleeing,False
3515,2018-09-30,shot,gun,38,M,B,San Diego,CA,False,other,Foot,False
3516,2018-10-01,shot,undetermined,68,M,W,Georgetown,LA,False,other,Not fleeing,True
3517,2018-10-01,shot,gun,27,M,W,Austin,TX,False,undetermined,Not fleeing,True
3518,2018-10-01,shot,gun,52,M,O,San Francisco,CA,False,attack,Car,False
3519,2018-10-02,shot,other,36,M,B,Riverside,MD,True,other,Not fleeing,True
3520,2018-10-02,shot,knife,33,M,W,Oakland,CA,False,other,Foot,False
3521,2018-10-03,shot,vehicle,57,M,B,Springfield,WI,False,attack,Other,True
3522,2018-10-03,shot,undetermined,61,M,B,Riverside,WA,False,other,Foot,False
3523,2018-10-03,shot,other,22,M,W,Madison,MN,False,attack,Not fleeing,False
3524,2018-10-04,shot,gun,57,M,W,Sacramento,CA,False,attack,Not fleeing,False
3525,2018-10-04,shot,gun,40,M,W,Lincoln,LA,False,attack,Foot,False
3526,2018-10-05,shot,gun,41,M,B,Fort Collins,CO,False,attack,Not fleeing,False
3527,2018-10-05,shot,unarmed,27,M,B,Georgetown,AR,False,attack,Not fleeing,False
3528,2018-10-05,shot,gun,51,M,B,Fort Collins,CO,False,attack,Not fleeing,False
3529,2018-10-06,shot,knife,85,M,H,Jacksonville,FL,False,attack,Not fleeing,False
3530,2018-10-06,shot,unarmed,34,M,A,Madison,MS,False,attack,Foot,False
3531,2018-10-07,shot,knife,63,M,B,Denver,CO,False,attack,Car,False
3532,2018-10-07,shot,gun,41,M,W,Oakland,CA,False,attack,Car,False
3533,2018-10-07,shot,gun,34,M,H,Georgetown,GA,False,other,Car,False
3534,2018-10-08,shot,gun,26,M,W,Lincoln,TN,False,attack,Car,False
3535,2018-10-08,shot,gun,66,M,B,Tampa,FL,False,undetermined,Foot,False
3536,2018-10-08,shot,gun,42,M,B,Riverside,NC,False,attack,Not fleeing,False
3537,2018-10-09,shot,gun,35,M,W,Sacramento,CA,False,attack,Other,False
3538,2018-10-09,shot,unarmed,37,M,N,Lincoln,MO,False,attack,Not fleeing,False
3539,2018-10-10,shot,other,52,M,W,Georgetown,MD,False,other,Not fleeing,False
3540,2018-10-10,shot,other,35,M,B,Georgetown,GA,False,other,Not fleeing,False
3541,2018-10-10,shot,gun,30,M,W,Lincoln,NC,True,undetermined,Not fleeing,False
3542,2018-10-11,shot,unarmed,39,M,O,Oakland,CA,True,attack,Not fleeing,False
3543,2018-10-11,shot,knife,39,M,W,San Antonio,TX,True,attack,Other,False
3544,2018-10-12,shot,unarmed,39,M,W,Dallas,TX,True,undetermined,Not fleeing,False
3545,2018-10-12,shot,unarmed,35,M,W,Riverside,OH,False,other,Other,False
3546,2018-10-12,shot,other,64,M,W,Riverside,NY,True,attack,Car,False
3547,2018-10-13,shot,gun,85,M,W,Lincoln,IN,False,undetermined,Other,False
3548,2018-10-13,shot,vehicle,29,M,B,Sacramento,CA,False,other,Foot,False
3549,2018-10-14,shot,vehicle,21,M,W,Lincoln,MO,False,attack,Car,False
3550,2018-10-14,shot,gun,38,M,W,Madison,NY,False,attack,Not fleeing,False
3551,2018-10-14,shot,gun,22,M,W,Riverside,WA,False,attack,Other,False
3552,2018-10-15,shot,gun,25,M,H,Georgetown,NM,False,other,Not fleeing,False
3553,2018-10-15,shot,undetermined,34,M,B,Fort Worth,TX,True,attack,Not fleeing,False
3554,2018-10-15,shot,undetermined,52,M,H,Los Angeles,CA,True,attack,Other,False
3555,2018-10-16,shot,knife,37,M,H,Springfield,TN,True,attack,Not fleeing,False
3556,2018-10-16,shot,gun,20,M,W,Boulder,CO,False,other,Not fleeing,False
3557,2018-10-17,shot,gun,37,M,W,San Francisco,CA,True,attack,Car,False
3558,2018-10-17,shot,vehicle,38,M,W,Jacksonville,FL,False,other,Not fleeing,False
3559,2018-10-17,shot,gun,38,M,H,Tempe,AZ,False,other,Not fleeing,False
3560,2018-10-18,shot,gun,60,M,O,Georgetown,PA,False,other,Car,True
3561,2018-10-18,shot,unarmed,56,M,B,Houston,TX,False,other,Not fleeing,False
3562,2018-10-19,shot,knife,42,M,W,Riverside,GA,False,other,Car,False
3563,2018-10-19,shot,knife,83,M,W,Georgetown,OH,True,attack,Not fleeing,False
3564,2018-10-19,shot,gun,34,M,W,Lincoln,OH,False,attack,Not fleeing,False
3565,2018-10-20,shot,gun,39,M,B,Lincoln,MN,True,attack,Foot,False
3566,2018-10-20,shot,knife,40,M,W,San Diego,CA,False,other,Foot,False
3567,2018-10-21,shot,gun,26,M,O,Lincoln,WI,False,attack,Not fleeing,False
3568,2018-10-21,shot,gun,41,M,W,Georgetown,LA,True,attack,Not fleeing,False
3569,2018-10-21,shot,gun,24,M,N,Georgetown,SC,True,other,Foot,False
3570,2018-10-22,shot,gun,33,M,H,Lincoln,NC,False,attack,Not fleeing,False
3571,2018-10-22,shot,gun,43,M,H,Springfield,NC,False,other,Car,False
3572,2018-10-22,shot,gun,27,M,B,Riverside,NM,False,other,Not fleeing,False
3573,2018-10-23,shot,gun,46,M,B,Georgetown,OR,False,other,Not fleeing,False
3574,2018-10-23,shot,gun,31,M,B,Jacksonville,FL,False,attack,Other,False
3575,2018-10-24,Tasered,gun,36,M,B,Austin,TX,True,other,Not fleeing,False
3576,2018-10-24,shot and Tasered,unarmed,49,M,B,Georgetown,WA,False,attack,Not fleeing,False
3577,2018-10-24,shot,gun,40,M,O,Madison,OR,False,attack,Foot,True
3578,2018-10-25,shot,gun,45,M,H,Tucson,AZ,False,other,Foot,False
3579,2018-10-25,shot,gun,48,M,H,Georgetown,TN,False,attack,Car,False
3580,2018-10-26,shot,gun,39,M,A,Lincoln,NV,False,other,Not fleeing,False
3581,2018-10-26,shot and Tasered,gun,46,M,W,Madison,VA,False,other,Car,False
3582,2018-10-26,shot,gun,32,M,W,Georgetown,LA,False,attack,Not fleeing,False
3583,2018-10-27,shot,gun,48,M,B,Riverside,GA,False,attack,Not fleeing,False
3584,2018-10-27,shot,gun,38,M,B,Madison,WI,False,attack,Not fleeing,False
3585,2018-10-28,shot,gun,64,M,H,Lincoln,MO,False,attack,Not fleeing,False
3586,2018-10-28,shot,gun,43,M,W,Springfield,NV,False,other,Foot,False
3587,2018-10-28,shot,gun,34,M,B,Colorado Springs,CO,False,attack,Not fleeing,False
3588,2018-10-29,shot,gun,49,M,B,Madison,TN,False,other,Foot,False
3589,2018-10-29,shot,undetermined,65,M,W,Fort Lauderdale,FL,True,undetermined,Not fleeing,False
3590,2018-10-29,shot,gun,35,M,B,Fort Lauderdale,FL,False,other,Not fleeing,False
3591,2018-10-30,shot,other,33,M,H,Madison,NV,True,attack,Not fleeing,False
3592,2018-10-30,shot,other,19,M,W,Georgetown,WA,True,other,Car,True
3593,2018-10-31,shot,gun,43,M,B,Madison,OK,True,attack,Not fleeing,False
3594,2018-10-31,shot,knife,36,M,B,Orlando,FL,False,other,Foot,False
3595,2018-10-31,shot,other,49,M,W,Georgetown,MO,False,undetermined,Not fleeing,False
3596,2018-11-01,shot,gun,49,M,W,Riverside,NC,True,attack,Car,True
3597,2018-11-01,shot,gun,26,M,O,Lincoln,MO,False,attack,Car,False
3598,2018-11-02,shot,gun,56,M,W,Scottsdale,AZ,True,other,Not fleeing,False
3599,2018-11-02,shot,gun,31,M,W,Lincoln,NV,False,attack,Foot,False
3600,2018-11-02,shot,gun,35,M,W,Lincoln,SC,False,undetermined,Not fleeing,True
3601,2018-11-03,shot,other,20,M,B,Fort Lauderdale,FL,True,undetermined,Car,False
3602,2018-11-03,shot,gun,46,M,B,Mesa,AZ,False,other,Car,True
3603,2018-11-04,shot,undetermined,28,M,B,Georgetown,TN,False,attack,Not fleeing,False
3604,2018-11-04,shot,gun,33,M,W,Georgetown,OK,False,attack,Not fleeing,False
3605,2018-11-04,shot,knife,27,M,A,Riverside,NV,False,attack,Not fleeing,False
3606,2018-11-05,shot,knife,58,M,W,Madison,OK,False,attack,Not fleeing,False
3607,2018-11-05,shot,gun,36,M,W,Springfield,GA,False,attack,Not fleeing,False
3608,2018-11-05,shot,undetermined,27,M,B,Springfield,GA,True,attack,Not fleeing,False
3609,2018-11-06,shot,gun,27,M,W,Tampa,FL,False,other,Car,False
3610,2018-11-06,shot,gun,54,M,A,Houston,TX,False,other,Car,False
3611,2018-11-07,shot,other,31,M,O,Madison,OK,False,undetermined,Not fleeing,False
3612,2018-11-07,shot,gun,35,M,W,San Francisco,CA,False,attack,Not fleeing,True
3613,2018-11-07,shot,gun,41,M,A,Riverside,IN,False,attack,Foot,False
3614,2018-11-08,shot,gun,37,M,H,Georgetown,AL,False,attack,Car,False
3615,2018-11-08,shot,knife,23,M,O,Springfield,MS,False,undetermined,Foot,False
3616,2018-11-09,shot,gun,51,M,W,Madison,OR,False,attack,Not fleeing,False
3617,2018-11-09,shot,knife,38,M,B,Riverside,GA,True,undetermined,Foot,False
3618,2018-11-09,shot,knife,45,M,W,Georgetown,AR,False,undetermined,Not fleeing,False
3619,2018-11-10,shot,gun,52,M,H,Houston,TX,False,attack,Not fleeing,False
3620,2018-11-10,shot,gun,22,M,W,Los Angeles,CA,False,attack,Not fleeing,False
3621,2018-11-11,shot,vehicle,52,M,B,Springfield,VA,True,attack,Other,False
3622,2018-11-11,shot,knife,85,M,W,San Francisco,CA,True,attack,Not fleeing,False
3623,2018-11-11,shot,gun,47,M,W,Riverside,MN,True,attack,Foot,False
3624,2018-11-12,shot,gun,65,M,B,Springfield,OK,False,attack,Not fleeing,False
3625,2018-11-12,shot,other,57,M,H,Riverside,MD,True,other,Not fleeing,False
3626,2018-11-13,shot,unarmed,52,M,B,Miami,FL,False,attack,Not fleeing,False
3627,2018-11-13,shot,knife,58,M,H,Lincoln,OK,False,attack,Car,False
3628,2018-11-13,shot,gun,62,M,W,San Francisco,CA,False,other,Not fleeing,True
3629,2018-11-14,shot,knife,63,M,B,Madison,AR,False,attack,Not fleeing,False
3630,2018-11-14,shot,gun,27,M,B,Dallas,TX,False,attack,Not fleeing,False
3631,2018-11-14,shot,knife,59,M,W,Springfield,OK,False,attack,Car,False
3632,2018-11-15,shot,vehicle,37,M,B,Tampa,FL,False,attack,Not fleeing,False
3633,2018-11-15,shot,gun,64,M,B,Oakland,CA,True,other,Not fleeing,False
3634,2018-11-16,shot,gun,48,M,B,Madison,OH,False,other,Not fleeing,False
3635,2018-11-16,shot,knife,27,M,H,San Antonio,TX,False,attack,Not fleeing,False
3636,2018-11-16,shot,unarmed,67,M,B,Riverside,NV,False,attack,Car,False
3637,2018-11-17,shot,knife,31,M,W,Tampa,FL,True,attack,Not fleeing,False
3638,2018-11-17,shot,knife,37,M,W,Aurora,CO,False,attack,Car,False
3639,2018-11-18,shot,gun,73,M,B,Springfield,LA,False,other,Not fleeing,False
3640,2018-11-18,shot,knife,43,M,W,Orlando,FL,True,attack,Car,False
3641,2018-11-18,shot,knife,36,M,W,Springfield,GA,False,attack,Car,True
3642,2018-11-19,shot,gun,40,M,W,Riverside,AL,False,attack,Not fleeing,True
3643,2018-11-19,shot,knife,36,M,B,Fort Worth,TX,True,other,Not fleeing,False
3644,2018-11-20,shot,knife,54,M,W,San Diego,CA,False,attack,Not fleeing,False
3645,2018-11-20,shot,knife,36,M,H,Tucson,AZ,False,undetermined,Not fleeing,False
3646,2018-11-20,shot,gun,40,M,B,Madison,NC,False,attack,Not fleeing,False
3647,2018-11-21,shot,gun,50,M,W,Madison,NY,False,attack,Not fleeing,False
3648,2018-11-21,shot,other,48,M,H,Fort Collins,CO,True,undetermined,Not fleeing,True
3649,2018-11-21,shot,gun,32,M,B,Springfield,VA,False,other,Not fleeing,False
3650,2018-11-22,shot,gun,54,M,B,San Francisco,CA,False,attack,Not fleeing,False
3651,2018-11-22,shot,undetermined,34,M,B,Georgetown,NC,False,other,Not fleeing,False
3652,2018-11-23,shot,gun,29,M,W,Lincoln,GA,False,attack,Other,False
3653,2018-11-23,shot,gun,23,M,H,Springfield,TN,False,other,Not fleeing,True
3654,2018-11-23,shot,gun,38,M,W,Georgetown,WI,True,attack,Not fleeing,False
3655,2018-11-24,shot,other,24,M,O,Georgetown,WA,True,undetermined,Not fleeing,False
3656,2018-11-24,shot,gun,31,M,H,Madison,MN,True,attack,Not fleeing,False
3657,2018-11-25,shot,knife,41,M,B,Phoenix,AZ,False,other,Foot,False
3658,2018-11-25,shot and Tasered,knife,61,M,W,Sacramento,CA,True,other,Foot,True
3659,2018-11-25,shot,gun,37,M,W,Dallas,TX,True,attack,Not fleeing,False
3660,2018-11-26,shot,gun,26,M,W,Riverside,GA,False,undetermined,Foot,False
3661,2018-11-26,shot and Tasered,gun,39,M,B,Scottsdale,AZ,True,attack,Car,False
3662,2018-11-27,shot,other,60,M,W,San Diego,CA,True,attack,Not fleeing,True
3663,2018-11-27,shot,unarmed,37,M,B,Madison,NC,False,other,Foot,False
3664,2018-11-27,shot,unarmed,65,M,W,Boulder,CO,True,undetermined,Foot,False
3665,2018-11-28,shot,gun,41,F,O,Houston,TX,False,attack,Not fleeing,False
3666,2018-11-28,shot,gun,52,M,W,Tempe,AZ,False,undetermined,Car,False
3667,2018-11-28,shot,gun,44,M,O,Riverside,NM,True,attack,Foot,False
3668,2018-11-29,shot,knife,64,M,N,Scottsdale,AZ,False,other,Car,False
3669,2018-11-29,shot,knife,85,M,B,Springfield,NV,False,other,Not fleeing,False
3670,2018-11-30,shot,unarmed,35,M,H,Lincoln,MO,False,attack,Not fleeing,False
3671,2018-11-30,shot,undetermined,43,M,W,Springfield,NC,False,undetermined,Other,False
3672,2018-11-30,shot,gun,61,M,B,Orlando,FL,False,attack,Not fleeing,False
3673,2018-12-01,shot,vehicle,45,M,W,Colorado Springs,CO,False,other,Car,False
3674,2018-12-01,shot,knife,23,M,W,Springfield,MO,False,other,Foot,False
3675,2018-12-02,shot,gun,37,M,B,Aurora,CO,False,other,Not fleeing,False
3676,2018-12-02,shot,knife,44,M,B,Houston,TX,False,other,Not fleeing,False
3677,2018-12-02,shot,undetermined,71,M,B,San Francisco,CA,False,attack,Not fleeing,False
3678,2018-12-03,shot,gun,42,M,W,Lincoln,NM,False,other,Not fleeing,False
3679,2018-12-03,shot,gun,30,M,W,Georgetown,NC,False,other,Car,False
3680,2018-12-04,shot,gun,45,M,W,Lincoln,PA,False,undetermined,Foot,False
3681,2018-12-04,shot,undetermined,68,M,W,Riverside,OH,False,attack,Not fleeing,False
3682,2018-12-04,shot,unarmed,33,M,W,Lincoln,NM,False,attack,Foot,False
3683,2018-12-05,shot,gun,34,M,W,Madison,NY,False,attack,Other,False
3684,2018-12-05,shot,knife,33,M,W,Madison,OH,False,attack,Foot,False
3685,2018-12-05,Tasered,gun,27,M,H,Springfield,KY,True,attack,Not fleeing,False
3686,2018-12-06,shot,gun,42,M,W,Lincoln,NV,True,attack,Foot,False
3687,2018-12-06,shot,gun,40,M,B,Sacramento,CA,False,other,Car,True
3688,2018-12-07,shot,gun,24,M,W,Dallas,TX,False,attack,Foot,False
3689,2018-12-07,shot,gun,31,M,A,Springfield,VA,False,other,Not fleeing,True
3690,2018-12-07,shot,vehicle,44,M,B,Springfield,AR,False,undetermined,Not fleeing,True
3691,2018-12-08,shot,unarmed,52,M,W,Lincoln,NY,False,attack,Not fleeing,True
3692,2018-12-08,shot,gun,57,M,B,Georgetown,NY,True,attack,Not fleeing,True
3693,2018-12-09,shot,gun,53,M,W,Lincoln,PA,True,attack,Not fleeing,True
3694,2018-12-09,shot,gun,41,M,B,Lincoln,NC,False,other,Not fleeing,False
3695,2018-12-09,shot,gun,25,M,W,Lincoln,OK,False,other,Not fleeing,False
3696,2018-12-10,shot,gun,38,M,O,San Diego,CA,False,attack,Other,False
3697,2018-12-10,shot,undetermined,20,M,W,Springfield,WI,True,other,Not fleeing,False
3698,2018-12-11,shot,gun,44,M,W,Madison,IL,True,attack,Foot,False
3699,2018-12-11,shot,gun,33,M,H,Georgetown,PA,True,other,Not fleeing,False
3700,2018-12-11,shot,gun,21,M,W,Tucson,AZ,False,attack,Car,False
3701,2018-12-12,shot,other,47,M,H,Fort Worth,TX,True,undetermined,Not fleeing,False
3702,2018-12-12,shot,gun,68,M,B,Springfield,GA,True,attack,Not fleeing,True
3703,2018-12-12,shot,gun,24,M,H,Riverside,TN,False,attack,Car,False
3704,2018-12-13,shot,gun,48,M,W,Georgetown,PA,False,other,Car,False
3705,2018-12-13,shot,gun,36,F,H,Springfield,GA,False,attack,Car,False
3706,2018-12-14,shot,other,31,M,H,Georgetown,MO,False,attack,Other,False
3707,2018-12-14,shot,gun,31,M,W,Riverside,AL,False,other,Not fleeing,False
3708,2018-12-14,shot,knife,36,M,W,San Francisco,CA,False,attack,Not fleeing,False
3709,2018-12-15,shot,gun,36,M,W,Georgetown,NC,False,attack,Not fleeing,False
3710,2018-12-15,shot,gun,40,F,O,Madison,MD,True,attack,Not fleeing,False
3711,2018-12-16,shot,undetermined,31,M,W,Georgetown,NY,False,undetermined,Car,False
3712,2018-12-16,shot,vehicle,32,M,B,Georgetown,TN,True,attack,Foot,False
3713,2018-12-16,shot,gun,50,M,W,Georgetown,WA,False,other,Car,False
3714,2018-12-17,shot,gun,30,M,W,Madison,MI,False,attack,Not fleeing,False
3715,2018-12-17,shot,gun,45,M,B,Sacramento,CA,False,attack,Car,False
3716,2018-12-18,shot,other,36,M,O,Riverside,OH,False,attack,Not fleeing,False
3717,2018-12-18,shot,knife,34,M,B,Los Angeles,CA,False,attack,Car,False
3718,2018-12-18,shot,gun,76,M,H,Dallas,TX,False,attack,Not fleeing,False
3719,2018-12-19,shot,gun,27,M,B,Riverside,GA,False,attack,Not fleeing,False
3720,2018-12-19,shot,gun,70,M,W,Austin,TX,False,attack,Not fleeing,False
3721,2018-12-20,shot,vehicle,55,M,W,Riverside,WI,False,attack,Foot,True
3722,2018-12-20,shot,gun,33,M,B,Riverside,IN,False,other,Not fleeing,False
3723,2018-12-20,shot,gun,55,M,O,Mesa,AZ,False,other,Car,False
3724,2018-12-21,shot,undetermined,19,M,H,Madison,PA,False,attack,Not fleeing,False
3725,2018-12-21,shot,gun,32,M,W,Madison,NY,False,other,Foot,False
3726,2018-12-21,shot,gun,30,F,W,Madison,AL,False,other,Not fleeing,False
3727,2018-12-22,shot,gun,47,M,W,Madison,PA,False,other,Foot,True
3728,2018-12-22,shot,gun,52,M,O,Los Angeles,CA,False,other,Foot,False
3729,2018-12-23,shot,knife,46,M,H,Lincoln,MD,False,attack,Not fleeing,False
3730,2018-12-23,shot,knife,43,M,H,Georgetown,IL,False,attack,Not fleeing,False
3731,2018-12-23,shot,gun,57,M,W,Madison,WA,False,attack,Not fleeing,False
3732,2018-12-24,shot,gun,54,M,B,Lincoln,OR,True,other,Not fleeing,True
3733,2018-12-24,shot,gun,33,M,B,Georgetown,OR,False,attack,Not fleeing,False
3734,2018-12-25,shot,gun,34,M,W,Riverside,WA,False,attack,Foot,True
3735,2018-12-25,shot,gun,52,M,B,Riverside,MO,False,other,Not fleeing,False
3736,2018-12-25,shot,gun,40,M,W,Lincoln,MI,True,undetermined,Not fleeing,False
3737,2018-12-26,shot and Tasered,gun,41,M,W,Phoenix,AZ,False,other,Foot,True
3738,2018-12-26,shot,vehicle,43,M,A,Phoenix,AZ,False,attack,Not fleeing,True
3739,2018-12-27,shot,gun,23,M,H,Austin,TX,True,undetermined,Not fleeing,False
3740,2018-12-27,shot,knife,32,M,W,Springfield,OR,False,other,Not fleeing,False
3741,2018-12-27,shot,gun,48,M,B,Springfield,IL,False,other,Car,False
3742,2018-12-28,shot,knife,32,M,W,San Francisco,CA,False,attack,Not fleeing,False
3743,2018-12-28,shot,vehicle,38,M,H,Springfield,MN,False,undetermined,Not fleeing,False
3744,2018-12-28,shot and Tasered,knife,48,M,H,Springfield,NV,False,attack,Not fleeing,False
3745,2018-12-29,shot,gun,58,F,H,Lincoln,AR,False,attack,Not fleeing,False
3746,2018-12-29,shot,gun,61,M,H,Los Angeles,CA,False,attack,Not fleeing,False
3747,2018-12-30,Tasered,unarmed,62,M,W,Madison,WA,False,other,Not fleeing,False
3748,2018-12-30,shot,gun,39,M,W,Madison,OK,False,other,Not fleeing,True
3749,2018-12-30,shot,gun,37,M,B,Lincoln,NY,False,undetermined,Not fleeing,False
3750,2018-12-31,shot,other,28,M,W,Madison,TN,True,attack,Car,True
3751,2018-12-31,shot,knife,68,M,H,Riverside,AL,False,attack,Car,False
3752,2019-01-01,shot,unarmed,37,M,W,Fort Collins,CO,False,other,Not fleeing,False
3753,2019-01-01,shot,gun,67,M,W,Springfield,AR,False,attack,Not fleeing,False
3754,2019-01-01,shot,gun,45,M,W,San Antonio,TX,False,attack,Not fleeing,False
3755,2019-01-02,Tasered,gun,59,M,O,Orlando,FL,False,attack,Car,False
3756,2019-01-02,shot,knife,40,M,W,Sacramento,CA,False,other,Not fleeing,True
3757,2019-01-03,shot,gun,50,M,B,Fort Collins,CO,False,other,Foot,True
3758,2019-01-03,shot,gun,60,M,W,Springfield,GA,True,attack,Not fleeing,False
3759,2019-01-03,shot,knife,34,M,W,Georgetown,SC,False,attack,Foot,True
3760,2019-01-04,shot and Tasered,gun,62,M,B,Madison,TN,False,attack,Not fleeing,False
3761,2019-01-04,shot,knife,29,M,H,Riverside,NC,False,other,Not fleeing,False
3762,2019-01-04,shot,gun,76,M,B,Lincoln,TN,True,other,Other,False
3763,2019-01-05,shot,gun,43,M,A,San Diego,CA,False,other,Car,True
3764,2019-01-05,shot,gun,32,M,W,Dallas,TX,False,undetermined,Not fleeing,False
3765,2019-01-06,shot,knife,54,M,W,Riverside,PA,False,undetermined,Car,False
3766,2019-01-06,shot,gun,46,M,O,Lincoln,PA,False,attack,Not fleeing,False
3767,2019-01-06,shot,unarmed,23,M,W,Madison,VA,False,other,Car,True
3768,2019-01-07,shot,gun,36,M,B,Riverside,GA,False,other,Not fleeing,False
3769,2019-01-07,shot,gun,29,M,H,Lincoln,NV,False,other,Other,False
3770,2019-01-08,shot,undetermined,30,M,W,Madison,OK,False,undetermined,Not fleeing,False
3771,2019-01-08,shot and Tasered,gun,30,M,H,Madison,WI,False,attack,Not fleeing,False
3772,2019-01-08,shot,gun,49,M,W,Austin,TX,False,attack,Foot,False
3773,2019-01-09,shot,gun,56,M,W,Madison,NY,False,attack,Foot,False
3774,2019-01-09,shot,other,31,M,W,Georgetown,MO,False,attack,Car,False
3775,2019-01-10,shot,vehicle,22,M,H,Riverside,MI,False,other,Car,False
3776,2019-01-10,shot,vehicle,20,M,W,Dallas,TX,False,attack,Foot,False
3777,2019-01-10,shot,gun,83,M,H,Madison,WA,False,other,Car,False
3778,2019-01-11,shot,gun,43,M,O,Fort Collins,CO,True,attack,Foot,False
3779,2019-01-11,shot,gun,54,M,B,Springfield,NY,False,undetermined,Not fleeing,False
3780,2019-01-11,shot,knife,38,M,B,Tampa,FL,False,undetermined,Car,False
3781,2019-01-12,shot,gun,21,M,B,Los Angeles,CA,False,other,Other,False
3782,2019-01-12,shot,gun,47,M,W,Madison,LA,False,attack,Not fleeing,False
3783,2019-01-13,shot,knife,72,M,B,Phoenix,AZ,True,attack,Car,True
3784,2019-01-13,shot,unarmed,33,M,B,San Antonio,TX,False,other,Not fleeing,False
3785,2019-01-13,shot,gun,21,M,O,Scottsdale,AZ,False,undetermined,Car,False
3786,2019-01-14,shot,undetermined,28,F,O,Los Angeles,CA,True,other,Not fleeing,False
3787,2019-01-14,shot,gun,55,M,A,Georgetown,IN,False,other,Foot,False
3788,2019-01-15,shot,gun,46,M,A,Lincoln,LA,False,other,Not fleeing,False
3789,2019-01-15,shot and Tasered,unarmed,62,M,B,Madison,AL,True,other,Not fleeing,False
3790,2019-01-15,shot,gun,41,M,B,Springfield,NC,False,other,Other,False
3791,2019-01-16,shot,other,52,M,A,Riverside,OR,True,other,Not fleeing,False
3792,2019-01-16,shot,gun,35,M,W,Lincoln,OH,True,other,Not fleeing,False
3793,2019-01-17,Tasered,undetermined,28,M,O,Springfield,LA,False,attack,Foot,False
3794,2019-01-17,shot,gun,52,M,W,Lincoln,OH,False,undetermined,Not fleeing,False
3795,2019-01-17,shot,knife,56,M,B,Springfield,IL,False,undetermined,Not fleeing,False
3796,2019-01-18,shot,other,33,M,H,Riverside,LA,True,other,Foot,False
3797,2019-01-18,shot and Tasered,gun,70,M,O,Fort Lauderdale,FL,True,other,Car,False
3798,2019-01-19,shot,gun,70,M,W,Dallas,TX,False,attack,Not fleeing,False
3799,2019-01-19,shot,gun,30,M,H,Madison,MO,False,other,Not fleeing,False
3800,2019-01-19,shot,unarmed,30,M,B,Lincoln,OH,True,undetermined,Foot,False
3801,2019-01-20,Tasered,gun,30,M,W,Oakland,CA,False,other,Car,False
3802,2019-01-20,shot,gun,39,M,H,Lincoln,GA,False,attack,Car,False
3803,2019-01-20,shot,vehicle,36,M,B,Springfield,WA,False,other,Not fleeing,True
3804,2019-01-21,shot,unarmed,26,M,B,Madison,AL,False,attack,Foot,False
3805,2019-01-21,shot,gun,31,M,W,San Diego,CA,False,other,Foot,False
3806,2019-01-22,Tasered,unarmed,21,M,B,Fort Collins,CO,False,undetermined,Not fleeing,False
3807,2019-01-22,shot,gun,22,M,B,Madison,AL,True,attack,Foot,False
3808,2019-01-22,shot,knife,25,M,W,Lincoln,TN,False,attack,Not fleeing,True
3809,2019-01-23,shot,gun,81,M,W,Phoenix,AZ,False,attack,Not fleeing,False
3810,2019-01-23,shot,gun,77,M,O,Springfield,AR,False,attack,Not fleeing,False
3811,2019-01-24,shot,unarmed,53,F,B,Lincoln,OH,False,attack,Car,False
3812,2019-01-24,shot,gun,33,M,H,Riverside,WA,True,other,Not fleeing,False
3813,2019-01-24,shot,gun,25,M,W,Riverside,MN,False,undetermined,Not fleeing,True
3814,2019-01-25,shot,knife,41,M,W,Springfield,IN,False,other,Car,False
3815,2019-01-25,shot and Tasered,knife,48,M,W,Boulder,CO,False,attack,Foot,False
3816,2019-01-26,shot,gun,32,M,W,Dallas,TX,True,other,Not fleeing,False
3817,2019-01-26,shot,vehicle,47,M,B,Scottsdale,AZ,True,other,Not fleeing,False
3818,2019-01-26,shot,knife,28,M,B,Los Angeles,CA,False,other,Car,True
3819,2019-01-27,shot,unarmed,33,M,B,San Diego,CA,False,undetermined,Foot,False
3820,2019-01-27,shot,gun,37,M,W,Madison,GA,False,undetermined,Not fleeing,True
3821,2019-01-27,shot,gun,78,M,B,Riverside,IN,False,attack,Car,False
3822,2019-01-28,shot,gun,31,M,W,Georgetown,NM,False,undetermined,Not fleeing,True
3823,2019-01-28,shot,gun,48,M,W,Riverside,WA,False,other,Not fleeing,False
3824,2019-01-29,shot and Tasered,gun,29,M,O,Georgetown,LA,False,attack,Not fleeing,False
3825,2019-01-29,shot,gun,28,M,B,San Francisco,CA,False,other,Car,False
3826,2019-01-29,shot,undetermined,32,M,B,San Antonio,TX,False,other,Not fleeing,False
3827,2019-01-30,shot,undetermined,41,M,W,Oakland,CA,False,other,Not fleeing,False
3828,2019-01-30,shot,gun,73,M,N,Madison,MD,False,other,Foot,False
3829,2019-01-31,shot and Tasered,gun,33,M,B,Austin,TX,False,undetermined,Not fleeing,False
3830,2019-01-31,shot,gun,56,M,H,Lincoln,MS,False,undetermined,Not fleeing,True
3831,2019-01-31,shot,gun,80,M,W,Springfield,PA,False,attack,Not fleeing,False
3832,2019-02-01,shot,undetermined,45,M,O,Tampa,FL,False,undetermined,Not fleeing,False
3833,2019-02-01,shot,gun,60,M,H,San Antonio,TX,False,other,Car,False
3834,2019-02-02,shot,unarmed,31,F,H,Springfield,PA,False,undetermined,Not fleeing,True
3835,2019-02-02,shot and Tasered,gun,47,M,W,Lincoln,OR,False,other,Car,False
3836,2019-02-02,shot,knife,52,M,W,Lincoln,NV,False,undetermined,Not fleeing,False
3837,2019-02-03,shot,knife,26,M,W,Boulder,CO,False,attack,Not fleeing,False
3838,2019-02-03,shot,gun,30,M,W,Georgetown,MO,False,undetermined,Not fleeing,False
3839,2019-02-03,shot,gun,37,M,H,Scottsdale,AZ,True,attack,Other,True
3840,2019-02-04,shot,unarmed,32,F,W,Riverside,MI,False,undetermined,Foot,False
3841,2019-02-04,shot,gun,38,M,W,Madison,IL,True,undetermined,Not fleeing,False
3842,2019-02-05,shot,gun,25,M,W,Georgetown,PA,False,attack,Not fleeing,False
3843,2019-02-05,shot,gun,76,M,W,Riverside,NC,False,undetermined,Not fleeing,True
3844,2019-02-05,shot,gun,58,M,W,Georgetown,PA,True,other,Not fleeing,True
3845,2019-02-06,shot,gun,85,M,H,Denver,CO,False,undetermined,Not fleeing,False
3846,2019-02-06,shot,gun,27,M,B,San Diego,CA,True,attack,Car,False
3847,2019-02-07,shot and Tasered,other,48,F,W,Georgetown,GA,False,other,Not fleeing,False
3848,2019-02-07,shot,gun,32,M,W,Lincoln,KY,False,attack,Car,False
3849,2019-02-07,shot,gun,28,M,W,Springfield,PA,False,attack,Not fleeing,False
3850,2019-02-08,shot,gun,57,M,W,Los Angeles,CA,True,other,Car,False
3851,2019-02-08,shot,gun,42,M,B,Lincoln,NM,False,attack,Car,False
3852,2019-02-09,shot,knife,36,M,H,Miami,FL,True,undetermined,Car,False
3853,2019-02-09,shot,other,45,M,H,Tampa,FL,False,other,Foot,False
3854,2019-02-09,shot and Tasered,vehicle,30,M,H,Tempe,AZ,True,attack,Foot,False
3855,2019-02-10,shot and Tasered,gun,30,M,W,Springfield,LA,False,attack,Car,False
3856,2019-02-10,shot,gun,32,M,O,Madison,NY,False,attack,Not fleeing,False
3857,2019-02-10,shot,gun,61,M,H,Lincoln,OH,False,attack,Not fleeing,False
3858,2019-02-11,shot,gun,59,M,N,Georgetown,NV,True,other,Foot,False
3859,2019-02-11,shot,gun,27,M,W,Scottsdale,AZ,False,undetermined,Car,False
3860,2019-02-12,shot,vehicle,75,M,O,Georgetown,VA,True,other,Not fleeing,False
3861,2019-02-12,shot,gun,40,M,H,Houston,TX,False,other,Not fleeing,False
3862,2019-02-12,shot,gun,48,M,H,Springfield,VA,True,attack,Car,False
3863,2019-02-13,shot,unarmed,32,M,W,Georgetown,TN,False,other,Other,False
3864,2019-02-13,shot,other,41,F,H,Madison,OK,False,other,Not fleeing,False
3865,2019-02-14,shot and Tasered,gun,28,M,O,Madison,OH,True,other,Foot,False
3866,2019-02-14,shot,gun,31,M,B,Madison,TN,True,other,Not fleeing,False
3867,2019-02-14,shot,vehicle,55,M,B,San Francisco,CA,False,attack,Not fleeing,False
3868,2019-02-15,shot,gun,56,M,O,Madison,MS,False,attack,Not fleeing,False
3869,2019-02-15,shot,other,48,M,W,Los Angeles,CA,False,attack,Not fleeing,False
3870,2019-02-16,shot,gun,35,M,B,Dallas,TX,False,undetermined,Not fleeing,False
3871,2019-02-16,shot,gun,26,M,B,Madison,LA,False,attack,Not fleeing,False
3872,2019-02-16,shot,gun,64,M,O,Springfield,IL,False,other,Not fleeing,False
3873,2019-02-17,shot,gun,57,M,W,San Francisco,CA,True,attack,Not fleeing,False
3874,2019-02-17,shot,vehicle,23,M,B,Springfield,KY,True,attack,Not fleeing,False
3875,2019-02-17,shot,vehicle,56,M,B,Georgetown,MN,False,other,Other,False
3876,2019-02-18,shot,undetermined,36,M,H,Springfield,MO,False,attack,Not fleeing,False
3877,2019-02-18,shot,gun,52,M,B,Riverside,OH,False,undetermined,Not fleeing,False
3878,2019-02-19,shot,vehicle,25,M,N,Madison,IL,False,undetermined,Not fleeing,False
3879,2019-02-19,shot,unarmed,32,M,O,Tucson,AZ,True,other,Not fleeing,False
3880,2019-02-19,shot,unarmed,42,M,W,Madison,OH,False,other,Not fleeing,False
3881,2019-02-20,shot,gun,76,F,W,Madison,KY,True,undetermined,Not fleeing,False
3882,2019-02-20,shot,knife,42,M,W,Lincoln,WI,False,other,Car,False
3883,2019-02-21,shot,gun,60,M,W,Georgetown,KY,False,other,Not fleeing,True
3884,2019-02-21,shot,knife,44,M,B,Jacksonville,FL,False,attack,Not fleeing,False
3885,2019-02-21,shot,gun,44,M,N,Orlando,FL,False,other,Not fleeing,False
3886,2019-02-22,shot,knife,49,M,H,Scottsdale,AZ,False,attack,Not fleeing,False
3887,2019-02-22,shot,knife,40,M,W,Madison,NC,True,attack,Foot,False
3888,2019-02-23,shot,gun,55,M,W,Tucson,AZ,False,attack,Not fleeing,False
3889,2019-02-23,shot,gun,28,M,B,Fort Collins,CO,False,other,Not fleeing,True
3890,2019-02-23,shot,gun,40,M,B,Springfield,PA,True,attack,Not fleeing,False
3891,2019-02-24,shot,vehicle,79,M,W,Georgetown,MD,False,attack,Car,False
3892,2019-02-24,shot,knife,61,M,A,Springfield,IL,False,other,Not fleeing,False
3893,2019-02-25,shot,gun,46,M,O,Riverside,AL,False,other,Not fleeing,False
3894,2019-02-25,shot,knife,58,M,W,Sacramento,CA,False,attack,Foot,False
3895,2019-02-25,shot,gun,70,M,A,San Diego,CA,False,other,Car,True
3896,2019-02-26,shot,gun,22,M,W,Lincoln,VA,False,attack,Not fleeing,False
3897,2019-02-26,shot and Tasered,gun,37,M,H,Riverside,NY,False,undetermined,Car,False
3898,2019-02-26,shot,gun,32,M,B,Riverside,LA,False,attack,Not fleeing,False
3899,2019-02-27,shot,knife,26,M,W,San Francisco,CA,False,attack,Not fleeing,False
3900,2019-02-27,shot,other,84,M,O,Orlando,FL,True,undetermined,Foot,False
3901,2019-02-28,shot,gun,50,M,B,Lincoln,PA,True,attack,Not fleeing,False
3902,2019-02-28,shot,undetermined,57,M,H,Springfield,MS,False,attack,Foot,False
3903,2019-02-28,shot,knife,33,F,W,Madison,KY,True,attack,Foot,True
3904,2019-03-01,shot,gun,37,M,W,Madison,WA,False,attack,Foot,True
3905,2019-03-01,shot,gun,41,M,W,Georgetown,NY,False,other,Not fleeing,False
3906,2019-03-02,shot and Tasered,knife,47,M,B,Riverside,AR,True,other,Not fleeing,False
3907,2019-03-02,shot,knife,54,M,B,Riverside,NY,False,other,Not fleeing,False
3908,2019-03-02,shot,gun,23,M,W,Riverside,WA,False,undetermined,Car,False
3909,2019-03-03,shot,gun,52,M,H,Springfield,OR,False,other,Not fleeing,True
3910,2019-03-03,shot,undetermined,38,M,H,Riverside,VA,False,other,Not fleeing,False
3911,2019-03-04,shot,gun,71,M,H,Georgetown,OR,True,attack,Car,False
3912,2019-03-04,shot,unarmed,65,M,B,Fort Lauderdale,FL,False,other,Not fleeing,False
3913,2019-03-04,shot,gun,45,M,N,Springfield,WA,False,attack,Not fleeing,True
3914,2019-03-05,shot,gun,41,M,B,Riverside,AR,False,attack,Not fleeing,False
3915,2019-03-05,shot,gun,37,M,B,Sacramento,CA,False,other,Not fleeing,False
3916,2019-03-05,shot,gun,47,M,W,Lincoln,SC,False,attack,Car,False
3917,2019-03-06,shot,gun,64,M,W,San Antonio,TX,False,attack,Not fleeing,False
3918,2019-03-06,shot,gun,42,M,W,Springfield,SC,False,other,Not fleeing,True
3919,2019-03-07,shot,vehicle,34,M,B,Lincoln,MO,False,attack,Foot,False
3920,2019-03-07,Tasered,gun,41,M,W,San Antonio,TX,True,other,Not fleeing,False
3921,2019-03-07,shot,knife,46,F,W,Georgetown,OH,False,undetermined,Car,False
3922,2019-03-08,Tasered,unarmed,28,M,H,Madison,OK,False,attack,Not fleeing,True
3923,2019-03-08,shot,unarmed,26,M,W,Riverside,PA,False,attack,Not fleeing,False
3924,2019-03-09,shot,gun,34,M,W,Riverside,NC,True,undetermined,Foot,True
3925,2019-03-09,shot,knife,71,M,W,Georgetown,OR,False,other,Not fleeing,False
3926,2019-03-09,shot,knife,63,F,H,Springfield,WA,False,attack,Not fleeing,False
3927,2019-03-10,shot,gun,24,M,W,Riverside,WA,False,attack,Not fleeing,False
3928,2019-03-10,shot,gun,30,M,B,San Francisco,CA,False,other,Not fleeing,False
3929,2019-03-11,shot,gun,53,M,B,Madison,KY,False,other,Not fleeing,True
3930,2019-03-11,shot,gun,35,M,B,San Antonio,TX,True,attack,Not fleeing,False
3931,2019-03-11,shot,unarmed,48,M,B,Madison,NY,False,attack,Not fleeing,False
3932,2019-03-12,shot and Tasered,undetermined,25,M,H,Lincoln,SC,False,other,Not fleeing,False
3933,2019-03-12,shot,knife,41,M,W,Fort Worth,TX,False,other,Other,False
3934,2019-03-12,shot,gun,40,M,W,Springfield,NY,False,attack,Not fleeing,False
3935,2019-03-13,shot,other,57,M,W,Tampa,FL,False,undetermined,Foot,True
3936,2019-03-13,shot,gun,47,M,W,Springfield,MD,True,attack,Not fleeing,False
3937,2019-03-14,shot and Tasered,gun,43,M,W,Madison,LA,False,attack,Foot,False
3938,2019-03-14,shot,unarmed,23,M,W,Riverside,MS,False,attack,Not fleeing,False
3939,2019-03-14,shot,gun,80,M,B,Springfield,OR,True,other,Foot,False
3940,2019-03-15,shot,gun,52,M,B,Lincoln,TN,False,undetermined,Car,False
3941,2019-03-15,shot,vehicle,32,M,W,Madison,NV,True,attack,Not fleeing,False
3942,2019-03-16,shot,undetermined,43,M,H,Georgetown,NY,True,attack,Not fleeing,False
3943,2019-03-16,shot,gun,36,M,W,Riverside,GA,False,other,Car,False
3944,2019-03-16,shot,vehicle,38,M,W,Madison,TN,False,other,Foot,True
3945,2019-03-17,shot and Tasered,gun,62,M,B,Springfield,OR,False,attack,Not fleeing,True
3946,2019-03-17,shot and Tasered,knife,30,M,W,Madison,NC,True,undetermined,Not fleeing,False
3947,2019-03-18,shot,gun,53,M,W,Tucson,AZ,False,other,Not fleeing,False
3948,2019-03-18,shot,other,63,M,W,Georgetown,GA,False,attack,Foot,False
3949,2019-03-18,shot,undetermined,50,M,O,Georgetown,NC,False,attack,Not fleeing,False
3950,2019-03-19,shot,gun,39,M,H,Oakland,CA,False,other,Not fleeing,False
3951,2019-03-19,shot,undetermined,31,M,W,Riverside,WA,False,other,Not fleeing,False
3952,2019-03-19,shot,undetermined,33,M,H,Madison,OH,False,attack,Car,False
3953,2019-03-20,shot,gun,43,M,H,Riverside,MO,False,other,Car,True
3954,2019-03-20,shot,other,42,M,B,Colorado Springs,CO,False,attack,Not fleeing,True
3955,2019-03-21,shot,other,55,M,H,Madison,MO,False,attack,Not fleeing,False
3956,2019-03-21,shot,gun,25,M,W,Lincoln,NM,False,other,Not fleeing,False
3957,2019-03-21,shot,gun,62,M,W,Georgetown,WI,False,other,Not fleeing,False
3958,2019-03-22,shot,gun,85,M,B,Springfield,LA,True,other,Foot,False
3959,2019-03-22,shot,gun,40,M,B,Los Angeles,CA,True,attack,Not fleeing,False
3960,2019-03-23,shot,gun,38,M,B,Madison,WI,True,attack,Not fleeing,False
3961,2019-03-23,shot,gun,39,M,B,Springfield,NV,True,undetermined,Not fleeing,False
3962,2019-03-23,shot,other,42,M,O,Scottsdale,AZ,False,attack,Not fleeing,False
3963,2019-03-24,shot,vehicle,37,M,N,Dallas,TX,False,other,Not fleeing,False
3964,2019-03-24,shot,undetermined,22,M,A,Fort Worth,TX,False,attack,Car,False
3965,2019-03-25,shot,other,39,M,H,Houston,TX,False,other,Foot,False
3966,2019-03-25,shot,gun,43,M,O,Los Angeles,CA,False,other,Not fleeing,False
3967,2019-03-25,shot,knife,65,M,W,Madison,OR,True,other,Not fleeing,False
3968,2019-03-26,shot,gun,30,M,W,Madison,NY,True,undetermined,Not fleeing,False
3969,2019-03-26,shot,gun,75,M,B,Riverside,OK,False,undetermined,Car,False
3970,2019-03-26,shot,gun,36,M,H,Georgetown,AL,True,attack,Other,True
3971,2019-03-27,shot,gun,31,M,B,Springfield,VA,True,attack,Not fleeing,False
3972,2019-03-27,shot and Tasered,gun,52,M,H,Riverside,NM,False,attack,Foot,False
3973,2019-03-28,shot,gun,35,M,W,Georgetown,WI,False,attack,Not fleeing,False
3974,2019-03-28,shot,other,40,M,W,Riverside,NC,False,attack,Not fleeing,False
3975,2019-03-28,shot,gun,41,M,H,Springfield,IN,False,undetermined,Foot,False
3976,2019-03-29,shot,gun,51,M,W,Madison,NV,False,attack,Not fleeing,False
3977,2019-03-29,shot,knife,40,M,W,San Diego,CA,False,undetermined,Not fleeing,False
3978,2019-03-30,shot,gun,38,M,W,Madison,OK,True,attack,Not fleeing,True
3979,2019-03-30,shot,undetermined,36,M,W,Lincoln,OK,False,attack,Not fleeing,False
3980,2019-03-30,shot,gun,49,M,H,Riverside,OR,False,other,Not fleeing,True
3981,2019-03-31,shot,gun,34,M,W,Denver,CO,False,other,Car,False
3982,2019-03-31,shot,gun,65,M,B,Riverside,MO,True,attack,Car,True
3983,2019-04-01,shot,gun,41,M,W,San Diego,CA,False,other,Other,False
3984,2019-04-01,shot,gun,24,M,H,Tucson,AZ,False,undetermined,Not fleeing,False
3985,2019-04-01,shot,gun,46,M,W,Oakland,CA,False,other,Not fleeing,False
3986,2019-04-02,shot,unarmed,48,M,B,Riverside,WA,True,attack,Other,False
3987,2019-04-02,shot,gun,66,M,H,Lincoln,AL,False,attack,Car,False
3988,2019-04-03,shot,gun,32,M,W,Austin,TX,True,attack,Not fleeing,True
3989,2019-04-03,shot,other,30,M,A,Madison,NY,False,other,Not fleeing,False
3990,2019-04-03,shot,knife,51,M,B,Houston,TX,True,undetermined,Not fleeing,False
3991,2019-04-04,shot,gun,61,M,W,Fort Worth,TX,False,attack,Other,False
3992,2019-04-04,shot,gun,31,M,W,Springfield,WA,True,other,Not fleeing,False
3993,2019-04-04,shot,gun,45,M,O,Los Angeles,CA,False,undetermined,Not fleeing,False
3994,2019-04-05,shot,vehicle,40,M,H,Georgetown,MO,False,attack,Foot,False
3995,2019-04-05,shot,unarmed,32,M,W,Sacramento,CA,False,other,Other,False
3996,2019-04-06,shot,knife,39,M,W,San Diego,CA,True,attack,Not fleeing,False
3997,2019-04-06,shot,vehicle,60,M,H,Riverside,NY,True,undetermined,Other,False
3998,2019-04-06,shot,gun,41,M,H,Lincoln,MO,True,attack,Not fleeing,False
3999,2019-04-07,shot,gun,39,M,H,San Diego,CA,False,attack,Foot,False
4000,2019-04-07,shot,vehicle,50,M,W,Lincoln,LA,True,attack,Other,False
4001,2019-04-08,shot,gun,62,M,H,Georgetown,AR,False,attack,Not fleeing,False
4002,2019-04-08,shot,undetermined,29,M,W,Springfield,NV,True,undetermined,Not fleeing,False
4003,2019-04-08,shot,gun,46,M,W,Fort Worth,TX,False,other,Car,False
4004,2019-04-09,shot,gun,36,M,B,Riverside,MO,False,other,Not fleeing,False
4005,2019-04-09,shot,vehicle,41,M,O,Georgetown,TN,False,other,Not fleeing,False
4006,2019-04-10,Tasered,vehicle,52,M,W,Los Angeles,CA,False,attack,Not fleeing,False
4007,2019-04-10,shot,knife,37,M,B,Lincoln,MS,False,attack,Foot,False
4008,2019-04-10,shot,knife,40,M,B,Madison,OR,False,other,Not fleeing,False
4009,2019-04-11,shot,gun,58,F,B,Riverside,AR,False,other,Car,True
4010,2019-04-11,shot,undetermined,48,M,H,Lincoln,AL,True,other,Not fleeing,False
4011,2019-04-11,shot,undetermined,39,M,H,Madison,IL,True,other,Foot,False
4012,2019-04-12,shot,gun,43,M,W,Springfield,PA,False,other,Not fleeing,False
4013,2019-04-12,shot,unarmed,42,M,O,Georgetown,OK,False,attack,Not fleeing,False
4014,2019-04-13,shot,undetermined,23,M,H,Lincoln,SC,False,other,Not fleeing,False
4015,2019-04-13,shot,knife,43,M,A,Madison,TN,False,attack,Foot,False
4016,2019-04-13,shot,gun,27,M,B,Mesa,AZ,False,other,Foot,False
4017,2019-04-14,shot,knife,61,M,H,Boulder,CO,False,attack,Foot,False
4018,2019-04-14,shot and Tasered,gun,27,M,W,Lincoln,OR,False,attack,Not fleeing,False
4019,2019-04-15,shot,gun,35,M,W,Sacramento,CA,False,attack,Other,True
4020,2019-04-15,shot and Tasered,unarmed,33,M,A,Springfield,OK,True,other,Not fleeing,False
4021,2019-04-15,shot,gun,70,M,W,Lincoln,WI,True,attack,Not fleeing,False
4022,2019-04-16,shot,gun,60,F,W,Georgetown,NV,True,attack,Not fleeing,True
4023,2019-04-16,shot,gun,20,M,H,Lincoln,MI,True,other,Foot,False
4024,2019-04-17,shot,gun,41,M,H,Springfield,OK,False,attack,Foot,False
4025,2019-04-17,shot,undetermined,28,M,W,San Diego,CA,False,attack,Not fleeing,False
4026,2019-04-17,shot,gun,43,M,H,Lincoln,AL,False,attack,Not fleeing,False
4027,2019-04-18,shot,gun,51,M,B,Fort Lauderdale,FL,False,attack,Not fleeing,False
4028,2019-04-18,shot,gun,44,M,B,Lincoln,NC,False,other,Foot,False
4029,2019-04-18,shot,vehicle,53,M,H,Tucson,AZ,True,attack,Not fleeing,False
4030,2019-04-19,shot,other,37,M,W,Miami,FL,False,undetermined,Foot,False
4031,2019-04-19,shot,vehicle,45,M,W,Madison,NC,True,attack,Not fleeing,False
4032,2019-04-20,shot,gun,52,M,W,Riverside,GA,False,attack,Foot,False
4033,2019-04-20,shot,unarmed,35,M,B,Georgetown,PA,False,other,Car,False
4034,2019-04-20,shot,gun,31,M,B,Lincoln,AL,False,undetermined,Not fleeing,False
4035,2019-04-21,shot,gun,33,F,H,Phoenix,AZ,True,attack,Not fleeing,False
4036,2019-04-21,shot,gun,39,M,H,Austin,TX,False,other,Foot,True
4037,2019-04-22,shot,gun,41,M,B,Lincoln,TN,False,other,Not fleeing,False
4038,2019-04-22,shot,gun,46,M,H,Lincoln,TN,False,attack,Not fleeing,False
4039,2019-04-22,shot,knife,32,M,W,Lincoln,OR,False,other,Not fleeing,False
4040,2019-04-23,shot,gun,53,M,W,Los Angeles,CA,True,attack,Not fleeing,False
4041,2019-04-23,shot,unarmed,77,M,A,Riverside,MS,False,other,Car,False
4042,2019-04-24,shot,gun,33,M,W,Georgetown,WA,False,undetermined,Car,False
4043,2019-04-24,shot,other,85,M,W,Riverside,PA,False,attack,Foot,False
4044,2019-04-24,shot,gun,81,M,H,Los Angeles,CA,True,attack,Not fleeing,False
4045,2019-04-25,Tasered,gun,41,M,W,Georgetown,NC,False,other,Not fleeing,False
4046,2019-04-25,shot,gun,39,M,A,Tampa,FL,False,attack,Car,False
4047,2019-04-25,shot,gun,33,M,W,Orlando,FL,False,attack,Car,False
4048,2019-04-26,shot,other,55,M,W,Springfield,WA,True,attack,Not fleeing,False
4049,2019-04-26,Tasered,vehicle,42,M,W,Springfield,AL,False,attack,Foot,False
4050,2019-04-27,Tasered,gun,44,M,B,Springfield,IL,True,other,Car,False
4051,2019-04-27,shot,gun,31,M,W,Georgetown,MO,False,attack,Not fleeing,False
4052,2019-04-27,shot,gun,56,M,B,Lincoln,NY,False,other,Other,False
4053,2019-04-28,shot,gun,38,M,A,Madison,NC,False,other,Other,False
4054,2019-04-28,shot,undetermined,29,M,N,Georgetown,MN,False,other,Foot,False
4055,2019-04-29,shot,gun,40,M,W,Georgetown,LA,False,other,Foot,False
4056,2019-04-29,shot,gun,31,M,B,Orlando,FL,False,attack,Not fleeing,False
4057,2019-04-29,shot,gun,66,M,B,Tampa,FL,False,attack,Other,False
4058,2019-04-30,shot,gun,80,M,O,Springfield,MO,True,attack,Car,False
4059,2019-04-30,shot,undetermined,40,M,O,Georgetown,WA,False,attack,Car,False
4060,2019-05-01,shot,gun,59,M,W,San Diego,CA,False,undetermined,Foot,False
4061,2019-05-01,shot,gun,59,M,H,Riverside,AL,False,undetermined,Not fleeing,False
4062,2019-05-01,shot and Tasered,vehicle,18,M,W,Lincoln,NV,True,attack,Foot,False
4063,2019-05-02,shot,gun,33,M,W,Madison,TN,False,attack,Car,False
4064,2019-05-02,shot,gun,43,M,W,Los Angeles,CA,False,attack,Not fleeing,False
4065,2019-05-03,shot,gun,35,M,B,Boulder,CO,False,undetermined,Car,True
4066,2019-05-03,shot,other,32,M,B,Lincoln,IN,True,attack,Car,False
4067,2019-05-03,shot,vehicle,60,M,W,Riverside,MS,False,other,Not fleeing,False
4068,2019-05-04,shot and Tasered,other,35,M,B,Miami,FL,False,attack,Other,False
4069,2019-05-04,shot,knife,46,M,W,Austin,TX,False,other,Not fleeing,False
4070,2019-05-04,shot,gun,58,M,B,Riverside,NC,False,undetermined,Foot,False
4071,2019-05-05,shot,gun,67,M,W,Denver,CO,False,other,Car,False
4072,2019-05-05,shot,unarmed,29,M,W,Georgetown,OK,False,other,Foot,False
4073,2019-05-06,shot,gun,29,M,W,Riverside,WI,True,attack,Not fleeing,False
4074,2019-05-06,shot,gun,44,M,W,Fort Collins,CO,False,other,Foot,False
4075,2019-05-06,shot,other,22,M,B,Los Angeles,CA,False,attack,Car,False
4076,2019-05-07,shot,gun,30,M,W,Madison,OR,False,other,Foot,False
4077,2019-05-07,shot,gun,63,M,B,Los Angeles,CA,False,undetermined,Not fleeing,False
4078,2019-05-08,shot,vehicle,51,M,W,Lincoln,WI,False,other,Foot,False
4079,2019-05-08,shot,vehicle,39,M,B,Lincoln,TN,False,other,Foot,False
4080,2019-05-08,shot,gun,48,M,H,Madison,IN,False,undetermined,Not fleeing,False
4081,2019-05-09,shot,gun,52,M,W,Austin,TX,True,other,Not fleeing,False
4082,2019-05-09,shot,gun,26,M,B,Los Angeles,CA,False,attack,Not fleeing,False
4083,2019-05-10,shot,gun,35,F,W,Riverside,OH,False,other,Not fleeing,False
4084,2019-05-10,shot,knife,66,M,B,Springfield,NC,True,other,Not fleeing,False
4085,2019-05-10,shot,undetermined,44,M,W,Scottsdale,AZ,False,attack,Foot,False
4086,2019-05-11,shot,gun,45,M,B,Madison,WI,False,other,Not fleeing,True
4087,2019-05-11,shot,unarmed,40,M,B,Madison,AL,True,undetermined,Car,False
4088,2019-05-11,shot,knife,23,F,O,Georgetown,TN,True,attack,Car,False
4089,2019-05-12,shot,knife,33,M,B,San Antonio,TX,False,other,Not fleeing,False
4090,2019-05-12,shot,gun,47,M,B,Madison,IL,False,attack,Not fleeing,False
4091,2019-05-13,shot,gun,35,M,W,Lincoln,NV,False,other,Foot,False
4092,2019-05-13,shot and Tasered,knife,29,M,O,Riverside,NC,False,other,Not fleeing,False
4093,2019-05-13,shot,other,30,F,H,Riverside,KY,True,attack,Car,True
4094,2019-05-14,shot,gun,67,M,W,Austin,TX,False,attack,Car,False
4095,2019-05-14,shot,undetermined,34,M,H,Tampa,FL,False,undetermined,Not fleeing,False
4096,2019-05-15,shot,knife,62,M,W,Los Angeles,CA,False,attack,Not fleeing,False
4097,2019-05-15,shot,unarmed,45,M,H,Riverside,SC,False,other,Not fleeing,False
4098,2019-05-15,shot,gun,38,M,H,Lincoln,PA,False,attack,Not fleeing,False
4099,2019-05-16,shot,vehicle,31,M,W,Phoenix,AZ,False,other,Foot,False
4100,2019-05-16,shot,unarmed,52,M,H,San Antonio,TX,False,attack,Not fleeing,False
4101,2019-05-17,shot,unarmed,59,M,W,Sacramento,CA,False,attack,Not fleeing,False
4102,2019-05-17,shot,vehicle,53,M,W,Dallas,TX,True,attack,Not fleeing,False
4103,2019-05-17,shot,gun,27,M,W,Springfield,NC,False,attack,Car,False
4104,2019-05-18,shot,gun,34,M,H,Miami,FL,False,attack,Not fleeing,False
4105,2019-05-18,shot,gun,36,M,W,Orlando,FL,True,attack,Not fleeing,False
4106,2019-05-18,shot,gun,22,M,W,Springfield,NM,False,attack,Not fleeing,True
4107,2019-05-19,shot,gun,48,M,H,Riverside,WA,True,attack,Car,False
4108,2019-05-19,shot,gun,51,M,W,Lincoln,NV,True,attack,Not fleeing,False
4109,2019-05-20,shot and Tasered,knife,50,M,W,Oakland,CA,True,undetermined,Foot,False
4110,2019-05-20,shot and Tasered,knife,47,M,W,Aurora,CO,True,other,Not fleeing,True
4111,2019-05-20,shot,gun,37,M,W,Lincoln,OH,True,undetermined,Not fleeing,False
4112,2019-05-21,shot,knife,31,M,B,San Antonio,TX,False,attack,Foot,True
4113,2019-05-21,shot,gun,37,M,W,San Antonio,TX,False,attack,Not fleeing,False
4114,2019-05-22,shot,gun,46,M,O,Riverside,MS,True,attack,Not fleeing,False
4115,2019-05-22,shot,vehicle,64,M,H,Georgetown,IN,False,attack,Not fleeing,False
4116,2019-05-22,shot,gun,42,M,W,San Diego,CA,False,other,Not fleeing,True
4117,2019-05-23,shot,gun,41,M,W,Aurora,CO,False,attack,Not fleeing,False
4118,2019-05-23,shot,gun,23,M,W,Lincoln,WI,True,attack,Foot,False
4119,2019-05-24,shot,knife,47,M,B,Oakland,CA,False,attack,Car,False
4120,2019-05-24,shot,gun,66,M,W,Georgetown,TN,True,undetermined,Car,False
4121,2019-05-24,shot,gun,39,M,W,Madison,MN,True,undetermined,Foot,False
4122,2019-05-25,shot,gun,38,M,H,Georgetown,MN,False,attack,Not fleeing,False
4123,2019-05-25,shot,vehicle,36,M,W,Lincoln,OH,False,other,Not fleeing,False
4124,2019-05-25,shot,gun,52,M,W,Dallas,TX,True,attack,Not fleeing,False
4125,2019-05-26,shot,gun,22,M,A,San Antonio,TX,False,attack,Not fleeing,False
4126,2019-05-26,shot,gun,62,M,B,Springfield,NM,True,other,Not fleeing,False
4127,2019-05-27,shot,gun,38,M,W,Madison,KY,True,attack,Foot,False
4128,2019-05-27,Tasered,gun,47,F,B,Madison,MO,False,attack,Not fleeing,False
4129,2019-05-27,shot,gun,54,M,W,Riverside,MD,False,attack,Not fleeing,False
4130,2019-05-28,shot,other,30,M,H,Springfield,IL,False,other,Other,False
4131,2019-05-28,shot,gun,41,M,B,Springfield,TN,False,attack,Not fleeing,True
4132,2019-05-29,shot,gun,37,M,H,Springfield,AL,False,other,Not fleeing,False
4133,2019-05-29,shot,other,28,M,O,Riverside,OK,True,other,Other,False
4134,2019-05-29,shot,gun,58,M,O,Georgetown,NY,False,other,Not fleeing,False
4135,2019-05-30,shot,knife,36,M,N,Miami,FL,True,attack,Not fleeing,False
4136,2019-05-30,shot,gun,28,M,B,Georgetown,IL,False,attack,Not fleeing,True
4137,2019-05-31,shot,undetermined,41,M,W,Lincoln,OH,False,attack,Not fleeing,False
4138,2019-05-31,shot,undetermined,25,M,B,Tucson,AZ,False,attack,Not fleeing,False
4139,2019-05-31,shot,gun,35,M,B,Georgetown,SC,False,other,Not fleeing,False
4140,2019-06-01,shot,gun,45,M,A,Springfield,OK,False,other,Not fleeing,False
4141,2019-06-01,shot and Tasered,gun,25,M,W,Springfield,IN,False,attack,Foot,False
4142,2019-06-01,shot,other,51,M,N,Fort Worth,TX,True,other,Foot,False
4143,2019-06-02,shot,gun,42,M,H,Georgetown,TN,False,other,Not fleeing,False
4144,2019-06-02,shot,other,54,M,O,Jacksonville,FL,False,attack,Not fleeing,False
4145,2019-06-03,shot,unarmed,54,M,A,Riverside,OR,False,other,Car,False
4146,2019-06-03,shot,gun,35,M,W,San Diego,CA,False,other,Not fleeing,False
4147,2019-06-03,shot,vehicle,35,M,W,Lincoln,TN,True,attack,Foot,False
4148,2019-06-04,shot,gun,48,M,W,Lincoln,VA,False,other,Not fleeing,True
4149,2019-06-04,shot,gun,29,M,W,Fort Collins,CO,False,attack,Not fleeing,True
4150,2019-06-05,shot,gun,29,M,B,Springfield,WI,False,attack,Not fleeing,False
4151,2019-06-05,shot,gun,33,M,H,Georgetown,AR,False,undetermined,Foot,False
4152,2019-06-05,shot,gun,26,M,A,Tucson,AZ,False,other,Not fleeing,False
4153,2019-06-06,shot,gun,27,M,B,Los Angeles,CA,True,attack,Not fleeing,False
4154,2019-06-06,shot,knife,28,M,W,Scottsdale,AZ,False,other,Not fleeing,False
4155,2019-06-07,shot,knife,37,M,W,Orlando,FL,False,other,Not fleeing,False
4156,2019-06-07,shot,other,36,M,W,Springfield,NM,True,attack,Not fleeing,False
4157,2019-06-07,shot,vehicle,57,M,W,Madison,WI,True,attack,Foot,False
4158,2019-06-08,shot,knife,37,M,B,Sacramento,CA,False,other,Not fleeing,False
4159,2019-06-08,shot,gun,40,M,W,Springfield,OH,True,undetermined,Car,True
4160,2019-06-09,shot and Tasered,gun,74,M,W,Springfield,NY,True,other,Not fleeing,True
4161,2019-06-09,shot,gun,20,M,W,Sacramento,CA,False,attack,Not fleeing,False
4162,2019-06-09,shot,gun,44,M,B,Madison,GA,False,undetermined,Foot,False
4163,2019-06-10,shot,knife,38,M,B,Tempe,AZ,False,undetermined,Not fleeing,False
4164,2019-06-10,shot,knife,45,M,B,Madison,NY,True,other,Foot,False
4165,2019-06-10,shot,other,34,M,W,Lincoln,TN,True,attack,Car,False
4166,2019-06-11,shot,gun,37,M,O,Georgetown,NV,False,attack,Not fleeing,False
4167,2019-06-11,shot,knife,63,M,W,Houston,TX,False,undetermined,Not fleeing,False
4168,2019-06-12,shot,undetermined,48,M,B,Madison,AL,False,attack,Car,False
4169,2019-06-12,shot,gun,37,M,H,Madison,OK,False,attack,Foot,False
4170,2019-06-12,shot,gun,31,M,B,Georgetown,NM,False,other,Not fleeing,False
4171,2019-06-13,shot,undetermined,29,M,O,Springfield,NC,True,attack,Not fleeing,False
4172,2019-06-13,shot,gun,34,M,W,Madison,OR,True,undetermined,Car,False
4173,2019-06-14,shot,vehicle,38,M,B,Georgetown,MS,True,other,Car,False
4174,2019-06-14,shot,other,74,M,W,Madison,NC,True,other,Not fleeing,True
4175,2019-06-14,shot,gun,43,M,B,Springfield,GA,False,other,Not fleeing,False
4176,2019-06-15,shot,gun,32,M,W,Springfield,IN,False,attack,Not fleeing,False
4177,2019-06-15,shot,unarmed,20,M,W,Riverside,NV,False,other,Not fleeing,False
4178,2019-06-16,shot,unarmed,31,M,B,Georgetown,KY,False,other,Not fleeing,True
4179,2019-06-16,shot,gun,34,M,B,Lincoln,SC,True,other,Car,False
4180,2019-06-16,shot,gun,44,M,W,Madison,MO,False,attack,Not fleeing,False
4181,2019-06-17,shot,gun,35,M,H,Los Angeles,CA,False,other,Foot,False
4182,2019-06-17,shot,unarmed,76,M,B,Mesa,AZ,False,attack,Other,False
4183,2019-06-17,shot,gun,37,M,W,Madison,WI,False,attack,Not fleeing,False
4184,2019-06-18,Tasered,gun,58,M,B,Scottsdale,AZ,True,attack,Foot,False
4185,2019-06-18,shot,knife,24,M,H,Los Angeles,CA,False,undetermined,Other,False
4186,2019-06-19,shot,gun,40,F,B,Riverside,NV,False,attack,Car,True
4187,2019-06-19,shot,other,31,M,W,Georgetown,IL,False,other,Not fleeing,False
4188,2019-06-19,shot,other,58,M,W,Tampa,FL,False,attack,Foot,False
4189,2019-06-20,shot,gun,36,M,B,Scottsdale,AZ,False,attack,Foot,False
4190,2019-06-20,shot,gun,63,M,O,Lincoln,OH,True,attack,Not fleeing,False
4191,2019-06-21,shot and Tasered,gun,51,M,B,Oakland,CA,False,other,Not fleeing,False
4192,2019-06-21,shot,gun,34,M,W,Georgetown,VA,False,other,Car,False
4193,2019-06-21,shot,knife,28,M,B,Phoenix,AZ,False,undetermined,Not fleeing,True
4194,2019-06-22,shot,gun,32,M,A,Madison,MS,False,attack,Foot,False
4195,2019-06-22,shot,gun,37,M,W,Madison,SC,True,undetermined,Other,False
4196,2019-06-23,shot,gun,51,M,O,Georgetown,TN,False,attack,Not fleeing,False
4197,2019-06-23,shot,gun,40,M,O,Tucson,AZ,False,other,Car,False
4198,2019-06-23,shot,gun,54,M,W,Madison,WA,True,attack,Not fleeing,True
4199,2019-06-24,shot,knife,65,M,O,Lincoln,NC,False,other,Not fleeing,False
4200,2019-06-24,shot,gun,41,M,W,Boulder,CO,False,undetermined,Other,False
4201,2019-06-24,shot,gun,29,M,H,Madison,AR,False,other,Not fleeing,True
4202,2019-06-25,shot and Tasered,vehicle,46,M,W,Springfield,OH,False,attack,Not fleeing,False
4203,2019-06-25,shot,unarmed,79,M,W,Georgetown,AR,False,other,Foot,False
4204,2019-06-26,shot,gun,55,M,B,Sacramento,CA,False,undetermined,Not fleeing,False
4205,2019-06-26,shot,gun,45,M,H,Houston,TX,False,other,Car,False
4206,2019-06-26,Tasered,gun,30,M,W,Georgetown,MN,False,undetermined,Foot,False
4207,2019-06-27,shot,gun,38,M,B,Georgetown,MO,False,other,Not fleeing,False
4208,2019-06-27,shot and Tasered,vehicle,25,M,W,Madison,WA,True,other,Not fleeing,False
4209,2019-06-28,shot,gun,28,M,W,Springfield,WA,False,other,Not fleeing,False
4210,2019-06-28,shot,knife,46,M,W,Fort Worth,TX,False,attack,Foot,False
4211,2019-06-28,shot,other,23,M,B,Lincoln,NV,False,other,Not fleeing,True
4212,2019-06-29,shot,knife,36,M,W,Los Angeles,CA,False,other,Not fleeing,False
4213,2019-06-29,shot,gun,27,M,W,Madison,LA,False,other,Not fleeing,False
4214,2019-06-30,shot and Tasered,gun,28,M,W,Riverside,LA,True,undetermined,Foot,False
4215,2019-06-30,shot,gun,41,M,W,Georgetown,KY,False,attack,Not fleeing,False
4216,2019-06-30,shot,vehicle,32,M,B,Riverside,NY,False,attack,Not fleeing,False
4217,2019-07-01,shot and Tasered,gun,26,M,O,Fort Worth,TX,True,attack,Not fleeing,False
4218,2019-07-01,shot,gun,34,M,W,Madison,LA,False,other,Car,False
4219,2019-07-01,shot,gun,25,M,O,San Diego,CA,True,attack,Not fleeing,False
4220,2019-07-02,shot,gun,62,M,H,San Antonio,TX,True,other,Foot,False
4221,2019-07-02,shot,knife,52,M,B,San Diego,CA,False,other,Not fleeing,False
4222,2019-07-03,shot,unarmed,51,M,B,Springfield,WA,False,other,Not fleeing,False
4223,2019-07-03,Tasered,other,31,M,H,Los Angeles,CA,False,other,Not fleeing,False
4224,2019-07-03,shot,vehicle,47,M,W,Georgetown,OH,False,other,Not fleeing,False
4225,2019-07-04,shot,gun,43,M,B,Springfield,IN,False,other,Not fleeing,False
4226,2019-07-04,shot,gun,32,M,H,Georgetown,NV,False,other,Not fleeing,False
4227,2019-07-05,shot,gun,39,M,B,Los Angeles,CA,False,other,Not fleeing,False
4228,2019-07-05,shot,gun,24,M,H,Miami,FL,True,undetermined,Other,False
4229,2019-07-05,shot,gun,29,M,W,Springfield,OK,False,other,Foot,False
4230,2019-07-06,shot,undetermined,39,M,H,Lincoln,OR,False,attack,Not fleeing,False
4231,2019-07-06,shot,knife,34,M,B,San Diego,CA,False,attack,Not fleeing,False
4232,2019-07-07,shot,unarmed,45,M,W,Lincoln,AL,True,attack,Not fleeing,False
4233,2019-07-07,shot,gun,32,M,W,Springfield,LA,False,attack,Foot,False
4234,2019-07-07,shot,gun,36,M,B,Springfield,NY,False,attack,Not fleeing,True
4235,2019-07-08,shot,other,40,M,A,Lincoln,WI,False,attack,Not fleeing,False
4236,2019-07-08,shot,knife,31,M,B,Georgetown,IL,True,attack,Not fleeing,False
4237,2019-07-09,shot,gun,36,M,H,Madison,AR,False,attack,Car,False
4238,2019-07-09,shot,gun,43,M,W,Boulder,CO,False,other,Car,False
4239,2019-07-09,shot,gun,69,M,W,Madison,NY,False,undetermined,Not fleeing,False
4240,2019-07-10,shot,unarmed,31,M,W,Riverside,PA,False,attack,Not fleeing,False
4241,2019-07-10,shot,gun,34,M,W,Mesa,AZ,True,attack,Car,False
4242,2019-07-10,shot,gun,55,M,W,Georgetown,LA,False,attack,Not fleeing,False
4243,2019-07-11,shot,knife,60,M,W,Tampa,FL,False,attack,Not fleeing,False
4244,2019-07-11,shot,vehicle,49,M,H,Dallas,TX,True,attack,Not fleeing,False
4245,2019-07-12,shot,gun,59,M,H,Colorado Springs,CO,False,attack,Not fleeing,False
4246,2019-07-12,shot,gun,31,M,W,Springfield,IL,False,undetermined,Not fleeing,True
4247,2019-07-12,shot,knife,57,M,W,Riverside,KY,True,other,Not fleeing,False
4248,2019-07-13,shot and Tasered,gun,52,M,W,Lincoln,OH,False,attack,Not fleeing,False
4249,2019-07-13,shot,gun,28,M,B,Georgetown,PA,False,attack,Not fleeing,False
4250,2019-07-14,shot,other,36,M,W,Sacramento,CA,False,other,Not fleeing,True
4251,2019-07-14,shot,vehicle,21,M,W,Lincoln,OR,False,other,Foot,False
4252,2019-07-14,shot,gun,42,M,O,Georgetown,LA,True,attack,Not fleeing,False
4253,2019-07-15,shot,knife,57,M,H,Lincoln,VA,False,attack,Not fleeing,True
4254,2019-07-15,shot,gun,34,M,W,Lincoln,SC,False,attack,Not fleeing,False
4255,2019-07-16,shot and Tasered,other,29,M,W,Jacksonville,FL,True,attack,Car,True
4256,2019-07-16,shot,other,29,M,W,Riverside,NY,False,attack,Car,True
4257,2019-07-16,shot,knife,40,M,H,Georgetown,WI,False,other,Car,False
4258,2019-07-17,shot,knife,48,M,B,Oakland,CA,False,other,Not fleeing,False
4259,2019-07-17,shot,knife,69,M,W,Georgetown,OK,False,attack,Not fleeing,False
4260,2019-07-17,shot,knife,21,F,H,Lincoln,WI,False,undetermined,Not fleeing,False
4261,2019-07-18,shot,gun,66,M,W,Tucson,AZ,False,other,Not fleeing,False
4262,2019-07-18,shot,gun,43,M,W,Georgetown,MS,False,undetermined,Not fleeing,False
4263,2019-07-19,shot,gun,56,M,W,Madison,IN,False,undetermined,Foot,False
4264,2019-07-19,shot,gun,51,M,B,Georgetown,IL,False,other,Not fleeing,False
4265,2019-07-19,shot,gun,41,M,W,Miami,FL,False,attack,Not fleeing,False
4266,2019-07-20,shot,gun,40,M,W,Mesa,AZ,False,attack,Not fleeing,False
4267,2019-07-20,shot,vehicle,46,M,W,Oakland,CA,True,attack,Not fleeing,True
4268,2019-07-21,shot,gun,37,M,W,Lincoln,AL,False,attack,Not fleeing,False
4269,2019-07-21,shot,gun,38,M,H,Georgetown,AR,True,attack,Not fleeing,False
4270,2019-07-21,shot,gun,16,M,W,Riverside,PA,False,attack,Foot,False
4271,2019-07-22,shot,gun,49,M,W,Colorado Springs,CO,False,other,Car,True
4272,2019-07-22,shot,vehicle,31,M,B,Oakland,CA,False,other,Other,False
4273,2019-07-23,shot,gun,58,M,H,Lincoln,MD,True,undetermined,Other,False
4274,2019-07-23,shot,gun,56,M,H,Lincoln,NV,False,attack,Car,False
4275,2019-07-23,Tasered,knife,34,M,B,Lincoln,KY,False,attack,Car,False
4276,2019-07-24,shot,gun,49,M,W,Georgetown,NV,False,attack,Not fleeing,False
4277,2019-07-24,shot,gun,47,M,H,Georgetown,AL,True,attack,Not fleeing,False
4278,2019-07-24,shot,gun,33,M,H,Springfield,IL,False,attack,Foot,False
4279,2019-07-25,shot,knife,51,M,W,Riverside,PA,True,undetermined,Not fleeing,False
4280,2019-07-25,Tasered,knife,68,F,N,Madison,NC,True,attack,Car,False
4281,2019-07-26,shot,knife,59,M,W,Madison,OR,False,attack,Car,False
4282,2019-07-26,shot,gun,26,M,O,Riverside,TN,False,attack,Not fleeing,False
4283,2019-07-26,shot,gun,48,M,A,Springfield,GA,False,undetermined,Car,False
4284,2019-07-27,shot,gun,55,M,B,San Francisco,CA,True,other,Not fleeing,False
4285,2019-07-27,shot,gun,33,M,O,Phoenix,AZ,False,other,Car,True
4286,2019-07-28,shot,gun,58,M,H,Springfield,NY,True,attack,Foot,False
4287,2019-07-28,shot,gun,31,M,W,Jacksonville,FL,False,other,Not fleeing,False
4288,2019-07-28,shot,knife,37,M,W,Orlando,FL,False,other,Not fleeing,False
4289,2019-07-29,shot,other,32,M,W,Madison,NY,False,attack,Car,False
4290,2019-07-29,shot,gun,30,M,W,Fort Worth,TX,False,other,Not fleeing,False
4291,2019-07-30,shot,undetermined,46,M,H,Georgetown,SC,False,other,Not fleeing,False
4292,2019-07-30,shot,knife,26,M,W,Riverside,OH,False,attack,Not fleeing,False
4293,2019-07-30,shot,unarmed,37,M,W,Georgetown,LA,False,attack,Car,False
4294,2019-07-31,shot,gun,46,M,B,Houston,TX,False,attack,Foot,False
4295,2019-07-31,shot,undetermined,32,M,A,Tempe,AZ,True,other,Car,True
4296,2019-07-31,shot,other,62,M,W,Springfield,GA,False,other,Other,False
4297,2019-08-01,shot,undetermined,38,M,W,Springfield,SC,False,other,Not fleeing,True
4298,2019-08-01,shot,vehicle,72,M,W,Madison,MD,False,attack,Foot,False
4299,2019-08-02,shot,gun,25,M,H,Fort Lauderdale,FL,False,attack,Car,False
4300,2019-08-02,Tasered,gun,47,M,W,Madison,PA,True,attack,Car,False
4301,2019-08-02,shot,undetermined,43,M,B,Fort Lauderdale,FL,False,other,Car,False
4302,2019-08-03,shot,gun,36,M,W,Springfield,MN,False,undetermined,Not fleeing,False
4303,2019-08-03,shot,gun,41,M,W,Georgetown,WI,False,attack,Not fleeing,False
4304,2019-08-04,shot,gun,49,M,O,Madison,LA,False,attack,Foot,False
4305,2019-08-04,shot,knife,52,M,W,Lincoln,OK,False,other,Not fleeing,False
4306,2019-08-04,shot,gun,39,M,W,Madison,SC,False,attack,Not fleeing,False
4307,2019-08-05,shot,other,47,M,W,Lincoln,NV,False,other,Not fleeing,True
4308,2019-08-05,shot,undetermined,31,M,B,Riverside,OK,True,attack,Car,False
4309,2019-08-06,shot,gun,53,M,B,Madison,WI,False,other,Foot,False
4310,2019-08-06,shot,knife,66,M,W,Georgetown,MO,False,attack,Not fleeing,False
4311,2019-08-06,Tasered,gun,54,M,W,Lincoln,PA,True,attack,Not fleeing,False
4312,2019-08-07,shot and Tasered,gun,32,M,W,Georgetown,AR,False,undetermined,Not fleeing,False
4313,2019-08-07,shot,unarmed,30,M,B,Lincoln,TN,True,attack,Foot,False
4314,2019-08-07,shot,gun,85,M,H,Madison,IL,False,attack,Not fleeing,False
4315,2019-08-08,shot,gun,65,M,B,Tampa,FL,False,undetermined,Not fleeing,False
4316,2019-08-08,shot,gun,52,M,B,Boulder,CO,False,attack,Not fleeing,False
4317,2019-08-09,shot and Tasered,knife,68,M,W,San Antonio,TX,False,other,Foot,True
4318,2019-08-09,shot,gun,40,M,W,Georgetown,WA,False,other,Not fleeing,False
4319,2019-08-09,shot and Tasered,gun,52,M,W,Springfield,OH,False,undetermined,Foot,False
4320,2019-08-10,shot,undetermined,61,M,W,Lincoln,MI,False,other,Not fleeing,True
4321,2019-08-10,shot,gun,37,M,W,Georgetown,MO,False,other,Not fleeing,False
4322,2019-08-11,shot,gun,48,M,B,Lincoln,VA,False,other,Not fleeing,False
4323,2019-08-11,shot,vehicle,59,M,B,Phoenix,AZ,True,attack,Not fleeing,False
4324,2019-08-11,shot,unarmed,29,M,O,Lincoln,AL,False,other,Not fleeing,False
4325,2019-08-12,shot,unarmed,36,M,W,Georgetown,PA,False,other,Foot,False
4326,2019-08-12,shot,undetermined,58,M,B,Madison,OK,True,attack,Not fleeing,False
4327,2019-08-13,shot,gun,44,M,H,Scottsdale,AZ,False,attack,Other,False
4328,2019-08-13,Tasered,other,42,M,B,Lincoln,NY,False,other,Not fleeing,True
4329,2019-08-13,shot,gun,40,M,W,Springfield,PA,True,undetermined,Foot,False
4330,2019-08-14,shot,gun,61,M,W,Riverside,MO,False,other,Car,False
4331,2019-08-14,shot,gun,30,M,W,Madison,KY,False,other,Not fleeing,False
4332,2019-08-15,shot,other,35,M,W,Georgetown,OR,True,attack,Foot,True
4333,2019-08-15,shot and Tasered,gun,26,M,H,Springfield,MN,False,attack,Not fleeing,False
4334,2019-08-15,shot,gun,37,M,W,Georgetown,TN,False,other,Not fleeing,False
4335,2019-08-16,shot,gun,43,M,W,Georgetown,MN,False,attack,Car,False
4336,2019-08-16,shot,gun,23,M,H,Lincoln,AR,False,other,Car,True
4337,2019-08-16,shot,knife,31,M,H,Miami,FL,True,attack,Car,False
4338,2019-08-17,Tasered,gun,44,F,B,Springfield,NC,True,attack,Not fleeing,True
4339,2019-08-17,shot,knife,47,M,H,Tampa,FL,False,attack,Not fleeing,False
4340,2019-08-18,shot and Tasered,vehicle,74,M,W,San Francisco,CA,False,attack,Not fleeing,False
4341,2019-08-18,shot,knife,50,M,W,Fort Worth,TX,False,other,Car,False
4342,2019-08-18,shot,unarmed,38,M,W,San Diego,CA,False,attack,Not fleeing,False
4343,2019-08-19,shot,gun,43,M,B,Madison,NV,True,attack,Car,False
4344,2019-08-19,shot,gun,43,M,O,Georgetown,NC,False,attack,Not fleeing,False
4345,2019-08-20,shot,knife,35,M,W,Scottsdale,AZ,True,other,Not fleeing,False
4346,2019-08-20,shot,unarmed,44,M,B,Lincoln,MD,False,attack,Not fleeing,False
4347,2019-08-20,shot,gun,34,M,W,Georgetown,AR,False,other,Not fleeing,False
4348,2019-08-21,shot,unarmed,45,M,B,Springfield,MN,True,attack,Foot,False
4349,2019-08-21,shot,gun,40,M,W,Riverside,PA,True,attack,Not fleeing,False
4350,2019-08-22,shot,gun,38,M,W,Lincoln,OH,False,other,Not fleeing,False
4351,2019-08-22,shot,gun,38,M,H,Tucson,AZ,False,attack,Foot,False
4352,2019-08-22,shot,gun,53,M,B,Tampa,FL,False,attack,Not fleeing,False
4353,2019-08-23,shot,gun,51,M,B,San Antonio,TX,False,other,Not fleeing,False
4354,2019-08-23,shot,gun,37,M,W,Georgetown,GA,False,undetermined,Not fleeing,True
4355,2019-08-23,shot,gun,52,M,W,Georgetown,MI,False,attack,Other,False
4356,2019-08-24,shot,undetermined,40,M,W,Oakland,CA,False,attack,Not fleeing,False
4357,2019-08-24,shot,gun,40,F,H,Austin,TX,False,other,Not fleeing,False
4358,2019-08-25,shot,gun,35,M,O,Dallas,TX,False,other,Not fleeing,False
4359,2019-08-25,shot,other,71,M,W,Madison,NV,False,other,Not fleeing,False
4360,2019-08-25,shot,gun,68,M,W,Colorado Springs,CO,True,other,Not fleeing,False
4361,2019-08-26,shot and Tasered,knife,33,M,H,Lincoln,OH,False,other,Not fleeing,False
4362,2019-08-26,shot,unarmed,36,M,W,Dallas,TX,False,undetermined,Car,True
4363,2019-08-27,shot,gun,46,M,B,Riverside,GA,False,undetermined,Not fleeing,False
4364,2019-08-27,shot,gun,49,M,W,Oakland,CA,False,attack,Foot,False
4365,2019-08-27,shot,gun,29,M,H,Riverside,NY,False,attack,Not fleeing,False
4366,2019-08-28,shot,vehicle,31,M,B,San Francisco,CA,False,attack,Not fleeing,False
4367,2019-08-28,shot,undetermined,18,M,H,Riverside,VA,True,attack,Not fleeing,False
4368,2019-08-29,shot,gun,49,M,H,Springfield,LA,False,undetermined,Not fleeing,True
4369,2019-08-29,shot,gun,26,M,W,Madison,NV,True,attack,Not fleeing,False
4370,2019-08-29,shot,gun,33,M,H,Madison,NC,True,other,Not fleeing,False
4371,2019-08-30,shot,knife,55,M,H,Riverside,GA,False,undetermined,Not fleeing,False
4372,2019-08-30,shot,gun,54,M,W,Oakland,CA,True,attack,Foot,False
4373,2019-08-30,shot,undetermined,69,M,W,Georgetown,WA,True,undetermined,Foot,False
4374,2019-08-31,shot,other,79,M,W,Georgetown,WA,False,other,Not fleeing,False
4375,2019-08-31,shot,knife,85,M,B,Madison,OH,False,attack,Not fleeing,True
4376,2019-09-01,shot,other,36,M,W,Lincoln,IL,False,attack,Not fleeing,False
4377,2019-09-01,shot,gun,33,M,B,Riverside,AR,False,attack,Not fleeing,False
4378,2019-09-01,shot,unarmed,47,M,W,Madison,IL,False,attack,Not fleeing,False
4379,2019-09-02,shot,knife,26,M,H,Fort Worth,TX,False,other,Not fleeing,False
4380,2019-09-02,shot,gun,38,M,W,Madison,PA,False,undetermined,Not fleeing,False
4381,2019-09-03,shot,gun,43,M,W,San Diego,CA,True,attack,Not fleeing,False
4382,2019-09-03,shot,gun,48,M,B,Madison,OK,False,attack,Not fleeing,False
4383,2019-09-03,shot and Tasered,vehicle,50,M,B,Georgetown,GA,False,attack,Foot,False
4384,2019-09-04,shot,undetermined,37,M,W,Austin,TX,False,undetermined,Not fleeing,False
4385,2019-09-04,Tasered,knife,27,M,W,Springfield,MS,False,other,Not fleeing,False
4386,2019-09-05,shot,knife,29,M,W,Riverside,PA,False,attack,Not fleeing,False
4387,2019-09-05,shot,gun,22,M,H,Colorado Springs,CO,True,other,Not fleeing,False
4388,2019-09-05,shot,vehicle,34,M,H,San Diego,CA,False,undetermined,Not fleeing,False
4389,2019-09-06,shot,knife,26,M,B,Lincoln,NY,False,attack,Foot,False
4390,2019-09-06,shot,gun,35,M,H,Georgetown,KY,False,attack,Not fleeing,False
4391,2019-09-06,shot,other,47,M,H,Springfield,MO,False,attack,Foot,False
4392,2019-09-07,shot,gun,28,M,W,Springfield,MN,False,attack,Not fleeing,False
4393,2019-09-07,shot,vehicle,42,M,O,San Antonio,TX,False,attack,Not fleeing,True
4394,2019-09-08,shot,gun,37,M,H,Madison,LA,False,attack,Other,False
4395,2019-09-08,shot and Tasered,other,46,M,W,Georgetown,SC,False,undetermined,Not fleeing,False
4396,2019-09-08,shot,gun,50,M,W,Georgetown,NY,False,attack,Foot,False
4397,2019-09-09,shot,gun,36,M,W,Oakland,CA,False,attack,Car,False
4398,2019-09-09,shot,gun,41,M,W,Madison,LA,True,attack,Not fleeing,False
4399,2019-09-10,shot,gun,37,M,H,Lincoln,MO,False,attack,Foot,True
4400,2019-09-10,shot,gun,35,M,B,Madison,NV,True,other,Not fleeing,False
4401,2019-09-10,shot,gun,32,F,H,Madison,MD,False,attack,Not fleeing,False
4402,2019-09-11,shot,unarmed,48,M,H,Springfield,MD,True,undetermined,Not fleeing,False
4403,2019-09-11,shot,gun,64,M,B,Georgetown,TN,False,attack,Not fleeing,True
4404,2019-09-12,shot,gun,61,M,B,Dallas,TX,False,attack,Car,False
4405,2019-09-12,shot,undetermined,27,M,W,Georgetown,GA,True,other,Car,False
4406,2019-09-12,shot,vehicle,64,M,W,Lincoln,VA,False,undetermined,Not fleeing,False
4407,2019-09-13,shot,gun,30,M,B,Lincoln,WI,True,undetermined,Not fleeing,False
4408,2019-09-13,shot,gun,43,M,W,Oakland,CA,False,other,Not fleeing,True
4409,2019-09-13,shot,gun,46,M,W,Georgetown,NY,False,undetermined,Car,False
4410,2019-09-14,shot,gun,25,M,H,Mesa,AZ,False,other,Foot,False
4411,2019-09-14,shot,gun,38,M,B,Orlando,FL,True,attack,Foot,False
4412,2019-09-15,shot,knife,66,M,W,Madison,WA,False,other,Not fleeing,False
4413,2019-09-15,shot,gun,21,M,B,Springfield,MO,False,attack,Not fleeing,False
4414,2019-09-15,shot,gun,85,M,H,Los Angeles,CA,False,attack,Car,False
4415,2019-09-16,shot and Tasered,gun,22,M,W,Lincoln,VA,False,attack,Car,False
4416,2019-09-16,shot,knife,45,M,W,Lincoln,AL,False,other,Car,False
4417,2019-09-17,shot,undetermined,25,M,O,Riverside,WI,False,other,Foot,False
4418,2019-09-17,shot,other,48,M,W,Austin,TX,False,other,Not fleeing,True
4419,2019-09-17,shot,knife,60,M,W,Springfield,MO,False,attack,Not fleeing,False
4420,2019-09-18,shot,gun,54,M,B,Riverside,NC,False,attack,Foot,False
4421,2019-09-18,shot,knife,26,M,H,Phoenix,AZ,False,attack,Car,False
4422,2019-09-19,shot,knife,57,M,W,Georgetown,LA,False,attack,Car,False
4423,2019-09-19,shot,gun,37,M,W,Georgetown,VA,False,other,Not fleeing,False
4424,2019-09-19,shot,vehicle,26,M,W,San Francisco,CA,True,attack,Car,False
4425,2019-09-20,shot,gun,65,M,O,Madison,WI,True,attack,Car,False
4426,2019-09-20,shot,other,84,M,W,Lincoln,SC,False,attack,Car,False
4427,2019-09-21,shot,gun,42,M,B,Riverside,IL,False,other,Car,False
4428,2019-09-21,shot,gun,36,M,O,Lincoln,MD,True,attack,Not fleeing,False
4429,2019-09-21,shot,gun,31,M,W,Springfield,GA,False,attack,Other,False
4430,2019-09-22,shot,vehicle,53,M,O,Madison,IL,False,attack,Not fleeing,False
4431,2019-09-22,shot,gun,59,M,O,Lincoln,GA,False,undetermined,Not fleeing,False
4432,2019-09-22,shot,gun,36,M,A,Georgetown,OR,False,undetermined,Not fleeing,False
4433,2019-09-23,shot,knife,71,M,W,Fort Worth,TX,False,other,Other,False
4434,2019-09-23,shot,knife,51,M,B,Phoenix,AZ,False,other,Not fleeing,False
4435,2019-09-24,shot,gun,42,M,H,Riverside,NY,True,attack,Not fleeing,False
4436,2019-09-24,shot,gun,46,F,O,Scottsdale,AZ,False,attack,Not fleeing,False
4437,2019-09-24,shot,vehicle,29,M,W,Springfield,NC,False,other,Not fleeing,False
4438,2019-09-25,shot,knife,53,M,H,Georgetown,OH,False,other,Not fleeing,False
4439,2019-09-25,shot,undetermined,30,M,W,Georgetown,MS,False,attack,Other,False
4440,2019-09-26,shot,vehicle,34,M,W,Georgetown,WA,False,attack,Not fleeing,False
4441,2019-09-26,shot,gun,40,M,W,Aurora,CO,True,attack,Not fleeing,False
4442,2019-09-26,shot,knife,78,M,H,Tampa,FL,False,other,Car,False
4443,2019-09-27,shot,gun,44,M,B,Georgetown,GA,False,other,Car,False
4444,2019-09-27,shot,gun,31,M,B,Riverside,WA,False,other,Other,False
4445,2019-09-28,shot,gun,46,M,O,Madison,IL,False,other,Car,False
4446,2019-09-28,shot,unarmed,50,M,W,Austin,TX,True,attack,Not fleeing,False
4447,2019-09-28,shot and Tasered,gun,62,M,B,Tampa,FL,False,other,Other,False
4448,2019-09-29,shot,knife,40,M,W,Lincoln,GA,True,attack,Car,False
4449,2019-09-29,shot and Tasered,gun,32,M,W,Aurora,CO,False,other,Not fleeing,True
4450,2019-09-29,shot,other,85,M,H,Georgetown,GA,False,attack,Not fleeing,False
4451,2019-09-30,shot,gun,46,M,O,Lincoln,SC,False,attack,Other,True
4452,2019-09-30,shot,knife,31,M,B,Tucson,AZ,False,other,Not fleeing,False
4453,2019-10-01,shot,knife,40,M,H,Madison,WA,True,attack,Not fleeing,False
4454,2019-10-01,shot,gun,34,M,W,Madison,PA,False,undetermined,Not fleeing,False
4455,2019-10-01,shot,undetermined,64,F,W,Fort Lauderdale,FL,False,other,Car,False
4456,2019-10-02,shot,knife,50,M,B,Lincoln,NV,True,attack,Not fleeing,False
4457,2019-10-02,shot,gun,37,M,W,Georgetown,NY,False,attack,Not fleeing,False
4458,2019-10-03,shot,gun,59,M,W,Lincoln,NC,True,other,Not fleeing,False
4459,2019-10-03,shot,undetermined,39,M,B,Madison,SC,True,attack,Not fleeing,False
4460,2019-10-03,shot,gun,40,F,W,Tampa,FL,False,attack,Not fleeing,True
4461,2019-10-04,shot,gun,32,M,W,Madison,NM,False,other,Not fleeing,True
4462,2019-10-04,shot,unarmed,32,M,B,Madison,LA,True,attack,Not fleeing,False
4463,2019-10-05,shot,gun,85,M,B,Springfield,MO,False,attack,Not fleeing,False
4464,2019-10-05,shot,knife,57,M,O,Madison,NM,False,attack,Not fleeing,False
4465,2019-10-05,shot,gun,23,M,B,Madison,AL,False,attack,Car,False
4466,2019-10-06,shot,gun,30,M,W,Lincoln,MO,True,attack,Foot,True
4467,2019-10-06,shot,knife,28,M,O,Madison,MD,False,attack,Not fleeing,False
4468,2019-10-06,shot,unarmed,42,M,H,Madison,NC,True,attack,Foot,False
4469,2019-10-07,shot,gun,35,M,W,Lincoln,NY,False,attack,Not fleeing,False
4470,2019-10-07,shot,gun,69,M,W,San Diego,CA,False,undetermined,Foot,False
4471,2019-10-08,shot,gun,36,M,B,San Diego,CA,False,other,Foot,False
4472,2019-10-08,shot and Tasered,other,81,M,B,Georgetown,AL,False,attack,Other,False
4473,2019-10-08,shot,gun,40,M,H,Los Angeles,CA,False,attack,Not fleeing,False
4474,2019-10-09,shot,gun,85,M,H,Austin,TX,False,undetermined,Not fleeing,True
4475,2019-10-09,Tasered,other,38,M,B,Georgetown,SC,True,attack,Not fleeing,False
4476,2019-10-10,shot and Tasered,undetermined,38,M,O,San Francisco,CA,True,undetermined,Not fleeing,False
4477,2019-10-10,shot,knife,57,M,B,Orlando,FL,False,other,Car,False
4478,2019-10-10,shot,gun,54,M,W,Springfield,LA,True,attack,Car,False
4479,2019-10-11,shot,gun,27,F,H,Riverside,MO,False,other,Not fleeing,True
4480,2019-10-11,shot,gun,42,M,W,Springfield,VA,True,other,Car,False
4481,2019-10-12,shot,knife,35,F,H,Riverside,WA,True,other,Not fleeing,False
4482,2019-10-12,shot,gun,34,F,O,Riverside,WA,True,attack,Car,False
4483,2019-10-12,shot,gun,42,M,H,Georgetown,NV,False,attack,Other,False
4484,2019-10-13,shot,gun,37,M,B,Riverside,WA,False,attack,Car,False
4485,2019-10-13,shot,unarmed,44,M,B,Springfield,MO,False,attack,Car,False
4486,2019-10-13,shot,vehicle,29,M,W,Madison,OR,False,attack,Not fleeing,False
4487,2019-10-14,shot,knife,25,M,W,Madison,GA,True,attack,Not fleeing,False
4488,2019-10-14,shot,gun,58,M,B,Madison,GA,False,undetermined,Not fleeing,False
4489,2019-10-15,shot,undetermined,61,M,H,Los Angeles,CA,True,attack,Foot,False
4490,2019-10-15,shot,gun,56,M,B,Springfield,MO,True,other,Not fleeing,False
4491,2019-10-15,shot,gun,41,M,W,San Diego,CA,False,undetermined,Foot,False
4492,2019-10-16,shot,other,36,M,B,Riverside,WA,False,attack,Not fleeing,False
4493,2019-10-16,shot,gun,33,M,H,Madison,SC,True,attack,Car,True
4494,2019-10-17,shot,gun,31,M,B,Lincoln,NY,False,other,Car,True
4495,2019-10-17,shot,vehicle,40,M,B,Miami,FL,False,other,Not fleeing,False
4496,2019-10-17,shot,gun,61,M,H,Lincoln,VA,False,attack,Car,True
4497,2019-10-18,shot,gun,32,M,B,Jacksonville,FL,False,attack,Car,False
4498,2019-10-18,shot,other,61,M,W,Springfield,IL,False,attack,Not fleeing,False
4499,2019-10-19,shot,gun,25,M,A,Madison,MO,False,other,Foot,False
4500,2019-10-19,shot,gun,44,M,W,Fort Worth,TX,False,attack,Not fleeing,False
4501,2019-10-19,shot,vehicle,48,M,O,Lincoln,OR,False,other,Not fleeing,False
4502,2019-10-20,shot,gun,34,M,W,San Antonio,TX,False,attack,Not fleeing,False
4503,2019-10-20,shot,gun,29,M,W,Georgetown,MN,False,other,Not fleeing,True
4504,2019-10-21,shot,gun,55,M,A,Sacramento,CA,True,other,Not fleeing,True
4505,2019-10-21,shot,gun,41,M,W,Tampa,FL,True,other,Not fleeing,False
4506,2019-10-21,shot and Tasered,undetermined,85,M,H,Austin,TX,True,attack,Not fleeing,False
4507,2019-10-22,shot,unarmed,61,M,H,San Diego,CA,False,undetermined,Not fleeing,False
4508,2019-10-22,shot,gun,61,M,H,Riverside,NV,False,other,Not fleeing,True
4509,2019-10-22,shot,gun,20,M,O,Riverside,OK,False,undetermined,Foot,True
4510,2019-10-23,shot,gun,32,M,W,Springfield,SC,True,other,Not fleeing,False
4511,2019-10-23,shot,gun,28,M,H,Fort Lauderdale,FL,False,attack,Not fleeing,False
4512,2019-10-24,shot,knife,22,M,W,Lincoln,NC,False,other,Other,False
4513,2019-10-24,shot,gun,40,M,W,Lincoln,TN,False,attack,Not fleeing,False
4514,2019-10-24,shot,undetermined,54,M,H,Madison,NC,False,attack,Not fleeing,False
4515,2019-10-25,shot,gun,29,M,W,Georgetown,OK,False,attack,Foot,False
4516,2019-10-25,shot,undetermined,22,M,B,Lincoln,PA,False,other,Foot,True
4517,2019-10-26,shot,gun,30,M,B,Oakland,CA,True,undetermined,Not fleeing,False
4518,2019-10-26,shot,vehicle,39,M,B,Georgetown,VA,False,other,Foot,False
4519,2019-10-26,shot and Tasered,unarmed,38,M,O,Riverside,NV,True,undetermined,Not fleeing,False
4520,2019-10-27,shot,gun,41,M,W,Lincoln,TN,True,undetermined,Not fleeing,True
4521,2019-10-27,shot,knife,47,M,B,Austin,TX,False,other,Not fleeing,False
4522,2019-10-28,shot,knife,41,M,A,Miami,FL,True,attack,Foot,False
4523,2019-10-28,shot,gun,56,M,B,Georgetown,GA,False,other,Not fleeing,False
4524,2019-10-28,shot,gun,30,M,W,Tampa,FL,False,attack,Not fleeing,False
4525,2019-10-29,shot,gun,37,M,B,Orlando,FL,False,attack,Not fleeing,False
4526,2019-10-29,shot,gun,50,M,W,Springfield,SC,False,other,Foot,False
4527,2019-10-29,shot,gun,45,M,W,Riverside,PA,False,attack,Not fleeing,False
4528,2019-10-30,shot,gun,77,M,H,Madison,LA,False,attack,Not fleeing,False
4529,2019-10-30,shot,other,30,M,B,Miami,FL,False,other,Foot,False
4530,2019-10-31,shot,knife,50,M,O,Riverside,KY,False,attack,Foot,False
4531,2019-10-31,shot,gun,33,M,H,San Antonio,TX,True,attack,Not fleeing,False
4532,2019-10-31,shot,gun,32,M,H,Springfield,SC,False,attack,Not fleeing,False
4533,2019-11-01,shot,knife,60,M,W,Madison,WI,False,other,Not fleeing,False
4534,2019-11-01,shot,gun,40,M,W,Springfield,NV,False,attack,Foot,False
4535,2019-11-02,shot,knife,45,M,W,Lincoln,MI,False,other,Car,False
4536,2019-11-02,shot,gun,34,M,N,Lincoln,TN,False,undetermined,Not fleeing,False
4537,2019-11-02,shot and Tasered,knife,34,M,W,Dallas,TX,False,other,Foot,False
4538,2019-11-03,shot,gun,25,M,W,Fort Worth,TX,False,undetermined,Foot,False
4539,2019-11-03,shot,knife,44,M,B,Tempe,AZ,False,undetermined,Not fleeing,False
4540,2019-11-04,shot,gun,29,M,W,San Diego,CA,False,attack,Foot,True
4541,2019-11-04,shot,gun,39,M,W,Springfield,OK,False,other,Not fleeing,False
4542,2019-11-04,shot,gun,55,M,B,Jacksonville,FL,True,attack,Not fleeing,False
4543,2019-11-05,shot,gun,23,M,W,Georgetown,AL,True,attack,Not fleeing,False
4544,2019-11-05,shot,gun,85,M,W,Fort Collins,CO,True,other,Foot,True
4545,2019-11-05,shot,gun,32,M,W,Madison,OH,False,attack,Other,False
4546,2019-11-06,shot,gun,39,M,H,Madison,WI,False,attack,Foot,False
4547,2019-11-06,shot,knife,45,M,B,Miami,FL,False,other,Not fleeing,False
4548,2019-11-07,shot,knife,31,M,W,Georgetown,NV,False,attack,Not fleeing,False
4549,2019-11-07,shot,other,35,M,B,Madison,MD,False,attack,Foot,False
4550,2019-11-07,shot,gun,60,M,W,Tampa,FL,False,undetermined,Car,False
4551,2019-11-08,shot,gun,53,M,O,Lincoln,WA,True,attack,Not fleeing,False
4552,2019-11-08,shot,knife,37,M,W,Colorado Springs,CO,True,other,Not fleeing,False
4553,2019-11-09,shot,gun,41,M,B,Georgetown,MD,False,attack,Other,False
4554,2019-11-09,shot,knife,43,M,A,Springfield,PA,False,undetermined,Not fleeing,False
4555,2019-11-09,shot,other,50,M,H,Springfield,OH,False,attack,Not fleeing,False
4556,2019-11-10,shot,gun,51,M,W,Lincoln,VA,False,attack,Car,True
4557,2019-11-10,shot,gun,50,M,W,Miami,FL,False,attack,Foot,False
4558,2019-11-11,shot,vehicle,35,M,H,Madison,MD,True,other,Not fleeing,False
4559,2019-11-11,shot,vehicle,42,F,W,Georgetown,MS,True,attack,Not fleeing,False
4560,2019-11-11,shot,gun,58,M,H,Springfield,NM,False,other,Foot,False
4561,2019-11-12,shot,gun,85,M,H,Georgetown,VA,True,attack,Not fleeing,False
4562,2019-11-12,shot,other,42,M,H,Springfield,GA,True,undetermined,Foot,False
4563,2019-11-12,shot,gun,34,M,W,Riverside,MN,True,attack,Not fleeing,False
4564,2019-11-13,shot,gun,31,M,H,Riverside,GA,False,attack,Not fleeing,True
4565,2019-11-13,shot,other,51,M,B,Georgetown,PA,False,other,Foot,False
4566,2019-11-14,shot,undetermined,24,M,H,Dallas,TX,False,other,Not fleeing,False
4567,2019-11-14,shot,gun,51,M,W,Riverside,MN,True,other,Not fleeing,False
4568,2019-11-14,shot,gun,51,M,W,Madison,NV,False,attack,Foot,True
4569,2019-11-15,shot,knife,34,M,W,Springfield,MD,True,other,Not fleeing,False
4570,2019-11-15,shot,gun,44,M,W,San Francisco,CA,False,attack,Not fleeing,False
4571,2019-11-16,shot,gun,38,F,B,Georgetown,MD,False,undetermined,Car,False
4572,2019-11-16,shot,other,26,M,N,Madison,VA,False,attack,Foot,False
4573,2019-11-16,shot,gun,49,M,W,Riverside,TN,False,attack,Foot,False
4574,2019-11-17,shot,vehicle,48,M,H,Tempe,AZ,False,undetermined,Not fleeing,False
4575,2019-11-17,shot,knife,35,M,W,Springfield,OH,True,attack,Not fleeing,False
4576,2019-11-18,shot,vehicle,85,M,W,San Francisco,CA,False,undetermined,Car,True
4577,2019-11-18,shot,undetermined,41,M,W,Georgetown,OH,True,other,Not fleeing,True
4578,2019-11-18,shot,gun,23,F,W,Fort Lauderdale,FL,False,other,Car,False
4579,2019-11-19,shot,vehicle,59,M,N,Fort Collins,CO,True,attack,Not fleeing,False
4580,2019-11-19,shot,vehicle,54,M,W,Fort Worth,TX,False,other,Not fleeing,False
4581,2019-11-19,shot,other,56,M,B,Jacksonville,FL,True,attack,Not fleeing,False
4582,2019-11-20,shot,knife,29,M,B,Los Angeles,CA,False,other,Not fleeing,False
4583,2019-11-20,shot,undetermined,44,M,O,Springfield,KY,True,attack,Not fleeing,False
4584,2019-11-21,shot,gun,41,M,W,Madison,NY,True,attack,Foot,False
4585,2019-11-21,shot,gun,38,M,W,Lincoln,GA,True,attack,Not fleeing,False
4586,2019-11-21,shot and Tasered,gun,65,M,W,Georgetown,NY,False,other,Car,False
4587,2019-11-22,shot,gun,41,M,W,Madison,PA,False,other,Not fleeing,False
4588,2019-11-22,shot,gun,36,M,W,Madison,KY,False,other,Not fleeing,False
4589,2019-11-23,shot and Tasered,gun,35,M,A,Houston,TX,False,attack,Car,False
4590,2019-11-23,shot,other,29,M,B,Tempe,AZ,False,attack,Not fleeing,False
4591,2019-11-23,shot,gun,43,M,B,Lincoln,MN,False,attack,Car,False
4592,2019-11-24,shot,gun,67,M,B,Denver,CO,False,attack,Other,False
4593,2019-11-24,shot and Tasered,unarmed,37,M,W,San Diego,CA,False,other,Not fleeing,False
4594,2019-11-25,shot,gun,45,M,W,Dallas,TX,False,attack,Not fleeing,False
4595,2019-11-25,shot,gun,38,M,O,San Diego,CA,True,attack,Not fleeing,False
4596,2019-11-25,shot,gun,40,M,H,Riverside,MN,False,undetermined,Foot,False
4597,2019-11-26,shot,gun,55,M,A,Miami,FL,False,undetermined,Car,False
4598,2019-11-26,shot,other,28,M,H,Lincoln,KY,False,other,Car,False
4599,2019-11-27,shot,unarmed,25,M,W,Georgetown,MI,False,attack,Foot,False
4600,2019-11-27,shot,undetermined,59,M,W,Riverside,MO,False,attack,Foot,True
4601,2019-11-27,shot,unarmed,34,F,W,Oakland,CA,False,attack,Not fleeing,False
4602,2019-11-28,shot and Tasered,gun,36,M,W,Los Angeles,CA,False,other,Not fleeing,False
4603,2019-11-28,shot,vehicle,85,M,W,Springfield,OH,False,attack,Foot,False
4604,2019-11-28,shot and Tasered,knife,54,M,B,Springfield,GA,False,attack,Car,True
4605,2019-11-29,shot,undetermined,30,M,B,Lincoln,MO,False,attack,Not fleeing,False
4606,2019-11-29,shot,gun,61,M,A,Riverside,NC,False,other,Foot,False
4607,2019-11-30,shot,gun,54,M,H,Georgetown,IN,False,attack,Not fleeing,True
4608,2019-11-30,shot,gun,18,M,O,Madison,NY,False,attack,Not fleeing,False
4609,2019-11-30,shot,gun,43,M,W,Springfield,OK,False,other,Not fleeing,False
4610,2019-12-01,shot,knife,29,M,W,Georgetown,OR,False,attack,Foot,False
4611,2019-12-01,shot,gun,40,M,B,Fort Worth,TX,False,attack,Not fleeing,True
4612,2019-12-02,shot,gun,85,M,W,Jacksonville,FL,False,attack,Other,False
4613,2019-12-02,shot,knife,56,M,W,San Francisco,CA,False,other,Not fleeing,False
4614,2019-12-02,shot,gun,58,M,W,Austin,TX,False,undetermined,Car,False
4615,2019-12-03,shot,gun,38,M,W,Lincoln,WA,False,undetermined,Not fleeing,False
4616,2019-12-03,shot,other,59,M,B,Tempe,AZ,True,other,Not fleeing,False
4617,2019-12-04,shot,vehicle,32,M,W,Riverside,NC,False,undetermined,Not fleeing,False
4618,2019-12-04,shot and Tasered,knife,43,M,B,Riverside,MN,False,attack,Foot,False
4619,2019-12-04,shot,unarmed,55,M,B,Dallas,TX,False,other,Not fleeing,True
4620,2019-12-05,shot,gun,54,M,W,Springfield,NY,False,other,Car,False
4621,2019-12-05,shot,gun,25,M,W,San Francisco,CA,False,attack,Foot,False
4622,2019-12-05,shot,gun,79,M,W,Tempe,AZ,False,attack,Not fleeing,False
4623,2019-12-06,shot,gun,30,M,W,Springfield,NY,True,undetermined,Not fleeing,False
4624,2019-12-06,shot,gun,85,M,H,Madison,IN,True,other,Not fleeing,False
4625,2019-12-07,shot,gun,55,M,H,Lincoln,GA,False,attack,Not fleeing,False
4626,2019-12-07,shot and Tasered,gun,53,M,B,San Francisco,CA,False,other,Car,True
4627,2019-12-07,shot,unarmed,31,M,W,Madison,GA,False,other,Not fleeing,False
4628,2019-12-08,shot,gun,34,M,B,Dallas,TX,False,undetermined,Not fleeing,True
4629,2019-12-08,shot,other,76,M,B,Jacksonville,FL,False,other,Not fleeing,False
4630,2019-12-09,shot,gun,72,M,B,Georgetown,PA,False,other,Not fleeing,False
4631,2019-12-09,shot,knife,39,M,B,Oakland,CA,False,undetermined,Not fleeing,False
4632,2019-12-09,shot,unarmed,38,M,B,Lincoln,OH,False,other,Not fleeing,False
4633,2019-12-10,shot,undetermined,38,M,B,Madison,MO,False,undetermined,Not fleeing,False
4634,2019-12-10,shot,gun,61,M,H,Springfield,NC,False,attack,Not fleeing,False
4635,2019-12-11,shot,gun,59,M,W,Los Angeles,CA,True,other,Car,False
4636,2019-12-11,shot,gun,47,M,H,Riverside,MN,False,other,Car,True
4637,2019-12-11,shot,knife,43,M,W,Fort Collins,CO,False,other,Foot,False
4638,2019-12-12,shot,gun,38,M,W,Lincoln,VA,False,attack,Foot,False
4639,2019-12-12,shot,knife,85,M,O,Phoenix,AZ,False,undetermined,Car,False
4640,2019-12-12,shot,gun,26,M,O,Madison,OH,True,attack,Not fleeing,False
4641,2019-12-13,shot,gun,36,M,W,Lincoln,GA,False,attack,Not fleeing,False
4642,2019-12-13,shot,gun,46,M,W,Boulder,CO,False,other,Not fleeing,False
4643,2019-12-14,shot,unarmed,25,M,W,Oakland,CA,False,other,Car,True
4644,2019-12-14,shot,vehicle,34,M,B,Fort Collins,CO,False,attack,Foot,False
4645,2019-12-14,shot,gun,85,M,H,Madison,NM,False,undetermined,Not fleeing,False
4646,2019-12-15,shot,knife,57,M,O,Georgetown,OK,False,attack,Not fleeing,False
4647,2019-12-15,shot,gun,34,M,B,San Antonio,TX,False,attack,Not fleeing,False
4648,2019-12-16,shot,knife,33,M,W,Springfield,MO,True,attack,Not fleeing,False
4649,2019-12-16,shot,gun,26,M,B,Riverside,OR,False,undetermined,Not fleeing,False
4650,2019-12-16,shot,knife,35,M,W,Springfield,OK,True,attack,Not fleeing,False
4651,2019-12-17,shot,gun,50,M,N,Dallas,TX,False,attack,Foot,False
4652,2019-12-17,shot,gun,47,M,A,Georgetown,MS,True,other,Foot,False
4653,2019-12-18,shot,gun,36,M,B,Tucson,AZ,True,attack,Not fleeing,True
4654,2019-12-18,shot,gun,30,M,W,Riverside,NC,False,undetermined,Not fleeing,True
4655,2019-12-18,shot,gun,38,M,W,Lincoln,NY,False,undetermined,Other,False
4656,2019-12-19,shot,other,38,F,W,Riverside,AR,False,attack,Foot,True
4657,2019-12-19,shot,gun,54,M,H,Lincoln,IN,True,other,Foot,False
4658,2019-12-19,shot and Tasered,gun,44,M,B,Riverside,KY,False,attack,Not fleeing,False
4659,2019-12-20,shot,knife,42,M,W,Sacramento,CA,False,attack,Not fleeing,False
4660,2019-12-20,shot,gun,63,M,B,Georgetown,KY,True,attack,Car,False
4661,2019-12-21,shot,gun,72,M,H,Oakland,CA,False,other,Other,True
4662,2019-12-21,shot,gun,46,M,W,Orlando,FL,False,other,Not fleeing,True
4663,2019-12-21,Tasered,knife,47,M,H,Madison,WA,False,other,Foot,False
4664,2019-12-22,shot,vehicle,39,M,A,Georgetown,OH,True,attack,Not fleeing,False
4665,2019-12-22,shot,undetermined,31,M,O,Springfield,MO,True,attack,Not fleeing,True
4666,2019-12-23,shot,gun,56,M,W,Springfield,OH,True,undetermined,Not fleeing,False
4667,2019-12-23,shot,gun,52,M,W,Lincoln,IN,False,attack,Not fleeing,True
4668,2019-12-23,shot,undetermined,40,M,W,Tampa,FL,False,other,Not fleeing,False
4669,2019-12-24,shot,knife,44,M,W,Jacksonville,FL,False,other,Not fleeing,True
4670,2019-12-24,shot,other,61,M,W,Riverside,KY,False,attack,Car,False
4671,2019-12-25,shot,gun,65,M,B,Oakland,CA,True,undetermined,Car,True
4672,2019-12-25,shot,gun,20,M,B,Madison,MO,True,other,Not fleeing,True
4673,2019-12-25,shot,gun,33,M,A,Lincoln,OK,False,other,Foot,False
4674,2019-12-26,shot,gun,40,M,W,Lincoln,WA,False,attack,Not fleeing,False
4675,2019-12-26,shot,gun,29,M,B,Springfield,OK,False,other,Car,True
4676,2019-12-26,shot,gun,45,M,H,Dallas,TX,False,other,Not fleeing,False
4677,2019-12-27,shot,gun,33,M,H,Lincoln,MS,True,other,Foot,False
4678,2019-12-27,shot,unarmed,45,M,A,Houston,TX,False,other,Not fleeing,False
4679,2019-12-28,shot,gun,34,M,H,Madison,GA,False,other,Not fleeing,False
4680,2019-12-28,shot,gun,34,M,O,Sacramento,CA,False,undetermined,Not fleeing,False
4681,2019-12-28,shot,other,45,M,W,Springfield,NY,False,attack,Not fleeing,False
4682,2019-12-29,shot,gun,57,M,B,Riverside,TN,False,other,Not fleeing,False
4683,2019-12-29,shot,gun,51,M,W,Georgetown,IN,False,other,Not fleeing,False
4684,2019-12-30,shot,unarmed,40,M,W,Madison,IL,True,other,Not fleeing,False
4685,2019-12-30,shot,gun,23,M,W,Lincoln,NY,True,attack,Not fleeing,False
4686,2019-12-30,shot,unarmed,34,M,W,Springfield,IN,True,other,Not fleeing,False
4687,2019-12-31,shot,gun,33,M,W,Lincoln,OH,False,undetermined,Not fleeing,False
4688,2019-12-31,shot,gun,53,M,W,Georgetown,LA,False,other,Foot,False
4689,2020-01-01,shot,unarmed,43,M,W,Lincoln,MO,False,other,Not fleeing,False
4690,2020-01-01,shot,knife,44,M,N,Lincoln,GA,False,attack,Not fleeing,False
4691,2020-01-01,shot,knife,31,M,W,Springfield,AR,False,attack,Not fleeing,False
4692,2020-01-02,shot,gun,66,M,H,Fort Worth,TX,False,other,Not fleeing,False
4693,2020-01-02,shot,gun,44,M,W,Madison,LA,False,other,Not fleeing,False
4694,2020-01-03,shot,gun,31,M,N,Springfield,NV,False,attack,Not fleeing,False
4695,2020-01-03,shot,gun,31,M,A,Georgetown,OR,True,attack,Not fleeing,False
4696,2020-01-03,shot,gun,46,M,B,Georgetown,NM,False,attack,Foot,True
4697,2020-01-04,shot,gun,30,M,B,Lincoln,WA,False,other,Not fleeing,False
4698,2020-01-04,shot,gun,33,M,W,Riverside,PA,False,attack,Not fleeing,False
4699,2020-01-04,shot,gun,28,M,O,Riverside,GA,False,attack,Car,False
4700,2020-01-05,shot,gun,53,M,A,Madison,OH,False,attack,Foot,False
4701,2020-01-05,shot,knife,30,M,A,Lincoln,OR,False,other,Foot,True
4702,2020-01-06,shot,gun,71,M,B,Riverside,IN,False,attack,Not fleeing,False
4703,2020-01-06,shot,gun,48,M,W,Springfield,OR,True,other,Foot,False
4704,2020-01-06,shot,gun,28,M,A,San Antonio,TX,True,attack,Not fleeing,False
4705,2020-01-07,shot,unarmed,50,M,W,Lincoln,AR,False,other,Foot,False
4706,2020-01-07,shot,knife,66,M,B,Springfield,IN,False,other,Not fleeing,False
4707,2020-01-08,shot,undetermined,40,M,W,Colorado Springs,CO,False,attack,Not fleeing,True
4708,2020-01-08,shot,knife,70,M,O,Riverside,WA,True,attack,Not fleeing,False
4709,2020-01-08,shot,gun,48,M,W,Riverside,VA,True,other,Not fleeing,False
4710,2020-01-09,shot,gun,33,M,W,Riverside,LA,True,attack,Foot,False
4711,2020-01-09,shot,knife,85,M,B,Georgetown,MI,False,attack,Not fleeing,False
4712,2020-01-10,shot,gun,26,M,H,Madison,OH,False,undetermined,Not fleeing,False
4713,2020-01-10,shot,gun,37,M,B,Madison,NV,False,other,Not fleeing,False
4714,2020-01-10,shot,knife,40,M,W,Riverside,SC,False,attack,Not fleeing,False
4715,2020-01-11,shot,gun,81,M,W,Madison,OH,False,other,Not fleeing,False
4716,2020-01-11,shot,undetermined,53,M,H,Springfield,MS,False,undetermined,Not fleeing,True
4717,2020-01-11,shot,gun,50,M,O,Springfield,NY,False,attack,Other,True
4718,2020-01-12,shot,knife,32,F,H,Madison,GA,False,undetermined,Not fleeing,False
4719,2020-01-12,shot,other,39,M,B,San Francisco,CA,False,other,Foot,False
4720,2020-01-13,shot,vehicle,34,M,N,Lincoln,GA,False,other,Not fleeing,False
4721,2020-01-13,shot,gun,49,M,W,Riverside,IL,False,undetermined,Not fleeing,False
4722,2020-01-13,shot,unarmed,62,M,B,Georgetown,KY,False,attack,Not fleeing,False
4723,2020-01-14,shot,gun,85,M,B,Jacksonville,FL,False,attack,Foot,False
4724,2020-01-14,shot,gun,35,M,W,Boulder,CO,True,attack,Not fleeing,False
4725,2020-01-15,shot,undetermined,26,M,H,San Antonio,TX,False,other,Not fleeing,False
4726,2020-01-15,shot,gun,37,M,B,Georgetown,OK,False,attack,Car,False
4727,2020-01-15,shot,gun,59,M,W,Madison,WI,False,attack,Foot,False
4728,2020-01-16,shot,gun,31,M,W,Georgetown,PA,True,other,Not fleeing,True
4729,2020-01-16,shot,knife,41,M,W,Lincoln,PA,False,attack,Not fleeing,False
4730,2020-01-17,shot,gun,50,M,B,Georgetown,NY,True,attack,Not fleeing,True
4731,2020-01-17,shot and Tasered,knife,35,F,W,San Francisco,CA,False,attack,Not fleeing,False
4732,2020-01-17,shot,gun,44,M,W,Madison,NV,False,other,Car,False
4733,2020-01-18,shot,gun,30,M,B,Springfield,MO,False,undetermined,Car,False
4734,2020-01-18,shot,other,64,M,B,Georgetown,TN,False,other,Not fleeing,False
4735,2020-01-18,shot,gun,38,M,H,Madison,OR,False,attack,Car,True
4736,2020-01-19,shot,gun,44,M,B,Springfield,VA,False,attack,Not fleeing,False
4737,2020-01-19,shot,gun,23,M,A,Madison,VA,True,attack,Not fleeing,False
4738,2020-01-20,shot and Tasered,knife,29,M,O,Madison,KY,True,undetermined,Not fleeing,False
4739,2020-01-20,shot,vehicle,58,M,H,Springfield,MN,False,other,Not fleeing,False
4740,2020-01-20,shot,unarmed,35,M,B,Springfield,LA,False,attack,Not fleeing,False
4741,2020-01-21,shot,gun,30,M,W,Sacramento,CA,False,attack,Foot,False
4742,2020-01-21,shot,gun,25,M,O,Georgetown,OH,True,other,Foot,False
4743,2020-01-22,shot,knife,63,M,W,Georgetown,VA,False,other,Not fleeing,False
4744,2020-01-22,shot,knife,52,M,W,San Diego,CA,False,undetermined,Not fleeing,False
4745,2020-01-22,shot,knife,51,F,W,San Francisco,CA,False,attack,Not fleeing,False
4746,2020-01-23,shot,vehicle,74,M,W,San Francisco,CA,False,other,Not fleeing,True
4747,2020-01-23,shot,gun,37,M,O,Madison,NV,False,attack,Not fleeing,True
4748,2020-01-24,shot,gun,26,M,B,Lincoln,WA,False,attack,Not fleeing,False
4749,2020-01-24,shot,vehicle,42,M,B,Denver,CO,False,attack,Not fleeing,False
4750,2020-01-24,shot,gun,79,M,B,San Diego,CA,False,attack,Not fleeing,False
4751,2020-01-25,shot,gun,42,M,B,Georgetown,NV,False,attack,Not fleeing,False
4752,2020-01-25,shot,gun,62,M,W,Tucson,AZ,False,attack,Other,False
4753,2020-01-25,shot and Tasered,gun,26,M,B,Orlando,FL,False,undetermined,Foot,False
4754,2020-01-26,shot,knife,32,M,H,Riverside,TN,True,attack,Foot,False
4755,2020-01-26,shot,gun,57,M,W,Lincoln,LA,False,attack,Not fleeing,False
4756,2020-01-27,shot,knife,44,M,H,Boulder,CO,True,attack,Not fleeing,False
4757,2020-01-27,shot,gun,40,M,W,Lincoln,PA,False,undetermined,Foot,False
4758,2020-01-27,shot,vehicle,61,M,W,Miami,FL,False,attack,Not fleeing,True
4759,2020-01-28,shot,vehicle,56,M,W,Madison,SC,True,attack,Not fleeing,False
4760,2020-01-28,shot,gun,44,M,W,Tampa,FL,False,undetermined,Not fleeing,False
4761,2020-01-29,shot,gun,20,M,H,Dallas,TX,False,other,Car,False
4762,2020-01-29,shot,gun,41,M,H,Riverside,VA,False,attack,Not fleeing,False
4763,2020-01-29,shot,gun,48,M,W,Springfield,NV,False,attack,Foot,False
4764,2020-01-30,shot,gun,23,M,B,Austin,TX,False,attack,Not fleeing,False
4765,2020-01-30,shot,gun,47,M,H,Oakland,CA,False,other,Not fleeing,False
4766,2020-01-31,shot,knife,62,M,W,Springfield,AR,False,other,Other,False
4767,2020-01-31,shot,other,41,M,W,Madison,VA,False,attack,Not fleeing,True
4768,2020-01-31,shot,gun,29,M,O,Mesa,AZ,True,undetermined,Not fleeing,False
4769,2020-02-01,shot,gun,20,M,B,Lincoln,TN,False,attack,Not fleeing,False
4770,2020-02-01,shot,unarmed,47,M,O,Houston,TX,False,attack,Not fleeing,False
4771,2020-02-02,shot,knife,24,M,W,Georgetown,WA,False,attack,Not fleeing,True
4772,2020-02-02,shot,gun,51,M,H,Los Angeles,CA,False,attack,Not fleeing,True
4773,2020-02-02,shot,other,78,M,W,Springfield,GA,True,attack,Other,False
4774,2020-02-03,shot,gun,32,F,W,Sacramento,CA,True,undetermined,Not fleeing,False
4775,2020-02-03,shot,knife,38,M,B,Georgetown,OH,True,attack,Foot,False
4776,2020-02-03,Tasered,knife,80,M,W,Madison,NC,True,other,Foot,False
4777,2020-02-04,shot,gun,43,M,W,Riverside,NC,False,attack,Foot,False
4778,2020-02-04,shot,gun,35,M,W,Oakland,CA,True,attack,Car,False
4779,2020-02-05,shot,gun,59,M,W,Aurora,CO,True,other,Not fleeing,False
4780,2020-02-05,shot,gun,36,M,H,Lincoln,MD,False,other,Not fleeing,False
4781,2020-02-05,shot,gun,31,M,B,Boulder,CO,True,attack,Not fleeing,False
4782,2020-02-06,shot,gun,51,M,W,Georgetown,NV,False,undetermined,Not fleeing,False
4783,2020-02-06,shot,gun,61,M,W,Aurora,CO,True,other,Not fleeing,True
4784,2020-02-07,shot,gun,31,M,W,Madison,NC,False,attack,Foot,False
4785,2020-02-07,Tasered,gun,44,M,B,Springfield,LA,False,other,Not fleeing,False
4786,2020-02-07,shot,vehicle,39,M,W,Springfield,WI,True,attack,Car,False
4787,2020-02-08,shot,gun,41,M,H,Oakland,CA,False,attack,Not fleeing,False
4788,2020-02-08,shot,unarmed,29,M,W,San Francisco,CA,False,other,Not fleeing,False
4789,2020-02-09,shot,unarmed,52,M,W,Lincoln,MO,False,other,Car,False
4790,2020-02-09,shot,gun,71,M,A,Madison,IN,True,attack,Not fleeing,False
4791,2020-02-09,shot,gun,31,M,H,Springfield,MN,False,undetermined,Foot,False
4792,2020-02-10,shot,knife,52,M,W,Lincoln,OH,False,other,Not fleeing,True
4793,2020-02-10,shot,gun,58,M,H,Georgetown,OH,False,other,Car,False
4794,2020-02-10,shot,unarmed,44,M,B,Madison,TN,False,undetermined,Not fleeing,True
4795,2020-02-11,shot,gun,51,M,H,Madison,LA,True,other,Car,False
4796,2020-02-11,shot,knife,32,M,B,Springfield,PA,False,attack,Not fleeing,False
4797,2020-02-12,shot,vehicle,69,M,B,Riverside,NM,False,other,Foot,False
4798,2020-02-12,shot,gun,61,M,O,Madison,IL,True,undetermined,Foot,False
4799,2020-02-12,shot,knife,64,M,W,Riverside,WA,False,other,Car,False
4800,2020-02-13,shot,gun,28,M,B,Lincoln,OH,False,other,Not fleeing,False
4801,2020-02-13,shot,gun,49,M,B,Madison,PA,True,attack,Foot,False
4802,2020-02-14,shot,gun,33,M,W,Madison,OH,False,other,Car,False
4803,2020-02-14,shot,gun,72,M,W,Riverside,OH,False,other,Not fleeing,True
4804,2020-02-14,shot,unarmed,31,M,W,Los Angeles,CA,False,undetermined,Not fleeing,True
4805,2020-02-15,shot,gun,45,M,B,Fort Worth,TX,False,other,Not fleeing,False
4806,2020-02-15,shot,vehicle,22,M,B,Lincoln,OH,False,undetermined,Not fleeing,False
4807,2020-02-16,shot,gun,45,M,B,Madison,AL,False,attack,Foot,False
4808,2020-02-16,shot and Tasered,gun,28,M,W,Miami,FL,False,other,Car,False
4809,2020-02-16,shot,undetermined,50,M,B,Madison,WA,False,undetermined,Not fleeing,False
4810,2020-02-17,shot,gun,39,M,O,Fort Collins,CO,False,other,Not fleeing,False
4811,2020-02-17,shot,gun,36,F,W,Oakland,CA,False,other,Not fleeing,False
4812,2020-02-17,shot,gun,72,M,B,Madison,WI,False,undetermined,Not fleeing,True
4813,2020-02-18,shot,gun,85,M,H,Riverside,MS,False,attack,Not fleeing,False
4814,2020-02-18,shot,gun,26,M,H,Los Angeles,CA,False,attack,Not fleeing,False
4815,2020-02-19,shot,gun,36,M,B,Georgetown,NV,False,undetermined,Car,False
4816,2020-02-19,shot,gun,55,M,H,Aurora,CO,False,other,Not fleeing,False
4817,2020-02-19,shot and Tasered,gun,47,M,W,Georgetown,MI,False,attack,Other,False
4818,2020-02-20,shot,knife,54,M,A,Tucson,AZ,False,attack,Car,False
4819,2020-02-20,shot,unarmed,40,M,W,Tampa,FL,False,other,Not fleeing,False
4820,2020-02-21,shot,gun,62,M,W,Georgetown,LA,True,other,Car,False
4821,2020-02-21,shot,gun,44,M,W,Madison,AR,False,attack,Not fleeing,False
4822,2020-02-21,shot,gun,48,M,H,San Antonio,TX,False,attack,Other,False
4823,2020-02-22,shot,gun,28,M,W,Georgetown,NV,False,other,Car,False
4824,2020-02-22,shot,unarmed,42,M,W,San Diego,CA,False,undetermined,Not fleeing,False
4825,2020-02-23,shot,knife,55,M,W,Riverside,KY,False,other,Not fleeing,False
4826,2020-02-23,shot,gun,46,M,N,Oakland,CA,True,other,Foot,False
4827,2020-02-23,shot,gun,82,M,H,Georgetown,KY,False,attack,Foot,False
4828,2020-02-24,shot,gun,43,M,B,Riverside,OH,False,other,Not fleeing,False
4829,2020-02-24,shot,unarmed,49,M,B,Riverside,NC,False,attack,Not fleeing,False
4830,2020-02-24,shot,vehicle,44,M,B,Riverside,MN,True,attack,Foot,True
4831,2020-02-25,shot,gun,40,M,W,Madison,MI,True,other,Foot,False
4832,2020-02-25,shot,gun,56,M,N,Madison,TN,True,attack,Foot,False
4833,2020-02-26,shot,gun,39,M,W,Austin,TX,False,attack,Foot,False
4834,2020-02-26,shot,unarmed,27,M,W,Madison,WA,False,undetermined,Not fleeing,True
4835,2020-02-26,shot,gun,71,M,W,Riverside,NY,False,attack,Foot,True
4836,2020-02-27,shot,gun,33,M,B,Lincoln,WA,False,attack,Not fleeing,False
4837,2020-02-27,shot,gun,25,M,B,Riverside,LA,False,other,Foot,True
4838,2020-02-28,shot,gun,51,M,B,Los Angeles,CA,False,attack,Not fleeing,False
4839,2020-02-28,shot,gun,75,M,W,Georgetown,NV,False,other,Car,False
4840,2020-02-28,shot,vehicle,52,M,B,Springfield,NV,True,attack,Not fleeing,False
4841,2020-02-29,shot,gun,67,M,W,San Francisco,CA,False,other,Foot,False
4842,2020-02-29,shot,undetermined,30,M,W,Madison,LA,False,other,Not fleeing,False
4843,2020-03-01,shot,knife,28,M,W,Georgetown,LA,False,other,Foot,False
4844,2020-03-01,shot,gun,36,M,H,Madison,OK,False,attack,Not fleeing,True
4845,2020-03-01,shot,knife,60,M,W,San Diego,CA,False,other,Not fleeing,False
4846,2020-03-02,shot,gun,50,M,B,Georgetown,PA,False,attack,Foot,False
4847,2020-03-02,shot,gun,51,M,H,Fort Lauderdale,FL,False,other,Car,False
4848,2020-03-02,shot,other,43,M,B,Springfield,WA,False,other,Other,True
4849,2020-03-03,shot,gun,37,M,B,Riverside,VA,False,other,Not fleeing,False
4850,2020-03-03,shot,gun,44,M,W,Madison,NV,True,other,Not fleeing,False
4851,2020-03-04,shot,gun,39,M,W,Dallas,TX,False,attack,Other,False
4852,2020-03-04,shot,gun,36,M,B,Riverside,MO,True,other,Foot,True
4853,2020-03-04,shot,gun,47,M,B,Lincoln,WI,False,other,Not fleeing,False
4854,2020-03-05,shot,gun,38,M,H,Houston,TX,True,other,Not fleeing,False
4855,2020-03-05,shot,gun,45,M,A,Madison,MS,False,attack,Car,False
4856,2020-03-06,shot,knife,22,M,W,Georgetown,OK,True,other,Foot,False
4857,2020-03-06,shot,unarmed,44,M,W,Georgetown,VA,True,attack,Not fleeing,False
4858,2020-03-06,shot,gun,38,M,B,Orlando,FL,False,other,Car,False
4859,2020-03-07,shot,gun,68,M,W,Phoenix,AZ,False,attack,Not fleeing,False
4860,2020-03-07,shot,gun,25,M,W,Springfield,OR,False,other,Not fleeing,False
4861,2020-03-08,shot,gun,43,M,A,Aurora,CO,False,other,Not fleeing,False
4862,2020-03-08,Tasered,gun,56,M,W,San Diego,CA,False,other,Not fleeing,False
4863,2020-03-08,shot,unarmed,39,M,O,Riverside,MO,False,other,Not fleeing,False
4864,2020-03-09,shot,gun,37,M,H,Dallas,TX,False,other,Not fleeing,False
4865,2020-03-09,shot,gun,56,M,H,Riverside,SC,True,other,Other,False
4866,2020-03-10,shot,other,49,M,W,Lincoln,PA,False,other,Not fleeing,False
4867,2020-03-10,shot,vehicle,51,M,W,Springfield,NM,False,other,Not fleeing,False
4868,2020-03-10,shot,gun,36,M,B,Riverside,VA,True,attack,Not fleeing,False
4869,2020-03-11,shot,gun,34,M,W,Los Angeles,CA,False,attack,Foot,True
4870,2020-03-11,shot,other,45,M,W,Georgetown,GA,False,undetermined,Car,False
4871,2020-03-11,shot,gun,57,F,W,Georgetown,VA,False,undetermined,Not fleeing,False
4872,2020-03-12,shot,gun,27,M,W,Springfield,NC,True,other,Not fleeing,False
4873,2020-03-12,shot,gun,40,M,W,Georgetown,MN,False,attack,Not fleeing,False
4874,2020-03-13,shot,gun,35,F,H,Georgetown,IL,False,undetermined,Car,False
4875,2020-03-13,shot,gun,42,M,W,Oakland,CA,True,other,Not fleeing,False
4876,2020-03-13,shot,knife,54,M,W,Madison,NM,True,undetermined,Not fleeing,False
4877,2020-03-14,shot,gun,31,M,B,San Diego,CA,False,attack,Not fleeing,False
4878,2020-03-14,shot,knife,51,M,O,Houston,TX,False,attack,Not fleeing,False
4879,2020-03-15,shot and Tasered,gun,36,M,W,Springfield,IL,False,other,Car,True
4880,2020-03-15,shot,gun,61,M,W,Lincoln,MS,False,undetermined,Not fleeing,True
4881,2020-03-15,shot,knife,32,M,B,Madison,NY,False,undetermined,Other,False
4882,2020-03-16,shot and Tasered,other,57,M,N,Phoenix,AZ,False,attack,Not fleeing,False
4883,2020-03-16,shot,unarmed,27,M,H,Aurora,CO,False,attack,Not fleeing,False
4884,2020-03-17,shot,gun,44,M,B,Fort Collins,CO,False,attack,Not fleeing,False
4885,2020-03-17,shot,gun,52,M,W,Phoenix,AZ,False,undetermined,Not fleeing,False
4886,2020-03-17,shot,knife,32,M,B,Miami,FL,True,attack,Foot,True
4887,2020-03-18,Tasered,gun,21,M,W,Springfield,MO,True,undetermined,Not fleeing,True
4888,2020-03-18,shot,knife,35,M,B,Springfield,OR,False,attack,Not fleeing,True
4889,2020-03-18,shot,other,42,M,H,Tucson,AZ,True,attack,Not fleeing,True
4890,2020-03-19,shot,gun,37,M,O,San Antonio,TX,True,other,Not fleeing,False
4891,2020-03-19,shot,vehicle,34,M,W,Madison,AR,False,attack,Not fleeing,False
4892,2020-03-20,shot,gun,56,M,W,Madison,IL,True,attack,Not fleeing,True
4893,2020-03-20,Tasered,unarmed,63,M,B,Lincoln,IN,False,undetermined,Car,False
4894,2020-03-20,shot,vehicle,62,M,H,Dallas,TX,False,attack,Foot,False
4895,2020-03-21,shot,gun,49,M,H,San Antonio,TX,False,other,Foot,False
4896,2020-03-21,shot,unarmed,51,M,W,Madison,NY,False,attack,Car,False
4897,2020-03-22,shot,knife,30,M,W,Springfield,PA,False,attack,Not fleeing,False
4898,2020-03-22,shot,gun,40,M,B,Springfield,OH,False,other,Not fleeing,False
4899,2020-03-22,shot,other,43,M,W,Springfield,MO,True,attack,Car,False
4900,2020-03-23,shot,gun,46,M,A,San Antonio,TX,False,attack,Not fleeing,False
4901,2020-03-23,shot,other,46,M,B,Springfield,OH,False,other,Car,False
4902,2020-03-24,shot,gun,42,M,H,Madison,TN,False,attack,Car,False
4903,2020-03-24,shot,gun,48,M,B,Lincoln,NC,False,attack,Car,False
4904,2020-03-24,shot,gun,45,M,H,Lincoln,OK,True,attack,Not fleeing,False
4905,2020-03-25,shot,gun,45,M,W,Georgetown,NC,True,undetermined,Car,False
4906,2020-03-25,shot,knife,33,M,H,Tucson,AZ,False,other,Not fleeing,False
4907,2020-03-25,shot,gun,28,M,W,Phoenix,AZ,False,other,Not fleeing,False
4908,2020-03-26,shot and Tasered,other,46,M,B,Springfield,GA,False,attack,Car,False
4909,2020-03-26,shot,gun,36,M,W,San Francisco,CA,False,attack,Not fleeing,False
4910,2020-03-27,shot,gun,33,M,B,Riverside,TN,True,attack,Not fleeing,False
4911,2020-03-27,shot,unarmed,52,M,W,Georgetown,AR,False,other,Not fleeing,False
4912,2020-03-27,shot,vehicle,41,M,W,Colorado Springs,CO,False,other,Not fleeing,False
4913,2020-03-28,shot,knife,67,M,O,San Diego,CA,False,attack,Car,False
4914,2020-03-28,shot,gun,50,M,W,Springfield,MN,False,other,Foot,False
4915,2020-03-29,shot,vehicle,32,M,H,Orlando,FL,False,attack,Foot,True
4916,2020-03-29,shot,gun,53,M,O,San Antonio,TX,True,attack,Foot,False
4917,2020-03-29,shot,other,48,F,W,Colorado Springs,CO,False,other,Not fleeing,False
4918,2020-03-30,shot,knife,32,M,H,Madison,IL,False,other,Foot,False
4919,2020-03-30,shot,unarmed,34,M,W,Scottsdale,AZ,False,attack,Not fleeing,False
4920,2020-03-31,shot,vehicle,52,M,W,Madison,LA,False,undetermined,Not fleeing,False
4921,2020-03-31,shot,knife,24,M,W,Georgetown,GA,False,attack,Car,False
4922,2020-03-31,shot,knife,22,M,O,San Diego,CA,False,undetermined,Not fleeing,False
4923,2020-04-01,shot,knife,44,M,W,Tucson,AZ,False,other,Not fleeing,False
4924,2020-04-01,shot,gun,43,M,B,Lincoln,NV,False,attack,Not fleeing,False
4925,2020-04-01,shot and Tasered,gun,45,F,B,Lincoln,MO,False,attack,Not fleeing,False
4926,2020-04-02,shot and Tasered,gun,43,M,A,San Antonio,TX,False,undetermined,Foot,False
4927,2020-04-02,shot,knife,48,M,W,Dallas,TX,True,attack,Car,False
4928,2020-04-03,shot,gun,64,M,B,Lincoln,PA,False,other,Not fleeing,False
4929,2020-04-03,shot,knife,41,M,B,Madison,AL,False,attack,Car,False
4930,2020-04-03,shot,unarmed,26,M,B,Aurora,CO,False,undetermined,Foot,False
4931,2020-04-04,shot,gun,23,M,O,Madison,MO,True,attack,Not fleeing,False
4932,2020-04-04,shot,gun,37,M,H,Austin,TX,False,other,Car,False
4933,2020-04-05,shot,gun,37,M,W,Phoenix,AZ,True,attack,Not fleeing,False
4934,2020-04-05,shot,gun,27,M,B,San Francisco,CA,False,other,Car,True
4935,2020-04-05,shot,gun,21,M,W,Georgetown,MD,False,attack,Foot,False
4936,2020-04-06,shot,gun,36,M,W,Georgetown,GA,False,attack,Not fleeing,False
4937,2020-04-06,shot,knife,75,M,B,Riverside,AL,False,attack,Car,False
4938,2020-04-07,shot,gun,47,M,W,Springfield,NV,False,undetermined,Not fleeing,False
4939,2020-04-07,shot,gun,46,M,W,Riverside,AL,False,attack,Foot,False
4940,2020-04-07,shot and Tasered,other,39,M,O,Tampa,FL,True,undetermined,Foot,False
4941,2020-04-08,shot,other,37,M,W,Dallas,TX,False,attack,Not fleeing,False
4942,2020-04-08,shot,knife,49,M,O,Riverside,MN,False,attack,Not fleeing,False
4943,2020-04-09,shot,gun,28,M,B,Lincoln,NV,False,attack,Other,False
4944,2020-04-09,shot,unarmed,83,M,B,Georgetown,AR,False,other,Foot,False
4945,2020-04-09,shot,gun,29,M,H,Oakland,CA,False,other,Foot,False
4946,2020-04-10,shot,gun,51,M,W,Aurora,CO,False,other,Foot,False
4947,2020-04-10,shot,gun,29,M,W,Madison,IL,False,attack,Not fleeing,False
4948,2020-04-10,shot,gun,43,M,W,Sacramento,CA,True,attack,Other,False
4949,2020-04-11,shot,other,53,M,W,Madison,LA,False,attack,Foot,False
4950,2020-04-11,shot,unarmed,25,M,O,Springfield,NC,False,other,Not fleeing,False
4951,2020-04-12,shot,gun,30,M,H,Sacramento,CA,False,attack,Foot,False
4952,2020-04-12,shot,gun,31,M,W,Jacksonville,FL,False,other,Car,False
4953,2020-04-12,shot,gun,38,M,W,Orlando,FL,False,attack,Not fleeing,True
4954,2020-04-13,shot,unarmed,45,M,W,San Francisco,CA,True,other,Car,False
4955,2020-04-13,shot and Tasered,gun,75,M,W,Springfield,PA,False,attack,Not fleeing,False
4956,2020-04-14,shot,gun,34,M,B,Jacksonville,FL,False,undetermined,Foot,False
4957,2020-04-14,shot,gun,73,M,W,Jacksonville,FL,False,other,Foot,True
4958,2020-04-14,shot and Tasered,gun,47,M,B,Riverside,OR,False,attack,Foot,False
4959,2020-04-15,shot,other,28,F,W,Georgetown,OH,False,other,Not fleeing,False
4960,2020-04-15,shot and Tasered,undetermined,39,F,W,Georgetown,GA,False,other,Car,False
4961,2020-04-16,shot,gun,26,M,B,Riverside,NV,False,other,Not fleeing,False
4962,2020-04-16,shot,gun,37,M,B,Madison,OR,False,attack,Car,True
4963,2020-04-16,shot,gun,36,M,O,Sacramento,CA,False,undetermined,Car,False
4964,2020-04-17,shot,vehicle,43,M,A,Springfield,NC,True,attack,Not fleeing,False
4965,2020-04-17,shot,gun,51,M,W,Georgetown,MO,False,attack,Not fleeing,False
4966,2020-04-17,shot,gun,40,M,W,Mesa,AZ,False,attack,Car,False
4967,2020-04-18,shot,gun,29,M,H,Lincoln,VA,False,attack,Not fleeing,False
4968,2020-04-18,shot and Tasered,gun,67,M,N,Madison,MN,False,attack,Not fleeing,False
4969,2020-04-19,shot,vehicle,77,M,H,Lincoln,IN,False,other,Other,False
4970,2020-04-19,shot,gun,39,M,W,Jacksonville,FL,False,attack,Car,False
4971,2020-04-19,shot,gun,46,M,O,Orlando,FL,False,other,Not fleeing,False
4972,2020-04-20,shot,vehicle,38,M,W,Riverside,WI,False,attack,Foot,True
4973,2020-04-20,shot,vehicle,44,M,H,Springfield,OH,False,attack,Not fleeing,False
4974,2020-04-21,shot,gun,44,F,N,Houston,TX,False,attack,Car,False
4975,2020-04-21,shot and Tasered,gun,27,M,W,Madison,NV,False,other,Foot,False
4976,2020-04-21,shot,unarmed,37,M,N,Orlando,FL,True,other,Not fleeing,False
4977,2020-04-22,shot,gun,59,M,W,Jacksonville,FL,False,other,Not fleeing,False
4978,2020-04-22,shot,knife,57,M,O,Riverside,NM,False,undetermined,Not fleeing,True
4979,2020-04-23,shot,gun,37,M,W,Austin,TX,False,attack,Other,False
4980,2020-04-23,shot,gun,45,M,O,San Francisco,CA,True,attack,Not fleeing,False
4981,2020-04-23,shot,gun,38,M,W,Jacksonville,FL,True,attack,Not fleeing,False
4982,2020-04-24,shot,gun,52,M,H,Madison,MO,False,other,Not fleeing,True
4983,2020-04-24,shot,gun,25,M,B,Dallas,TX,True,attack,Not fleeing,False
4984,2020-04-24,shot,undetermined,49,M,B,Georgetown,OH,False,other,Car,False
4985,2020-04-25,shot,gun,69,M,W,Georgetown,PA,True,other,Foot,False
4986,2020-04-25,shot,knife,33,M,H,Lincoln,AR,False,other,Not fleeing,False
4987,2020-04-26,shot,knife,65,M,W,Tampa,FL,False,other,Not fleeing,False
4988,2020-04-26,shot,gun,45,M,B,Lincoln,AL,False,other,Not fleeing,False
4989,2020-04-26,shot,vehicle,40,M,W,Tampa,FL,False,undetermined,Not fleeing,False
4990,2020-04-27,shot,vehicle,37,M,O,Springfield,OK,False,undetermined,Not fleeing,False
4991,2020-04-27,shot,gun,66,M,W,Riverside,NC,False,other,Car,False
4992,2020-04-28,shot,gun,38,M,W,San Diego,CA,False,other,Foot,True
4993,2020-04-28,shot and Tasered,other,73,M,W,Lincoln,NV,False,attack,Not fleeing,True
4994,2020-04-28,shot,knife,69,M,W,Houston,TX,False,other,Not fleeing,False
4995,2020-04-29,shot,knife,35,M,W,Austin,TX,False,attack,Not fleeing,False
4996,2020-04-29,shot,vehicle,39,M,B,Boulder,CO,True,undetermined,Foot,False
4997,2020-04-30,shot,knife,23,M,A,Georgetown,TN,False,undetermined,Car,False
4998,2020-04-30,shot,gun,41,M,H,Orlando,FL,True,undetermined,Foot,False
4999,2020-04-30,shot,other,42,M,B,Dallas,TX,False,attack,Car,False
5000,2020-05-01,shot,knife,61,M,W,Los Angeles,CA,False,attack,Foot,False
5001,2020-05-01,shot,unarmed,71,M,H,Georgetown,OH,False,attack,Foot,False
5002,2020-05-01,shot,gun,53,M,W,Madison,NC,False,undetermined,Not fleeing,False
5003,2020-05-02,shot,undetermined,59,M,H,Fort Lauderdale,FL,False,undetermined,Foot,True
5004,2020-05-02,shot,vehicle,39,M,W,San Francisco,CA,True,attack,Not fleeing,False
5005,2020-05-03,shot,vehicle,28,M,W,Lincoln,NC,False,other,Foot,False
5006,2020-05-03,shot,gun,45,M,W,Springfield,VA,True,attack,Foot,False
5007,2020-05-03,shot,knife,61,M,H,Georgetown,NV,False,other,Car,False
5008,2020-05-04,shot,gun,19,M,W,Madison,MS,False,attack,Car,False
5009,2020-05-04,shot,knife,43,M,B,San Diego,CA,False,attack,Not fleeing,False
5010,2020-05-05,shot,gun,24,M,W,Madison,WI,False,attack,Not fleeing,True
5011,2020-05-05,shot,gun,32,M,H,Denver,CO,False,attack,Not fleeing,False
5012,2020-05-05,shot,gun,44,M,N,Madison,MI,True,undetermined,Not fleeing,False
5013,2020-05-06,shot,gun,71,M,W,Tampa,FL,False,other,Foot,False
5014,2020-05-06,shot,vehicle,42,M,B,Georgetown,OH,False,other,Not fleeing,False
5015,2020-05-07,shot,gun,52,M,O,Denver,CO,False,undetermined,Car,False
5016,2020-05-07,shot,gun,45,M,B,Fort Collins,CO,False,attack,Car,False
5017,2020-05-07,shot,knife,32,M,B,Lincoln,AR,False,attack,Not fleeing,True
5018,2020-05-08,shot,knife,48,M,B,Madison,IL,False,attack,Foot,False
5019,2020-05-08,shot,other,27,M,B,Riverside,MI,False,attack,Car,True
5020,2020-05-08,shot,gun,41,M,W,Springfield,MO,False,other,Not fleeing,False
5021,2020-05-09,shot,knife,65,M,H,Riverside,OH,False,undetermined,Foot,True
5022,2020-05-09,shot,gun,44,M,W,Los Angeles,CA,False,other,Car,False
5023,2020-05-10,shot,unarmed,45,M,W,Springfield,MI,True,attack,Not fleeing,False
5024,2020-05-10,shot,vehicle,37,M,H,Georgetown,NY,False,attack,Car,False
5025,2020-05-10,shot,knife,25,M,W,Madison,OK,False,other,Car,True
5026,2020-05-11,shot,gun,38,M,W,Georgetown,GA,False,attack,Not fleeing,False
5027,2020-05-11,shot,other,56,M,B,Riverside,NY,True,attack,Foot,False
5028,2020-05-12,shot,other,47,F,A,Riverside,IN,True,other,Not fleeing,False
5029,2020-05-12,shot,gun,28,F,A,Austin,TX,True,other,Not fleeing,False
5030,2020-05-12,shot,gun,23,M,O,Tempe,AZ,False,other,Not fleeing,False
5031,2020-05-13,shot,undetermined,32,M,A,Fort Worth,TX,False,undetermined,Car,False
5032,2020-05-13,Tasered,gun,38,F,W,Georgetown,SC,True,other,Not fleeing,False
5033,2020-05-14,shot,knife,39,M,W,Sacramento,CA,True,attack,Not fleeing,False
5034,2020-05-14,shot,knife,39,M,H,Oakland,CA,True,undetermined,Not fleeing,False
5035,2020-05-14,shot,knife,41,M,W,Tempe,AZ,False,other,Car,False
5036,2020-05-15,shot,gun,48,M,B,Georgetown,WA,False,other,Car,True
5037,2020-05-15,shot,gun,36,M,B,Georgetown,GA,False,attack,Not fleeing,False
5038,2020-05-16,shot,gun,30,M,W,San Francisco,CA,False,attack,Not fleeing,False
5039,2020-05-16,shot,undetermined,50,M,N,Madison,WI,True,attack,Foot,True
5040,2020-05-16,shot,unarmed,56,M,B,Riverside,WI,True,undetermined,Not fleeing,False
5041,2020-05-17,shot,vehicle,34,M,B,Fort Lauderdale,FL,True,other,Not fleeing,False
5042,2020-05-17,Tasered,gun,83,M,O,Springfield,NV,True,attack,Foot,False
5043,2020-05-17,shot,vehicle,70,M,B,Springfield,LA,True,attack,Foot,False
5044,2020-05-18,shot and Tasered,gun,28,M,W,Jacksonville,FL,False,attack,Not fleeing,False
5045,2020-05-18,shot,knife,24,M,B,Orlando,FL,False,other,Foot,False
5046,2020-05-19,shot,gun,39,M,H,Lincoln,OH,False,attack,Not fleeing,False
5047,2020-05-19,shot,gun,45,M,H,Lincoln,NC,False,attack,Not fleeing,True
5048,2020-05-19,shot,gun,82,M,H,Phoenix,AZ,True,other,Not fleeing,False
5049,2020-05-20,shot,unarmed,81,M,H,Riverside,SC,True,attack,Not fleeing,False
5050,2020-05-20,shot,undetermined,52,M,W,Madison,OH,True,attack,Car,False
5051,2020-05-21,shot,gun,36,M,A,Riverside,TN,True,other,Car,False
5052,2020-05-21,shot,gun,62,M,A,Austin,TX,False,other,Not fleeing,False
5053,2020-05-21,shot,gun,43,F,W,Georgetown,NY,True,other,Not fleeing,False
5054,2020-05-22,shot,gun,27,M,W,Scottsdale,AZ,False,attack,Car,False
5055,2020-05-22,shot,other,27,M,O,Riverside,NY,False,other,Not fleeing,False
5056,2020-05-23,shot and Tasered,gun,36,M,A,Springfield,VA,False,other,Not fleeing,False
5057,2020-05-23,shot,unarmed,58,F,A,Riverside,MD,False,attack,Foot,False
5058,2020-05-23,shot,knife,29,F,A,Aurora,CO,True,attack,Car,False
5059,2020-05-24,shot,gun,36,M,B,Georgetown,OK,False,other,Not fleeing,False
5060,2020-05-24,shot,knife,70,M,B,Georgetown,IN,False,other,Not fleeing,False
5061,2020-05-24,shot,knife,47,M,B,Lincoln,PA,False,undetermined,Not fleeing,False
5062,2020-05-25,shot,vehicle,77,M,W,Dallas,TX,False,attack,Not fleeing,False
5063,2020-05-25,shot,gun,49,M,H,Springfield,OK,False,other,Not fleeing,False
5064,2020-05-26,shot,gun,59,M,B,San Diego,CA,False,other,Not fleeing,False
5065,2020-05-26,shot,vehicle,37,F,B,Lincoln,NM,False,undetermined,Car,False
5066,2020-05-26,shot,gun,71,M,B,Riverside,WA,False,other,Not fleeing,False
5067,2020-05-27,shot,undetermined,53,M,B,Springfield,GA,False,attack,Car,True
5068,2020-05-27,shot,gun,40,M,W,San Francisco,CA,False,other,Not fleeing,True
5069,2020-05-28,shot,gun,66,M,W,Springfield,GA,False,undetermined,Not fleeing,False
5070,2020-05-28,shot,knife,52,M,W,Riverside,OR,False,attack,Not fleeing,False
5071,2020-05-28,shot,gun,41,M,W,San Francisco,CA,False,attack,Car,True
5072,2020-05-29,shot,gun,50,M,O,Lincoln,OH,False,undetermined,Other,True
5073,2020-05-29,shot,gun,31,M,W,Riverside,IN,True,attack,Not fleeing,False
5074,2020-05-30,shot,gun,62,F,W,Riverside,GA,False,attack,Not fleeing,True
5075,2020-05-30,shot and Tasered,gun,82,M,B,Lincoln,NC,False,other,Not fleeing,False
5076,2020-05-30,shot,knife,25,M,B,Lincoln,LA,False,attack,Not fleeing,True
5077,2020-05-31,shot,vehicle,34,M,W,Georgetown,OH,False,undetermined,Other,False
5078,2020-05-31,shot,gun,33,M,H,Fort Worth,TX,False,attack,Other,False
5079,2020-05-31,shot,knife,54,M,H,Sacramento,CA,True,attack,Not fleeing,False
5080,2020-06-01,shot,undetermined,45,M,W,Madison,MO,False,attack,Foot,False
5081,2020-06-01,shot,knife,36,M,W,Springfield,KY,True,attack,Not fleeing,True
5082,2020-06-02,shot,vehicle,37,M,O,Sacramento,CA,True,attack,Foot,False
5083,2020-06-02,shot,gun,35,M,H,Fort Worth,TX,False,other,Foot,False
5084,2020-06-02,shot,gun,51,M,H,Colorado Springs,CO,True,attack,Not fleeing,True
5085,2020-06-03,shot,gun,44,M,W,Lincoln,SC,False,other,Not fleeing,False
5086,2020-06-03,shot,knife,37,M,W,Jacksonville,FL,False,other,Not fleeing,False
5087,2020-06-04,shot,knife,35,M,B,Georgetown,NM,False,other,Not fleeing,False
5088,2020-06-04,shot,other,66,M,W,Oakland,CA,False,other,Not fleeing,False
5089,2020-06-04,shot,knife,62,M,W,Madison,IN,False,other,Car,False
5090,2020-06-05,shot,gun,52,M,B,Georgetown,LA,False,attack,Not fleeing,False
5091,2020-06-05,shot,vehicle,59,M,W,Georgetown,TN,False,attack,Not fleeing,False
5092,2020-06-06,shot,gun,27,M,H,Boulder,CO,True,other,Not fleeing,True
5093,2020-06-06,shot,unarmed,29,M,H,Riverside,VA,False,other,Other,False
5094,2020-06-06,shot,gun,28,M,W,Austin,TX,False,attack,Not fleeing,False
5095,2020-06-07,shot,gun,41,M,H,Sacramento,CA,False,attack,Car,False
5096,2020-06-07,shot,gun,60,M,W,Georgetown,GA,False,other,Car,False
5097,2020-06-07,shot,other,36,M,H,Madison,MS,False,attack,Car,False
5098,2020-06-08,shot,knife,63,M,W,Georgetown,MD,True,undetermined,Not fleeing,False
5099,2020-06-08,shot,gun,34,M,W,Madison,WA,False,attack,Not fleeing,False
5100,2020-06-09,shot,gun,40,M,B,Lincoln,LA,True,attack,Car,False
5101,2020-06-09,shot,gun,36,M,B,San Antonio,TX,False,attack,Foot,False
5102,2020-06-09,shot,gun,38,M,N,Madison,AR,False,other,Other,False
5103,2020-06-10,shot,gun,40,F,W,Springfield,VA,False,other,Not fleeing,False
5104,2020-06-10,shot,vehicle,23,M,W,Madison,TN,False,other,Not fleeing,False
5105,2020-06-11,shot,vehicle,47,M,B,Madison,OH,False,other,Not fleeing,False
5106,2020-06-11,shot,other,40,M,B,Riverside,WI,False,attack,Foot,False
5107,2020-06-11,shot,gun,71,M,W,Lincoln,NM,False,attack,Not fleeing,False
5108,2020-06-12,shot,undetermined,51,M,H,Georgetown,TN,False,other,Not fleeing,False
5109,2020-06-12,shot,gun,46,M,H,Denver,CO,False,attack,Not fleeing,False
5110,2020-06-13,Tasered,gun,70,M,H,Madison,PA,False,attack,Foot,True
5111,2020-06-13,shot,gun,67,M,O,Riverside,LA,False,attack,Not fleeing,False
5112,2020-06-13,shot,other,73,M,W,Riverside,GA,False,attack,Car,False
5113,2020-06-14,shot,other,35,M,H,Tempe,AZ,True,attack,Not fleeing,False
5114,2020-06-14,shot,unarmed,28,M,W,Georgetown,GA,False,other,Not fleeing,False
5115,2020-06-14,shot,gun,23,M,B,Lincoln,LA,True,other,Not fleeing,False
5116,2020-06-15,shot and Tasered,unarmed,59,M,B,Madison,NC,False,undetermined,Foot,True
5117,2020-06-15,shot and Tasered,knife,23,M,O,Orlando,FL,False,other,Not fleeing,False
5118,2020-06-16,shot,gun,45,M,H,Springfield,MD,False,other,Car,True
5119,2020-06-16,shot,gun,25,M,O,Lincoln,NY,False,attack,Other,False
5120,2020-06-16,shot,knife,62,M,H,San Diego,CA,False,other,Not fleeing,False
5121,2020-06-17,shot,unarmed,49,M,N,Boulder,CO,True,other,Foot,False
5122,2020-06-17,shot,unarmed,62,M,H,Madison,NM,True,attack,Car,False
5123,2020-06-18,shot,gun,45,M,B,Georgetown,MD,False,attack,Not fleeing,False
5124,2020-06-18,shot,gun,30,M,W,Mesa,AZ,False,attack,Not fleeing,False
5125,2020-06-18,shot,knife,35,M,W,Springfield,IN,False,attack,Foot,False
5126,2020-06-19,shot,vehicle,57,M,W,Sacramento,CA,False,other,Not fleeing,False
5127,2020-06-19,shot,gun,25,M,B,Georgetown,WI,True,other,Not fleeing,False
5128,2020-06-20,shot,vehicle,34,M,B,Miami,FL,True,other,Car,False
5129,2020-06-20,shot,gun,33,M,B,San Francisco,CA,False,other,Not fleeing,False
5130,2020-06-20,shot,gun,40,M,O,Springfield,NC,False,other,Not fleeing,False
5131,2020-06-21,shot,gun,51,M,N,Denver,CO,False,attack,Foot,False
5132,2020-06-21,shot,knife,62,M,W,Springfield,NY,False,other,Not fleeing,False
5133,2020-06-22,shot,gun,26,M,W,Georgetown,SC,False,other,Not fleeing,False
5134,2020-06-22,shot,undetermined,31,M,W,Riverside,AR,False,attack,Not fleeing,False
5135,2020-06-22,shot,knife,27,M,W,Lincoln,GA,False,other,Not fleeing,False
5136,2020-06-23,shot and Tasered,other,41,M,H,Springfield,NC,True,other,Other,False
5137,2020-06-23,shot,gun,28,M,B,Fort Worth,TX,False,other,Foot,False
5138,2020-06-23,shot,knife,47,M,B,Oakland,CA,False,attack,Car,False
5139,2020-06-24,shot,other,65,M,H,Lincoln,PA,False,other,Car,False
5140,2020-06-24,shot,gun,24,M,H,San Diego,CA,True,attack,Car,True
5141,2020-06-25,shot,gun,31,M,W,Riverside,IL,True,other,Car,False
5142,2020-06-25,shot,knife,73,M,H,Riverside,NY,True,attack,Foot,False
5143,2020-06-25,shot,gun,44,M,W,Houston,TX,False,other,Not fleeing,False
5144,2020-06-26,shot,gun,35,M,W,Madison,NY,False,attack,Not fleeing,False
5145,2020-06-26,shot,other,85,M,W,Dallas,TX,False,attack,Not fleeing,False
5146,2020-06-27,shot,vehicle,37,M,B,Springfield,NC,False,other,Not fleeing,False
5147,2020-06-27,shot,gun,51,M,W,Madison,SC,False,undetermined,Other,False
5148,2020-06-27,shot,gun,31,M,W,Georgetown,OH,False,other,Car,False
5149,2020-06-28,shot,gun,30,M,H,Houston,TX,False,undetermined,Not fleeing,False
5150,2020-06-28,shot,gun,52,M,H,Madison,NV,False,other,Not fleeing,False
5151,2020-06-29,Tasered,gun,76,M,W,Austin,TX,False,other,Other,False
5152,2020-06-29,shot,gun,35,M,W,Riverside,IL,True,attack,Car,True
5153,2020-06-29,shot,gun,29,M,H,Springfield,OH,False,attack,Not fleeing,False
5154,2020-06-30,shot,other,59,M,W,Georgetown,NC,False,attack,Not fleeing,False
5155,2020-06-30,shot,gun,35,M,O,Springfield,AR,True,attack,Not fleeing,True
5156,2020-06-30,shot,gun,47,M,B,Riverside,NV,True,attack,Car,False
5157,2020-07-01,Tasered,knife,35,M,W,San Francisco,CA,False,other,Car,True
5158,2020-07-01,shot,gun,37,M,W,Mesa,AZ,False,other,Not fleeing,True
5159,2020-07-02,shot,knife,31,M,W,Georgetown,MS,False,attack,Not fleeing,False
5160,2020-07-02,shot,knife,52,M,W,San Diego,CA,False,attack,Not fleeing,False
5161,2020-07-02,shot,other,47,M,W,Georgetown,NY,False,attack,Car,False
5162,2020-07-03,shot,gun,47,M,B,Springfield,NV,False,undetermined,Foot,False
5163,2020-07-03,shot,gun,32,M,W,Springfield,PA,False,undetermined,Foot,False
5164,2020-07-04,shot,gun,46,M,B,Madison,MD,False,attack,Car,False
5165,2020-07-04,shot,gun,80,M,B,Lincoln,NV,False,other,Foot,False
5166,2020-07-04,shot,unarmed,29,M,W,Riverside,OK,True,attack,Not fleeing,True
5167,2020-07-05,shot,knife,31,M,W,Madison,AL,False,attack,Not fleeing,False
5168,2020-07-05,shot,other,32,M,W,Madison,TN,False,other,Not fleeing,False
5169,2020-07-06,shot,gun,43,F,W,Springfield,GA,False,other,Not fleeing,False
5170,2020-07-06,shot,unarmed,29,M,H,Riverside,OH,True,attack,Other,False
5171,2020-07-06,shot,gun,49,M,W,Madison,NV,False,attack,Foot,False
5172,2020-07-07,shot,undetermined,23,M,H,Springfield,NM,True,attack,Not fleeing,True
5173,2020-07-07,shot,gun,55,M,W,Miami,FL,True,other,Not fleeing,False
5174,2020-07-07,shot,vehicle,47,M,B,Aurora,CO,False,undetermined,Not fleeing,False
5175,2020-07-08,shot,gun,79,F,B,Madison,IN,True,other,Car,False
5176,2020-07-08,shot,gun,30,M,H,Springfield,LA,False,other,Not fleeing,True
5177,2020-07-09,shot,knife,59,M,W,San Antonio,TX,True,attack,Not fleeing,True
5178,2020-07-09,shot,undetermined,40,M,W,Riverside,TN,True,other,Foot,False
5179,2020-07-09,shot,vehicle,37,M,B,Springfield,MI,False,other,Foot,False
5180,2020-07-10,shot,gun,29,M,W,Springfield,AL,False,other,Not fleeing,False
5181,2020-07-10,Tasered,gun,35,M,W,Madison,IL,False,attack,Not fleeing,False
5182,2020-07-11,shot,gun,35,M,B,San Antonio,TX,False,other,Not fleeing,False
5183,2020-07-11,shot,unarmed,25,M,B,Madison,NM,False,attack,Car,False
5184,2020-07-11,shot,gun,46,M,B,Riverside,NY,False,attack,Not fleeing,False
5185,2020-07-12,shot,undetermined,44,M,B,Springfield,NM,True,other,Not fleeing,False
5186,2020-07-12,shot,knife,50,M,H,Scottsdale,AZ,False,other,Foot,False
5187,2020-07-13,shot,knife,34,M,H,San Francisco,CA,False,other,Not fleeing,False
5188,2020-07-13,shot,unarmed,55,M,B,Riverside,OH,False,attack,Not fleeing,False
5189,2020-07-13,shot,knife,66,M,B,Miami,FL,True,other,Foot,True
5190,2020-07-14,shot,gun,38,M,A,Lincoln,NV,False,attack,Foot,False
5191,2020-07-14,shot,gun,30,M,W,Springfield,WI,False,attack,Car,False
5192,2020-07-14,shot and Tasered,gun,42,M,W,Riverside,OK,False,attack,Not fleeing,True
5193,2020-07-15,shot,gun,41,M,H,Madison,NM,False,undetermined,Foot,False
5194,2020-07-15,shot,gun,39,M,B,Springfield,NC,False,attack,Not fleeing,False
5195,2020-07-16,shot,knife,51,M,W,Springfield,MD,True,other,Not fleeing,True
5196,2020-07-16,shot,gun,36,M,A,Madison,AR,True,undetermined,Not fleeing,False
5197,2020-07-16,shot,unarmed,29,M,W,Lincoln,NV,False,attack,Foot,False
5198,2020-07-17,shot,knife,43,M,H,Lincoln,WA,False,undetermined,Other,False
5199,2020-07-17,shot,undetermined,51,M,H,Springfield,PA,False,undetermined,Car,False
5200,2020-07-18,shot,gun,53,M,O,Madison,OK,False,other,Other,False
5201,2020-07-18,shot,vehicle,36,M,W,Miami,FL,True,attack,Not fleeing,True
5202,2020-07-18,shot,undetermined,45,M,B,Madison,SC,True,attack,Not fleeing,False
5203,2020-07-19,shot,gun,67,M,W,Riverside,IN,False,attack,Not fleeing,False
5204,2020-07-19,shot,other,67,M,W,Madison,OH,False,attack,Not fleeing,True
5205,2020-07-20,shot,gun,60,M,W,Springfield,OK,False,other,Foot,False
5206,2020-07-20,shot,gun,25,F,B,Georgetown,IL,False,other,Not fleeing,False
5207,2020-07-20,shot,gun,37,M,B,Lincoln,TN,False,other,Not fleeing,False
5208,2020-07-21,shot,gun,65,M,W,Springfield,NY,False,attack,Car,False
5209,2020-07-21,shot,undetermined,25,M,B,Madison,NM,False,attack,Not fleeing,False
5210,2020-07-22,shot,gun,40,M,H,Madison,NC,True,undetermined,Not fleeing,False
5211,2020-07-22,shot,gun,33,M,H,Sacramento,CA,False,other,Not fleeing,False
5212,2020-07-22,shot,knife,46,M,N,Springfield,AR,False,other,Car,False
5213,2020-07-23,shot,vehicle,21,M,W,Georgetown,OK,False,attack,Foot,False
5214,2020-07-23,shot and Tasered,gun,63,M,O,Riverside,AR,False,other,Foot,False
5215,2020-07-23,shot,knife,41,M,A,Fort Worth,TX,False,other,Not fleeing,True
5216,2020-07-24,shot,gun,28,M,W,San Francisco,CA,False,attack,Not fleeing,False
5217,2020-07-24,shot,knife,32,M,W,Riverside,IN,False,other,Not fleeing,False
5218,2020-07-25,shot,undetermined,46,M,W,Houston,TX,False,undetermined,Not fleeing,False
5219,2020-07-25,shot and Tasered,gun,31,M,W,Riverside,SC,False,attack,Car,False
5220,2020-07-25,shot,gun,75,M,B,Madison,AL,False,other,Not fleeing,False
5221,2020-07-26,shot,gun,39,M,B,Riverside,NV,False,undetermined,Not fleeing,False
5222,2020-07-26,shot,gun,69,M,H,Dallas,TX,False,other,Not fleeing,False
5223,2020-07-27,shot,gun,43,M,B,Lincoln,TN,False,other,Not fleeing,False
5224,2020-07-27,shot,gun,52,M,W,Lincoln,NM,False,attack,Not fleeing,False
5225,2020-07-27,shot,gun,51,M,H,Springfield,NC,False,attack,Not fleeing,False
5226,2020-07-28,shot,gun,35,M,W,Springfield,GA,True,other,Foot,False
5227,2020-07-28,shot,gun,52,M,O,Madison,NC,False,attack,Not fleeing,True
5228,2020-07-29,shot,gun,36,M,W,Sacramento,CA,False,undetermined,Not fleeing,False
5229,2020-07-29,shot,vehicle,24,M,O,Georgetown,OR,False,other,Not fleeing,False
5230,2020-07-29,shot,other,38,M,W,Springfield,MS,True,attack,Foot,False
5231,2020-07-30,shot,gun,27,M,W,Springfield,MI,False,attack,Car,False
5232,2020-07-30,shot,gun,35,M,W,Lincoln,MO,False,attack,Not fleeing,False
5233,2020-07-30,shot,gun,40,M,H,Lincoln,IL,False,other,Not fleeing,True
5234,2020-07-31,shot,knife,30,M,H,San Antonio,TX,False,attack,Foot,False
5235,2020-07-31,shot,other,50,M,W,Lincoln,TN,False,attack,Not fleeing,False
5236,2020-08-01,shot,vehicle,35,M,O,Riverside,TN,False,other,Not fleeing,True
5237,2020-08-01,shot,gun,27,M,B,Georgetown,OR,False,attack,Not fleeing,False
5238,2020-08-01,shot,undetermined,30,M,B,Riverside,AL,False,other,Foot,False
5239,2020-08-02,shot,vehicle,42,M,H,Riverside,IN,False,attack,Not fleeing,True
5240,2020-08-02,shot,gun,37,M,W,Riverside,MS,False,undetermined,Not fleeing,False
5241,2020-08-03,shot,knife,45,M,W,Springfield,MS,False,attack,Car,False
5242,2020-08-03,shot,gun,43,M,N,San Francisco,CA,False,attack,Not fleeing,False
5243,2020-08-03,shot,gun,29,M,N,Springfield,AR,False,other,Not fleeing,True
5244,2020-08-04,shot,gun,33,M,O,Lincoln,MO,False,attack,Foot,False
5245,2020-08-04,shot,gun,55,M,N,Georgetown,GA,False,attack,Not fleeing,False
5246,2020-08-05,shot,vehicle,31,M,W,Oakland,CA,False,other,Other,False
5247,2020-08-05,Tasered,unarmed,70,M,H,Riverside,OK,False,attack,Foot,False
5248,2020-08-05,shot,gun,26,M,W,Tempe,AZ,False,attack,Foot,False
5249,2020-08-06,shot,gun,55,M,O,Springfield,OH,False,attack,Not fleeing,False
5250,2020-08-06,shot,gun,39,M,B,Lincoln,OK,True,attack,Not fleeing,False
5251,2020-08-06,shot,unarmed,29,M,B,Riverside,KY,False,other,Not fleeing,True
5252,2020-08-07,shot,gun,42,M,B,Madison,AL,False,attack,Not fleeing,False
5253,2020-08-07,shot,unarmed,31,M,W,Georgetown,NC,False,attack,Not fleeing,False
5254,2020-08-08,shot,undetermined,34,M,W,Georgetown,GA,False,attack,Not fleeing,False
5255,2020-08-08,shot,gun,36,M,A,Orlando,FL,False,attack,Not fleeing,True
5256,2020-08-08,Tasered,gun,53,M,H,Boulder,CO,False,attack,Not fleeing,False
5257,2020-08-09,shot,gun,33,M,W,Oakland,CA,True,attack,Foot,True
5258,2020-08-09,shot,gun,44,M,H,Madison,MN,False,attack,Car,False
5259,2020-08-10,shot,gun,54,M,B,Springfield,LA,False,attack,Not fleeing,True
5260,2020-08-10,shot,unarmed,42,M,W,Dallas,TX,False,other,Foot,False
5261,2020-08-10,shot,gun,47,M,W,Colorado Springs,CO,False,undetermined,Not fleeing,False
5262,2020-08-11,shot,gun,40,M,H,Madison,NY,False,undetermined,Not fleeing,False
5263,2020-08-11,shot,gun,49,M,H,Madison,NY,False,attack,Not fleeing,False
5264,2020-08-12,shot,undetermined,27,M,B,Los Angeles,CA,False,attack,Foot,False
5265,2020-08-12,shot,gun,67,M,B,Lincoln,WI,False,attack,Car,False
5266,2020-08-12,shot,vehicle,32,M,W,Orlando,FL,False,attack,Not fleeing,False
5267,2020-08-13,Tasered,knife,40,M,B,Oakland,CA,False,other,Not fleeing,True
5268,2020-08-13,shot,knife,23,M,W,Los Angeles,CA,False,undetermined,Car,False
5269,2020-08-13,shot,unarmed,34,M,W,Riverside,LA,False,undetermined,Not fleeing,False
5270,2020-08-14,shot,gun,45,M,B,Houston,TX,True,other,Not fleeing,False
5271,2020-08-14,shot,gun,71,M,N,Sacramento,CA,False,attack,Not fleeing,False
5272,2020-08-15,shot,vehicle,50,M,W,Riverside,GA,True,attack,Not fleeing,False
5273,2020-08-15,shot,undetermined,35,M,W,Georgetown,PA,True,attack,Not fleeing,False
5274,2020-08-15,Tasered,gun,25,M,B,San Francisco,CA,False,other,Not fleeing,False
5275,2020-08-16,shot,gun,64,M,A,Phoenix,AZ,False,other,Car,False
5276,2020-08-16,shot,gun,35,M,H,Lincoln,NC,False,other,Other,False
5277,2020-08-17,shot,unarmed,45,M,A,Houston,TX,False,other,Foot,False
5278,2020-08-17,shot,unarmed,35,M,B,Springfield,WA,False,other,Not fleeing,False
5279,2020-08-17,shot,gun,47,M,H,San Diego,CA,True,attack,Not fleeing,False
5280,2020-08-18,shot,gun,63,M,W,Los Angeles,CA,True,attack,Not fleeing,True
5281,2020-08-18,shot,gun,53,M,W,Lincoln,WA,False,attack,Not fleeing,True
5282,2020-08-19,shot,knife,37,M,W,Fort Lauderdale,FL,False,attack,Other,False
5283,2020-08-19,shot,other,65,M,B,San Diego,CA,False,attack,Other,False
5284,2020-08-19,shot,unarmed,77,M,O,Springfield,NC,False,other,Foot,False
5285,2020-08-20,shot,vehicle,58,M,A,Riverside,KY,False,other,Car,False
5286,2020-08-20,shot,gun,36,M,W,Madison,NV,True,other,Not fleeing,True
5287,2020-08-20,shot,other,55,M,W,Lincoln,AL,False,other,Car,True
5288,2020-08-21,shot,unarmed,57,M,W,Riverside,NM,False,attack,Not fleeing,False
5289,2020-08-21,shot and Tasered,gun,37,M,W,Lincoln,MN,True,other,Foot,False
5290,2020-08-22,shot,vehicle,77,M,B,Riverside,MD,False,other,Not fleeing,False
5291,2020-08-22,shot,gun,62,M,N,Georgetown,MO,True,attack,Foot,False
5292,2020-08-22,shot,knife,38,M,O,Fort Collins,CO,False,attack,Foot,False
5293,2020-08-23,shot,other,35,M,B,Dallas,TX,True,other,Not fleeing,False
5294,2020-08-23,shot,gun,57,F,H,Lincoln,OK,False,undetermined,Not fleeing,False
5295,2020-08-24,shot,vehicle,85,M,B,Madison,MI,False,attack,Foot,False
5296,2020-08-24,shot,knife,27,M,W,Lincoln,OH,False,undetermined,Other,False
5297,2020-08-24,shot,other,48,M,B,Lincoln,NV,False,attack,Foot,False
5298,2020-08-25,shot,gun,54,M,B,Riverside,WA,False,other,Foot,False
5299,2020-08-25,shot,knife,63,M,H,Lincoln,NC,False,other,Foot,False
5300,2020-08-26,shot,gun,54,M,W,Georgetown,GA,False,attack,Other,False
5301,2020-08-26,shot,gun,35,M,W,Springfield,WA,False,attack,Not fleeing,False
5302,2020-08-26,shot,gun,27,M,W,Aurora,CO,False,attack,Not fleeing,False
5303,2020-08-27,shot,gun,37,M,O,Riverside,IL,False,attack,Car,True
5304,2020-08-27,shot,other,54,M,W,Lincoln,NM,False,undetermined,Not fleeing,True
5305,2020-08-28,shot,gun,34,M,H,Lincoln,NM,False,attack,Not fleeing,False
5306,2020-08-28,shot and Tasered,gun,67,M,H,Jacksonville,FL,False,undetermined,Not fleeing,False
5307,2020-08-28,shot,gun,39,M,W,Madison,OR,False,other,Foot,False
5308,2020-08-29,shot,gun,33,M,B,Denver,CO,False,attack,Not fleeing,False
5309,2020-08-29,shot,gun,50,M,A,Tempe,AZ,False,attack,Car,False
5310,2020-08-29,Tasered,other,38,M,B,Georgetown,NV,False,other,Foot,False
5311,2020-08-30,shot,gun,35,M,O,Tucson,AZ,True,other,Not fleeing,False
5312,2020-08-30,shot,unarmed,82,M,W,Los Angeles,CA,False,attack,Not fleeing,False
5313,2020-08-31,shot,vehicle,34,M,W,Denver,CO,False,undetermined,Foot,False
5314,2020-08-31,shot,knife,36,M,A,Madison,NV,True,attack,Not fleeing,False
5315,2020-08-31,shot,undetermined,50,M,H,Scottsdale,AZ,False,other,Not fleeing,False
5316,2020-09-01,shot,undetermined,66,M,O,Springfield,PA,False,other,Car,True
5317,2020-09-01,shot,gun,48,M,B,Lincoln,TN,False,undetermined,Not fleeing,False
5318,2020-09-02,shot,undetermined,42,M,O,Madison,IL,False,attack,Not fleeing,False
5319,2020-09-02,shot,gun,85,M,H,Riverside,OR,False,attack,Foot,True
5320,2020-09-02,shot,gun,36,M,H,Riverside,NC,True,attack,Not fleeing,False
5321,2020-09-03,shot,knife,36,M,B,Austin,TX,False,attack,Other,False
5322,2020-09-03,shot,gun,34,M,W,Scottsdale,AZ,False,other,Not fleeing,False
5323,2020-09-04,shot,gun,47,M,O,Springfield,NC,True,attack,Not fleeing,False
5324,2020-09-04,shot,unarmed,31,M,W,Madison,NV,False,other,Car,True
5325,2020-09-04,shot,gun,28,M,B,San Francisco,CA,False,other,Not fleeing,False
5326,2020-09-05,shot,gun,36,M,W,Phoenix,AZ,False,attack,Not fleeing,False
5327,2020-09-05,shot and Tasered,other,25,M,B,Georgetown,VA,True,other,Foot,False
5328,2020-09-05,shot,gun,45,M,B,Springfield,TN,False,other,Car,False
5329,2020-09-06,shot,gun,47,M,W,Lincoln,NV,True,attack,Not fleeing,True
5330,2020-09-06,shot,undetermined,50,M,A,Georgetown,SC,False,attack,Not fleeing,False
5331,2020-09-07,Tasered,undetermined,55,M,W,Springfield,VA,False,attack,Not fleeing,False
5332,2020-09-07,shot,gun,37,M,B,Madison,OK,False,other,Car,False
5333,2020-09-07,shot,gun,63,M,W,Riverside,NC,True,attack,Not fleeing,False
5334,2020-09-08,shot,undetermined,61,M,W,Georgetown,MN,False,other,Not fleeing,False
5335,2020-09-08,shot,gun,29,M,W,Madison,LA,True,other,Not fleeing,False
5336,2020-09-09,shot,gun,40,M,H,Houston,TX,False,attack,Not fleeing,False
5337,2020-09-09,shot,gun,21,M,W,Scottsdale,AZ,False,other,Not fleeing,False
5338,2020-09-09,shot,vehicle,64,M,N,Lincoln,OK,False,other,Not fleeing,False
5339,2020-09-10,shot,gun,55,M,W,Madison,KY,False,attack,Not fleeing,False
5340,2020-09-10,shot,knife,69,M,W,Austin,TX,True,attack,Car,True
5341,2020-09-11,shot,gun,25,M,W,San Francisco,CA,True,attack,Not fleeing,False
5342,2020-09-11,shot,gun,49,M,W,Madison,NM,False,attack,Car,False
5343,2020-09-11,shot,gun,34,M,H,Madison,KY,False,other,Not fleeing,False
5344,2020-09-12,shot,gun,22,M,A,Jacksonville,FL,True,other,Foot,True
5345,2020-09-12,shot,unarmed,58,M,B,Madison,GA,False,other,Not fleeing,False
5346,2020-09-12,shot,undetermined,28,M,W,Springfield,TN,False,attack,Other,False
5347,2020-09-13,shot,vehicle,46,M,W,Tempe,AZ,True,attack,Not fleeing,True
5348,2020-09-13,shot,knife,34,M,B,Georgetown,NM,False,other,Not fleeing,False
5349,2020-09-14,shot,gun,44,M,O,Sacramento,CA,False,other,Car,True
5350,2020-09-14,shot,gun,56,M,W,San Francisco,CA,False,other,Not fleeing,False
5351,2020-09-14,shot,gun,44,M,H,Dallas,TX,False,attack,Foot,False
5352,2020-09-15,shot,vehicle,30,M,W,Jacksonville,FL,True,attack,Not fleeing,False
5353,2020-09-15,shot,gun,82,M,W,Sacramento,CA,False,attack,Not fleeing,False
5354,2020-09-16,shot,other,37,M,B,San Diego,CA,True,attack,Not fleeing,True
5355,2020-09-16,shot,vehicle,32,M,W,Riverside,MD,False,undetermined,Not fleeing,False
5356,2020-09-16,shot,other,40,M,H,Fort Worth,TX,False,attack,Not fleeing,False
5357,2020-09-17,shot,gun,26,M,W,Lincoln,KY,True,other,Not fleeing,False
5358,2020-09-17,shot,knife,33,M,H,Boulder,CO,False,other,Car,False
5359,2020-09-18,shot,gun,38,M,W,Georgetown,TN,True,attack,Not fleeing,False
5360,2020-09-18,shot,knife,45,F,O,Orlando,FL,False,attack,Foot,False
5361,2020-09-18,shot,other,42,M,W,Fort Lauderdale,FL,False,other,Not fleeing,False
5362,2020-09-19,shot,gun,49,M,A,Madison,LA,False,attack,Car,False
5363,2020-09-19,shot,gun,40,M,H,Madison,LA,False,attack,Not fleeing,False
5364,2020-09-19,shot,gun,60,M,O,Riverside,MD,False,attack,Not fleeing,False
5365,2020-09-20,shot,other,52,M,B,Madison,MD,False,other,Not fleeing,True
5366,2020-09-20,shot,gun,47,M,H,Lincoln,TN,False,other,Car,False
5367,2020-09-21,shot,unarmed,64,M,W,Riverside,NC,False,attack,Not fleeing,False
5368,2020-09-21,shot,gun,64,M,W,Georgetown,NM,True,undetermined,Not fleeing,True
5369,2020-09-21,shot,unarmed,43,M,W,Lincoln,PA,True,other,Foot,False
5370,2020-09-22,shot,gun,36,F,W,Riverside,MI,False,undetermined,Not fleeing,False
5371,2020-09-22,shot,gun,44,M,O,Georgetown,AL,False,attack,Not fleeing,False
5372,2020-09-23,shot,knife,39,M,W,Oakland,CA,False,attack,Car,False
5373,2020-09-23,shot,unarmed,36,M,B,Tempe,AZ,True,other,Not fleeing,True
5374,2020-09-23,Tasered,gun,44,M,B,Georgetown,LA,False,other,Not fleeing,False
5375,2020-09-24,shot,knife,47,M,B,Georgetown,NV,False,other,Not fleeing,False
5376,2020-09-24,shot,gun,51,M,B,Riverside,NY,True,other,Foot,False
5377,2020-09-25,shot,other,68,M,W,Madison,VA,False,undetermined,Not fleeing,False
5378,2020-09-25,shot,gun,45,M,B,Fort Lauderdale,FL,True,attack,Not fleeing,False
5379,2020-09-25,shot,gun,41,M,W,Austin,TX,False,other,Other,False
5380,2020-09-26,shot,gun,58,M,O,San Francisco,CA,False,other,Not fleeing,False
5381,2020-09-26,shot,gun,31,M,H,Springfield,LA,False,attack,Not fleeing,False
5382,2020-09-26,shot,gun,25,M,O,Madison,OK,True,attack,Not fleeing,False
5383,2020-09-27,shot,gun,48,M,W,Scottsdale,AZ,True,other,Not fleeing,False
5384,2020-09-27,shot,gun,37,M,W,Georgetown,MO,True,other,Not fleeing,False
5385,2020-09-28,shot,gun,38,M,W,San Francisco,CA,False,attack,Car,True
5386,2020-09-28,shot,gun,31,M,W,San Francisco,CA,True,other,Not fleeing,False
5387,2020-09-28,shot,unarmed,62,M,W,Georgetown,OK,False,other,Car,False
5388,2020-09-29,Tasered,unarmed,25,M,B,Fort Collins,CO,False,attack,Not fleeing,False
5389,2020-09-29,shot,gun,50,M,W,Riverside,TN,False,undetermined,Not fleeing,False
5390,2020-09-30,shot,gun,41,M,B,Madison,AR,True,other,Foot,False
5391,2020-09-30,shot,gun,70,M,A,Lincoln,MS,True,undetermined,Not fleeing,False
5392,2020-09-30,shot,unarmed,58,M,H,Fort Worth,TX,True,attack,Not fleeing,False
5393,2020-10-01,shot,other,29,M,W,Lincoln,OH,False,undetermined,Other,False
5394,2020-10-01,shot,gun,52,M,W,Lincoln,IL,False,attack,Not fleeing,True
5395,2020-10-02,shot,vehicle,48,M,B,Springfield,VA,False,attack,Foot,True
5396,2020-10-02,shot,gun,40,M,W,Georgetown,VA,True,attack,Foot,False
5397,2020-10-02,shot,gun,50,M,B,Tampa,FL,True,attack,Not fleeing,False
5398,2020-10-03,shot,knife,33,M,W,Fort Worth,TX,False,attack,Car,False
5399,2020-10-03,shot,gun,42,M,H,Springfield,MO,True,attack,Not fleeing,False
5400,2020-10-04,shot,vehicle,41,M,H,Georgetown,IL,False,attack,Car,True
5401,2020-10-04,shot,vehicle,32,M,B,Tempe,AZ,True,undetermined,Foot,False
5402,2020-10-04,shot,other,37,M,W,San Diego,CA,False,other,Not fleeing,False
5403,2020-10-05,shot,gun,35,M,W,Springfield,NV,True,other,Not fleeing,False
5404,2020-10-05,shot,gun,47,M,H,Tempe,AZ,False,attack,Foot,False
5405,2020-10-05,shot,gun,64,M,B,Fort Worth,TX,False,attack,Other,False
5406,2020-10-06,shot,gun,27,M,W,Dallas,TX,False,attack,Other,False
5407,2020-10-06,shot,knife,47,M,W,Tempe,AZ,False,attack,Car,False
5408,2020-10-07,shot,unarmed,34,M,W,Madison,MO,False,other,Not fleeing,False
5409,2020-10-07,shot,gun,56,M,H,Colorado Springs,CO,True,attack,Not fleeing,False
5410,2020-10-07,shot,other,47,M,W,Los Angeles,CA,False,other,Car,False
5411,2020-10-08,shot,knife,25,F,B,Sacramento,CA,False,other,Not fleeing,False
5412,2020-10-08,shot,vehicle,44,M,B,Mesa,AZ,False,other,Foot,False
5413,2020-10-09,shot,other,39,M,B,Springfield,TN,False,undetermined,Foot,False
5414,2020-10-09,shot,gun,28,M,A,San Francisco,CA,False,undetermined,Car,False
5415,2020-10-09,shot,gun,35,M,A,Lincoln,LA,False,other,Not fleeing,True
5416,2020-10-10,shot,vehicle,43,M,B,Houston,TX,False,attack,Car,False
5417,2020-10-10,shot,undetermined,35,M,W,San Antonio,TX,False,attack,Not fleeing,False
5418,2020-10-11,shot and Tasered,gun,59,M,W,Dallas,TX,False,other,Not fleeing,False
5419,2020-10-11,shot,gun,39,M,B,San Diego,CA,False,attack,Car,False
5420,2020-10-11,shot,gun,34,M,B,Madison,TN,True,attack,Foot,True
5421,2020-10-12,shot,gun,44,M,B,Riverside,OH,False,other,Not fleeing,False
5422,2020-10-12,shot,undetermined,46,M,W,Georgetown,AL,True,attack,Other,False
5423,2020-10-12,shot,gun,57,M,B,San Diego,CA,True,undetermined,Not fleeing,False
5424,2020-10-13,shot,unarmed,42,M,W,Dallas,TX,False,other,Car,False
5425,2020-10-13,shot,unarmed,45,M,H,Mesa,AZ,False,other,Foot,True
5426,2020-10-14,shot,unarmed,37,M,W,Georgetown,MD,False,other,Not fleeing,False
5427,2020-10-14,shot,gun,71,M,H,Tucson,AZ,False,attack,Not fleeing,False
5428,2020-10-14,shot,knife,47,M,W,Springfield,GA,True,undetermined,Not fleeing,False
5429,2020-10-15,shot,other,43,M,W,Phoenix,AZ,False,attack,Not fleeing,True
5430,2020-10-15,shot,gun,35,M,H,Los Angeles,CA,False,undetermined,Not fleeing,False
5431,2020-10-16,shot,gun,59,M,W,Lincoln,IN,False,undetermined,Not fleeing,False
5432,2020-10-16,shot,undetermined,25,M,H,Madison,NY,False,attack,Not fleeing,False
5433,2020-10-16,shot,knife,44,M,B,Madison,VA,False,other,Foot,False
5434,2020-10-17,shot,knife,33,M,B,Riverside,TN,False,other,Not fleeing,False
5435,2020-10-17,shot,other,54,M,W,Lincoln,WA,False,undetermined,Car,False
5436,2020-10-18,Tasered,vehicle,46,M,B,San Diego,CA,False,attack,Car,False
5437,2020-10-18,shot,gun,43,M,B,Riverside,PA,False,other,Car,True
5438,2020-10-18,shot,gun,30,M,B,Fort Worth,TX,False,other,Not fleeing,False
5439,2020-10-19,shot,gun,40,M,H,Madison,GA,False,attack,Not fleeing,False
5440,2020-10-19,shot,gun,47,M,W,Madison,PA,False,undetermined,Car,True
5441,2020-10-19,shot,gun,57,M,W,Georgetown,VA,False,attack,Not fleeing,False
5442,2020-10-20,shot and Tasered,gun,49,M,W,Georgetown,OK,False,other,Not fleeing,False
5443,2020-10-20,shot,undetermined,54,M,W,Madison,TN,False,attack,Other,False
5444,2020-10-21,shot,gun,26,M,W,Fort Worth,TX,False,attack,Other,False
5445,2020-10-21,shot,knife,43,M,H,Colorado Springs,CO,False,attack,Not fleeing,False
5446,2020-10-21,shot,vehicle,57,M,H,San Diego,CA,False,attack,Car,True
5447,2020-10-22,shot,vehicle,21,M,W,Madison,NV,False,undetermined,Not fleeing,True
5448,2020-10-22,shot,knife,38,M,O,Springfield,WI,False,other,Not fleeing,False
5449,2020-10-23,shot,gun,47,M,B,Tampa,FL,False,undetermined,Not fleeing,False
5450,2020-10-23,shot,undetermined,60,M,N,Los Angeles,CA,False,attack,Not fleeing,True
5451,2020-10-23,shot,gun,42,M,H,Georgetown,OH,False,attack,Not fleeing,False
5452,2020-10-24,shot,vehicle,41,M,H,Georgetown,MS,False,other,Not fleeing,False
5453,2020-10-24,shot,undetermined,45,M,W,Riverside,NY,False,attack,Foot,False
5454,2020-10-25,shot,gun,47,M,W,Los Angeles,CA,False,attack,Not fleeing,False
5455,2020-10-25,shot,other,31,M,W,Madison,MN,False,other,Not fleeing,False
5456,2020-10-25,shot,vehicle,35,M,H,Springfield,AL,True,other,Foot,False
5457,2020-10-26,shot,knife,24,M,W,Fort Worth,TX,False,other,Other,True
5458,2020-10-26,shot,gun,33,M,H,Georgetown,KY,True,other,Car,False
5459,2020-10-26,shot,undetermined,29,M,W,Riverside,NC,False,attack,Not fleeing,False
5460,2020-10-27,shot,gun,31,M,H,Boulder,CO,False,attack,Foot,False
5461,2020-10-27,shot,gun,85,M,W,Springfield,OH,True,undetermined,Not fleeing,False
5462,2020-10-28,shot,vehicle,59,M,W,Madison,AR,True,other,Car,False
5463,2020-10-28,shot,unarmed,29,M,W,Madison,TN,False,attack,Not fleeing,False
5464,2020-10-28,shot,gun,27,F,W,Los Angeles,CA,False,other,Car,False
5465,2020-10-29,shot,gun,34,M,W,Riverside,WI,False,attack,Foot,False
5466,2020-10-29,shot,unarmed,27,M,H,San Antonio,TX,False,other,Not fleeing,False
5467,2020-10-30,shot,gun,45,M,W,Springfield,IL,True,other,Foot,False
5468,2020-10-30,shot,gun,45,M,W,Springfield,PA,True,attack,Not fleeing,False
5469,2020-10-30,shot,gun,31,M,H,Fort Worth,TX,False,other,Not fleeing,False
5470,2020-10-31,shot and Tasered,knife,52,M,W,Fort Worth,TX,False,attack,Foot,False
5471,2020-10-31,shot,knife,52,M,O,Riverside,MS,True,attack,Not fleeing,True
5472,2020-11-01,shot,unarmed,33,M,O,Riverside,NC,True,attack,Car,False
5473,2020-11-01,shot,gun,30,M,W,Riverside,TN,False,other,Not fleeing,False
5474,2020-11-01,shot,unarmed,36,M,W,Springfield,WA,False,other,Not fleeing,False
5475,2020-11-02,shot,undetermined,50,M,W,Springfield,NV,False,attack,Car,False
5476,2020-11-02,shot,gun,83,M,H,Georgetown,OH,True,other,Not fleeing,False
5477,2020-11-03,shot,gun,49,M,B,Mesa,AZ,True,attack,Not fleeing,False
5478,2020-11-03,shot,other,28,M,B,Colorado Springs,CO,False,other,Foot,False
5479,2020-11-03,shot,gun,46,M,H,Lincoln,MS,False,attack,Foot,False
5480,2020-11-04,shot,knife,43,M,W,Riverside,OH,False,attack,Foot,False
5481,2020-11-04,shot,gun,42,M,H,Fort Worth,TX,True,other,Not fleeing,False
5482,2020-11-04,shot,unarmed,27,M,H,Springfield,IN,True,attack,Car,False
5483,2020-11-05,shot,gun,46,M,B,Georgetown,SC,False,other,Foot,False
5484,2020-11-05,shot,gun,41,M,A,Oakland,CA,False,attack,Foot,False
5485,2020-11-06,shot,undetermined,28,M,H,Georgetown,MI,False,attack,Not fleeing,False
5486,2020-11-06,shot,other,74,M,W,Lincoln,OK,False,other,Car,False
5487,2020-11-06,shot,gun,27,M,W,Austin,TX,False,attack,Not fleeing,False
5488,2020-11-07,shot,gun,48,M,B,Orlando,FL,False,other,Not fleeing,False
5489,2020-11-07,shot,unarmed,39,M,W,Springfield,OK,False,attack,Not fleeing,False
5490,2020-11-08,shot,unarmed,36,M,O,Georgetown,VA,False,other,Car,False
5491,2020-11-08,shot,gun,63,M,W,Tampa,FL,False,attack,Not fleeing,True
5492,2020-11-08,shot,gun,56,M,H,Orlando,FL,False,attack,Not fleeing,False
5493,2020-11-09,shot,gun,39,M,B,Tucson,AZ,False,attack,Not fleeing,False
5494,2020-11-09,shot,knife,31,M,W,Georgetown,MO,False,attack,Not fleeing,False
5495,2020-11-10,shot,unarmed,35,M,O,Dallas,TX,False,undetermined,Not fleeing,False
5496,2020-11-10,shot,gun,37,M,H,Oakland,CA,False,other,Foot,False
5497,2020-11-10,shot,gun,57,M,B,Riverside,OK,False,attack,Car,False
5498,2020-11-11,shot,gun,46,M,W,Springfield,VA,False,attack,Not fleeing,False
5499,2020-11-11,shot and Tasered,unarmed,57,M,W,Riverside,WA,False,attack,Not fleeing,False
5500,2020-11-11,shot,vehicle,27,M,W,Colorado Springs,CO,True,attack,Foot,True
5501,2020-11-12,shot,gun,59,M,W,Madison,NC,False,attack,Foot,False
5502,2020-11-12,shot,gun,67,M,B,Springfield,GA,False,attack,Car,False
5503,2020-11-13,shot,knife,32,M,O,Springfield,WI,False,other,Not fleeing,False
5504,2020-11-13,shot,gun,54,M,B,Springfield,MD,False,other,Foot,False
5505,2020-11-13,shot,knife,65,M,A,Dallas,TX,False,other,Car,False
5506,2020-11-14,shot,knife,34,M,B,Lincoln,GA,False,other,Not fleeing,False
5507,2020-11-14,shot,gun,29,M,B,Riverside,NY,False,attack,Car,False
5508,2020-11-15,shot,knife,44,M,H,Georgetown,MO,False,attack,Not fleeing,False
5509,2020-11-15,shot,undetermined,23,M,B,Madison,OH,False,attack,Foot,False
5510,2020-11-15,shot,unarmed,59,M,A,Springfield,SC,True,other,Other,False
5511,2020-11-16,shot,gun,31,M,W,Georgetown,MD,False,undetermined,Not fleeing,False
5512,2020-11-16,shot,knife,38,M,W,Georgetown,WA,False,undetermined,Foot,False
5513,2020-11-17,shot,gun,52,M,H,Lincoln,MS,False,other,Foot,False
5514,2020-11-17,shot,gun,49,M,B,Springfield,IL,False,other,Foot,True
5515,2020-11-17,shot,knife,51,M,A,Riverside,VA,False,undetermined,Foot,True
5516,2020-11-18,shot,gun,32,M,O,Springfield,WI,False,other,Not fleeing,False
5517,2020-11-18,shot and Tasered,vehicle,46,M,W,Tampa,FL,True,undetermined,Not fleeing,False
5518,2020-11-18,shot,gun,55,M,B,Miami,FL,True,other,Not fleeing,False
5519,2020-11-19,shot,gun,34,M,W,Georgetown,NM,True,attack,Not fleeing,False
5520,2020-11-19,shot,gun,76,M,B,Georgetown,MD,True,undetermined,Not fleeing,False
5521,2020-11-20,shot,vehicle,38,M,H,Riverside,KY,False,attack,Not fleeing,False
5522,2020-11-20,shot,undetermined,23,M,W,San Francisco,CA,False,other,Not fleeing,True
5523,2020-11-20,shot,knife,38,M,B,Riverside,PA,True,attack,Not fleeing,False
5524,2020-11-21,shot,knife,64,M,H,San Antonio,TX,False,undetermined,Not fleeing,False
5525,2020-11-21,shot,gun,30,M,W,Springfield,WA,False,attack,Not fleeing,False
5526,2020-11-22,shot and Tasered,gun,29,M,H,Austin,TX,True,attack,Not fleeing,False
5527,2020-11-22,shot,gun,47,M,B,Houston,TX,True,attack,Foot,False
5528,2020-11-22,shot,gun,29,M,O,San Francisco,CA,False,attack,Foot,False
5529,2020-11-23,shot,vehicle,28,M,W,Madison,PA,False,other,Not fleeing,False
5530,2020-11-23,shot,gun,31,M,W,Denver,CO,False,other,Car,False
5531,2020-11-24,shot,knife,71,M,B,Oakland,CA,False,attack,Foot,False
5532,2020-11-24,shot,gun,49,M,W,Phoenix,AZ,True,attack,Not fleeing,False
5533,2020-11-24,shot,other,42,M,O,Fort Worth,TX,False,other,Car,False
5534,2020-11-25,shot,gun,32,M,W,Springfield,IN,True,other,Other,False
5535,2020-11-25,shot,gun,55,M,H,Phoenix,AZ,True,undetermined,Not fleeing,True
5536,2020-11-25,shot,other,50,M,B,Phoenix,AZ,False,attack,Not fleeing,False
5537,2020-11-26,shot,gun,73,M,W,Riverside,AR,False,undetermined,Car,False
5538,2020-11-26,shot,knife,30,M,W,Georgetown,TN,True,attack,Not fleeing,False
5539,2020-11-27,shot,gun,29,M,B,Madison,NV,True,undetermined,Not fleeing,False
5540,2020-11-27,shot,knife,23,M,B,Lincoln,PA,False,attack,Foot,False
5541,2020-11-27,shot,knife,49,M,W,Georgetown,IN,True,other,Foot,False
5542,2020-11-28,Tasered,knife,44,M,N,Dallas,TX,False,other,Not fleeing,False
5543,2020-11-28,shot,gun,36,M,W,Georgetown,MN,False,undetermined,Car,False
5544,2020-11-29,shot,unarmed,23,M,W,Madison,AL,False,attack,Foot,False
5545,2020-11-29,shot,gun,67,M,B,Georgetown,MO,True,other,Not fleeing,False
5546,2020-11-29,shot,gun,44,M,W,Riverside,TN,True,other,Not fleeing,False
5547,2020-11-30,shot,gun,62,M,O,Riverside,TN,False,other,Foot,False
5548,2020-11-30,shot,other,64,M,W,Sacramento,CA,False,other,Not fleeing,False
5549,2020-12-01,shot,unarmed,49,M,W,Tampa,FL,False,other,Not fleeing,True
5550,2020-12-01,shot,gun,51,M,W,Lincoln,WI,False,attack,Not fleeing,False
5551,2020-12-01,shot,vehicle,33,M,B,Springfield,NY,False,attack,Foot,False
5552,2020-12-02,shot,gun,42,M,B,Riverside,GA,False,attack,Not fleeing,False
5553,2020-12-02,shot,undetermined,58,M,H,Lincoln,MD,False,other,Not fleeing,False
5554,2020-12-02,shot,gun,31,M,W,Riverside,WA,True,attack,Car,False
5555,2020-12-03,shot,gun,56,M,W,San Francisco,CA,False,attack,Not fleeing,False
5556,2020-12-03,shot,gun,55,M,H,Springfield,IL,False,undetermined,Not fleeing,False
5557,2020-12-04,shot,vehicle,54,M,W,Riverside,NV,True,other,Not fleeing,True
5558,2020-12-04,shot,gun,41,M,H,Austin,TX,False,other,Not fleeing,False
5559,2020-12-04,shot,gun,32,M,W,Madison,WI,True,attack,Not fleeing,False
5560,2020-12-05,shot,knife,76,M,H,Fort Lauderdale,FL,False,other,Not fleeing,False
5561,2020-12-05,shot,gun,66,M,W,Lincoln,OH,False,other,Foot,False
5562,2020-12-06,shot,gun,42,M,B,Los Angeles,CA,True,attack,Not fleeing,False
5563,2020-12-06,shot,vehicle,44,M,W,Georgetown,MO,False,other,Foot,False
5564,2020-12-06,shot,undetermined,37,M,W,Colorado Springs,CO,True,attack,Car,False
5565,2020-12-07,shot,knife,23,M,W,Fort Collins,CO,False,attack,Foot,False
5566,2020-12-07,shot,gun,40,M,W,Georgetown,AL,False,attack,Not fleeing,False
5567,2020-12-08,shot,gun,49,M,W,Sacramento,CA,False,undetermined,Not fleeing,False
5568,2020-12-08,shot,unarmed,34,M,B,Riverside,SC,False,other,Car,False
5569,2020-12-08,shot,gun,37,M,B,Lincoln,LA,False,undetermined,Not fleeing,False
5570,2020-12-09,shot,gun,37,M,H,Springfield,MN,True,other,Car,False
5571,2020-12-09,shot,gun,43,M,B,Georgetown,MO,True,other,Not fleeing,False
5572,2020-12-10,shot,knife,38,M,B,Oakland,CA,True,attack,Not fleeing,False
5573,2020-12-10,shot,gun,31,M,W,Oakland,CA,False,attack,Foot,False
5574,2020-12-10,shot,undetermined,43,M,B,Lincoln,NM,True,attack,Car,False
5575,2020-12-11,shot,gun,48,M,W,Riverside,AR,True,attack,Car,False
5576,2020-12-11,shot,unarmed,44,M,H,Fort Collins,CO,False,other,Not fleeing,False
5577,2020-12-11,shot,gun,23,M,W,Lincoln,PA,True,undetermined,Car,False
5578,2020-12-12,shot,gun,51,M,W,Georgetown,OH,False,undetermined,Not fleeing,True
5579,2020-12-12,shot,knife,28,M,B,Riverside,WI,False,other,Other,True
5580,2020-12-13,shot,vehicle,48,M,W,Madison,IN,True,other,Not fleeing,False
5581,2020-12-13,shot,gun,48,M,A,Riverside,MN,False,attack,Foot,False
5582,2020-12-13,shot,gun,25,M,H,Lincoln,MS,False,undetermined,Foot,False
5583,2020-12-14,shot,undetermined,56,M,W,Springfield,OR,False,other,Not fleeing,True
5584,2020-12-14,shot,gun,76,M,W,Dallas,TX,False,other,Not fleeing,False
5585,2020-12-15,shot,other,37,M,B,Georgetown,AL,False,attack,Foot,False
5586,2020-12-15,shot,vehicle,48,M,B,Springfield,NV,False,other,Car,False
5587,2020-12-15,shot,knife,35,M,W,Madison,WI,False,attack,Not fleeing,False
5588,2020-12-16,shot,gun,28,M,H,Madison,LA,False,undetermined,Foot,False
5589,2020-12-16,shot,gun,58,M,B,Los Angeles,CA,True,attack,Foot,False
5590,2020-12-17,shot,gun,48,M,W,Madison,MO,False,attack,Not fleeing,False
5591,2020-12-17,shot,gun,33,M,W,Springfield,OK,False,attack,Foot,False
5592,2020-12-17,shot,gun,28,M,H,Jacksonville,FL,False,attack,Not fleeing,False
5593,2020-12-18,shot,gun,77,M,W,Springfield,GA,False,attack,Not fleeing,False
5594,2020-12-18,shot,gun,26,M,H,Lincoln,MO,False,other,Not fleeing,True
5595,2020-12-18,shot,gun,50,M,W,Boulder,CO,False,attack,Other,False
5596,2020-12-19,shot,gun,43,M,B,Boulder,CO,False,other,Not fleeing,False
5597,2020-12-19,shot,vehicle,53,M,A,San Antonio,TX,False,other,Not fleeing,False
5598,2020-12-20,shot,knife,69,M,A,Springfield,IN,True,attack,Car,True
5599,2020-12-20,shot,other,19,M,W,Lincoln,IL,False,attack,Not fleeing,False
5600,2020-12-20,shot,gun,29,M,W,Oakland,CA,False,attack,Not fleeing,False
5601,2020-12-21,shot,vehicle,39,M,H,Georgetown,MD,False,attack,Not fleeing,False
5602,2020-12-21,shot,knife,71,M,W,Georgetown,IL,False,attack,Not fleeing,True
5603,2020-12-22,shot,knife,36,M,W,San Diego,CA,False,attack,Car,False
5604,2020-12-22,shot,gun,33,M,N,Boulder,CO,True,attack,Car,False
5605,2020-12-22,shot,vehicle,21,M,W,Riverside,MO,False,attack,Car,False
5606,2020-12-23,shot,gun,32,M,W,Madison,NC,False,other,Car,False
5607,2020-12-23,shot,gun,50,M,W,Springfield,VA,False,attack,Not fleeing,False
5608,2020-12-24,shot,gun,39,M,B,Riverside,NC,True,other,Not fleeing,False
5609,2020-12-24,shot,gun,32,M,B,San Antonio,TX,True,other,Not fleeing,True
5610,2020-12-24,shot,knife,78,M,W,Madison,MN,False,undetermined,Not fleeing,False
5611,2020-12-25,shot,knife,37,M,W,Jacksonville,FL,False,other,Foot,True
5612,2020-12-25,shot,knife,43,M,W,Riverside,NV,False,other,Car,True
5613,2020-12-25,shot,gun,32,M,B,Dallas,TX,False,attack,Not fleeing,True
5614,2020-12-26,shot,knife,28,M,W,Tucson,AZ,False,attack,Not fleeing,False
5615,2020-12-26,shot,gun,52,M,O,Georgetown,NC,False,other,Foot,False
5616,2020-12-27,shot,gun,24,M,W,Fort Worth,TX,True,other,Other,True
5617,2020-12-27,shot,knife,48,M,O,Springfield,NC,False,other,Foot,False
5618,2020-12-27,shot,knife,18,M,W,Houston,TX,False,other,Not fleeing,False
5619,2020-12-28,shot,knife,46,M,H,Springfield,LA,False,other,Foot,False
5620,2020-12-28,shot,gun,29,M,W,Georgetown,TN,True,undetermined,Car,False
5621,2020-12-29,shot,undetermined,31,M,W,Sacramento,CA,False,other,Car,False
5622,2020-12-29,shot,undetermined,37,M,A,Springfield,MS,False,undetermined,Foot,False
5623,2020-12-29,shot,gun,27,M,H,San Antonio,TX,False,other,Not fleeing,True
5624,2020-12-30,shot,other,23,M,W,Fort Lauderdale,FL,False,other,Foot,False
5625,2020-12-30,shot,gun,38,M,H,Lincoln,TN,False,undetermined,Not fleeing,False
5626,2020-12-31,shot,gun,53,M,B,Madison,OH,False,other,Not fleeing,False
5627,2020-12-31,shot,undetermined,44,M,H,Madison,WA,False,attack,Foot,False
5628,2020-12-31,shot,gun,60,M,W,Fort Worth,TX,True,attack,Not fleeing,True
5629,2021-01-01,shot,gun,23,M,B,Riverside,SC,True,attack,Not fleeing,False
5630,2021-01-01,shot,gun,36,M,B,Lincoln,PA,False,other,Not fleeing,False
5631,2021-01-01,shot,gun,41,M,W,Fort Worth,TX,False,attack,Other,False
5632,2021-01-02,shot,gun,31,M,A,Colorado Springs,CO,True,attack,Foot,False
5633,2021-01-02,shot and Tasered,gun,42,M,W,Georgetown,SC,True,attack,Not fleeing,True
5634,2021-01-03,shot,gun,59,M,W,Georgetown,LA,False,attack,Not fleeing,False
5635,2021-01-03,shot,gun,49,M,B,San Diego,CA,True,other,Car,False
5636,2021-01-03,shot,gun,62,M,B,Boulder,CO,False,attack,Foot,False
5637,2021-01-04,shot,knife,45,M,W,Orlando,FL,False,other,Foot,False
5638,2021-01-04,shot,vehicle,39,M,W,Madison,WA,False,attack,Not fleeing,False
5639,2021-01-05,shot,unarmed,69,M,O,Riverside,AR,True,attack,Car,True
5640,2021-01-05,shot,gun,43,M,W,Riverside,NC,False,attack,Not fleeing,True
5641,2021-01-05,shot,gun,75,M,B,Madison,NC,True,attack,Car,False
5642,2021-01-06,shot,knife,56,M,H,Riverside,OR,True,other,Not fleeing,False
5643,2021-01-06,shot and Tasered,gun,33,M,W,Springfield,LA,True,attack,Foot,False
5644,2021-01-07,shot,knife,38,M,O,Georgetown,LA,False,attack,Car,False
5645,2021-01-07,shot,gun,69,M,H,Tampa,FL,False,attack,Foot,False
5646,2021-01-07,shot,gun,60,M,B,Madison,MO,False,other,Foot,False
5647,2021-01-08,shot,gun,53,M,B,Springfield,LA,False,other,Foot,False
5648,2021-01-08,shot,gun,51,F,H,Springfield,GA,False,attack,Not fleeing,False
5649,2021-01-09,shot,gun,27,M,B,Springfield,MI,False,attack,Not fleeing,False
5650,2021-01-09,shot,gun,28,M,A,Springfield,NM,False,attack,Not fleeing,False
5651,2021-01-09,shot,other,44,M,W,Lincoln,IL,True,undetermined,Foot,True
5652,2021-01-10,shot,other,31,M,W,Madison,NY,False,attack,Not fleeing,False
5653,2021-01-10,shot,knife,37,M,W,Riverside,OH,False,undetermined,Foot,False
5654,2021-01-10,shot,undetermined,36,M,W,San Antonio,TX,False,other,Not fleeing,True
5655,2021-01-11,shot and Tasered,vehicle,50,M,W,Mesa,AZ,False,attack,Car,True
5656,2021-01-11,shot,gun,45,M,A,Madison,VA,True,attack,Other,False
5657,2021-01-12,shot,knife,59,M,B,Springfield,NC,False,other,Foot,False
5658,2021-01-12,shot,gun,45,M,B,Springfield,NM,True,other,Not fleeing,True
5659,2021-01-12,shot,knife,44,M,B,Austin,TX,False,other,Not fleeing,False
5660,2021-01-13,shot,gun,41,M,H,Madison,WA,False,attack,Car,False
5661,2021-01-13,shot,unarmed,62,M,B,Georgetown,TN,False,undetermined,Car,False
5662,2021-01-14,shot,knife,41,M,A,Lincoln,WA,False,attack,Car,False
5663,2021-01-14,shot,gun,32,M,W,Springfield,NM,False,attack,Not fleeing,False
5664,2021-01-14,shot,undetermined,52,M,O,Madison,MN,False,undetermined,Not fleeing,False
5665,2021-01-15,shot,undetermined,39,M,H,Los Angeles,CA,False,other,Not fleeing,False
5666,2021-01-15,shot,unarmed,56,M,W,Dallas,TX,True,other,Not fleeing,False
5667,2021-01-16,shot,vehicle,65,M,B,Houston,TX,False,other,Not fleeing,False
5668,2021-01-16,shot,knife,38,M,B,Springfield,OK,False,attack,Foot,False
5669,2021-01-16,shot,gun,64,M,W,Fort Collins,CO,False,attack,Not fleeing,False
5670,2021-01-17,shot,gun,56,M,B,Riverside,IL,False,undetermined,Car,True
5671,2021-01-17,shot,gun,34,M,W,Georgetown,GA,True,attack,Foot,False
5672,2021-01-17,shot,gun,31,M,W,Georgetown,PA,False,attack,Not fleeing,False
5673,2021-01-18,shot and Tasered,gun,30,M,O,Georgetown,MD,False,attack,Not fleeing,False
5674,2021-01-18,shot,gun,28,M,B,Madison,NY,False,undetermined,Not fleeing,False
5675,2021-01-19,shot,gun,61,F,A,Georgetown,NY,False,attack,Not fleeing,False
5676,2021-01-19,shot,gun,38,M,B,San Diego,CA,False,other,Not fleeing,False
5677,2021-01-19,shot,knife,73,M,W,Springfield,GA,False,attack,Not fleeing,False
5678,2021-01-20,shot,gun,33,M,B,Georgetown,NY,True,other,Not fleeing,False
5679,2021-01-20,shot,gun,35,M,B,Lincoln,OH,False,other,Not fleeing,False
5680,2021-01-21,shot,gun,49,F,O,Riverside,OR,False,other,Other,False
5681,2021-01-21,shot,gun,72,M,W,Riverside,OR,True,attack,Not fleeing,False
5682,2021-01-21,shot,other,34,M,A,Springfield,AL,False,attack,Not fleeing,False
5683,2021-01-22,shot,knife,54,M,O,Colorado Springs,CO,False,attack,Not fleeing,True
5684,2021-01-22,shot,gun,41,M,B,Riverside,NV,False,other,Not fleeing,False
5685,2021-01-23,shot,gun,49,M,O,Springfield,GA,True,other,Not fleeing,False
5686,2021-01-23,shot,gun,31,M,W,Miami,FL,True,attack,Not fleeing,True
5687,2021-01-23,shot,knife,52,M,O,Denver,CO,False,other,Foot,True
5688,2021-01-24,shot,other,37,M,H,Sacramento,CA,False,other,Not fleeing,True
5689,2021-01-24,shot,gun,35,M,W,Phoenix,AZ,False,attack,Not fleeing,False
5690,2021-01-24,shot,knife,40,M,N,Springfield,OH,False,other,Foot,False
5691,2021-01-25,shot,gun,50,M,B,Springfield,WI,False,attack,Not fleeing,True
5692,2021-01-25,shot and Tasered,knife,39,M,B,Tempe,AZ,False,attack,Not fleeing,False
5693,2021-01-26,shot,gun,35,M,B,Georgetown,OR,False,attack,Other,False
5694,2021-01-26,shot,gun,39,M,W,Jacksonville,FL,False,other,Not fleeing,True
5695,2021-01-26,shot,gun,39,M,B,Austin,TX,False,attack,Car,False
5696,2021-01-27,shot,gun,49,M,H,Riverside,WA,False,attack,Foot,False
5697,2021-01-27,shot,knife,36,M,W,Georgetown,TN,False,other,Not fleeing,False
5698,2021-01-28,shot,other,36,M,W,Sacramento,CA,False,undetermined,Not fleeing,False
5699,2021-01-28,shot,gun,31,M,W,Jacksonville,FL,False,other,Not fleeing,False
5700,2021-01-28,shot,gun,50,F,W,Riverside,OH,False,other,Not fleeing,False
5701,2021-01-29,shot,gun,43,M,H,Phoenix,AZ,False,attack,Other,True
5702,2021-01-29,shot,gun,62,M,H,Madison,NV,False,other,Not fleeing,False
5703,2021-01-30,shot,gun,59,M,O,Riverside,WA,True,other,Car,True
5704,2021-01-30,shot,gun,44,M,B,San Antonio,TX,False,other,Foot,False
5705,2021-01-30,shot,knife,40,M,W,Riverside,OR,False,undetermined,Car,False
5706,2021-01-31,shot,knife,41,M,O,Tucson,AZ,False,other,Car,False
5707,2021-01-31,shot,gun,33,M,H,Springfield,NV,True,other,Foot,False
5708,2021-01-31,shot,knife,32,M,B,Lincoln,VA,True,attack,Not fleeing,False
5709,2021-02-01,shot,undetermined,30,M,H,Georgetown,WI,False,attack,Foot,False
5710,2021-02-01,shot,gun,38,M,O,Riverside,WA,False,attack,Not fleeing,False
5711,2021-02-02,shot,gun,20,M,H,Springfield,PA,True,other,Not fleeing,False
5712,2021-02-02,shot,knife,71,M,W,Mesa,AZ,False,other,Not fleeing,False
5713,2021-02-02,shot,knife,79,M,H,Lincoln,OK,False,attack,Foot,False
5714,2021-02-03,shot,gun,29,M,W,Riverside,OH,True,attack,Car,False
5715,2021-02-03,shot and Tasered,unarmed,78,M,W,Madison,NC,False,other,Not fleeing,True
5716,2021-02-04,shot,gun,29,M,W,Riverside,MS,False,attack,Not fleeing,False
5717,2021-02-04,shot,gun,41,M,W,Oakland,CA,False,attack,Not fleeing,False
5718,2021-02-04,shot,knife,47,M,W,Georgetown,NM,False,attack,Not fleeing,True
5719,2021-02-05,shot,undetermined,42,M,W,Lincoln,MS,False,undetermined,Not fleeing,False
5720,2021-02-05,shot,unarmed,34,M,B,Madison,WA,False,attack,Not fleeing,False
5721,2021-02-06,shot,other,34,M,H,Georgetown,OH,False,attack,Not fleeing,False
5722,2021-02-06,shot,gun,54,M,O,Denver,CO,False,other,Foot,False
5723,2021-02-06,shot,gun,63,M,W,Lincoln,MI,False,attack,Car,False
5724,2021-02-07,shot,gun,24,M,B,San Francisco,CA,True,attack,Not fleeing,False
5725,2021-02-07,shot,gun,45,M,O,Madison,MO,False,other,Foot,False
5726,2021-02-07,shot,knife,50,M,W,Madison,OK,False,undetermined,Not fleeing,False
5727,2021-02-08,shot,gun,44,M,H,Springfield,IN,True,attack,Car,False
5728,2021-02-08,shot,gun,26,M,H,Georgetown,VA,True,attack,Not fleeing,False
5729,2021-02-09,shot,knife,49,M,W,Madison,TN,False,attack,Car,False
5730,2021-02-09,shot,gun,59,M,A,Los Angeles,CA,False,attack,Car,False
5731,2021-02-09,shot,gun,31,F,H,Denver,CO,False,attack,Foot,False
5732,2021-02-10,shot,undetermined,34,M,W,Dallas,TX,False,attack,Car,False
5733,2021-02-10,shot,vehicle,44,M,W,Springfield,NM,False,attack,Not fleeing,True
5734,2021-02-11,shot,knife,40,M,W,Lincoln,IL,False,undetermined,Not fleeing,False
5735,2021-02-11,shot,knife,34,M,W,Madison,MD,False,attack,Car,False
5736,2021-02-11,shot,gun,28,M,B,Lincoln,TN,False,other,Foot,False
5737,2021-02-12,shot,gun,35,M,B,Springfield,WA,True,attack,Not fleeing,True
5738,2021-02-12,shot,gun,22,M,W,Houston,TX,False,other,Not fleeing,False
5739,2021-02-13,shot,unarmed,51,M,N,Scottsdale,AZ,False,attack,Foot,False
5740,2021-02-13,shot,gun,32,M,W,Dallas,TX,False,attack,Other,False
5741,2021-02-13,shot,knife,54,M,W,Springfield,NV,False,undetermined,Not fleeing,False
5742,2021-02-14,shot,gun,38,M,W,Austin,TX,False,other,Not fleeing,False
5743,2021-02-14,shot,vehicle,43,M,B,Lincoln,OK,True,other,Not fleeing,False
5744,2021-02-15,shot,gun,25,M,W,Madison,OK,False,other,Foot,True
5745,2021-02-15,shot,knife,52,M,W,Riverside,OH,True,undetermined,Not fleeing,False
5746,2021-02-15,shot,unarmed,85,M,W,Fort Worth,TX,False,attack,Not fleeing,False
5747,2021-02-16,shot,knife,36,M,H,Scottsdale,AZ,True,attack,Not fleeing,False
5748,2021-02-16,shot,knife,43,M,O,Mesa,AZ,False,other,Car,False
5749,2021-02-16,shot,gun,44,M,W,Georgetown,OK,False,attack,Not fleeing,False
5750,2021-02-17,shot,gun,27,M,W,San Diego,CA,False,attack,Not fleeing,False
5751,2021-02-17,shot,gun,29,M,B,Madison,AL,False,attack,Foot,False
5752,2021-02-18,shot,gun,49,M,H,Riverside,MD,True,other,Other,False
5753,2021-02-18,shot,knife,31,M,W,Houston,TX,False,other,Car,True
5754,2021-02-18,shot and Tasered,other,38,M,N,Riverside,NV,False,undetermined,Not fleeing,False
5755,2021-02-19,shot,gun,43,M,B,Georgetown,TN,False,attack,Not fleeing,False
5756,2021-02-19,shot,knife,50,M,B,Riverside,IL,False,attack,Not fleeing,False
5757,2021-02-20,shot,knife,38,M,B,Houston,TX,False,attack,Not fleeing,False
5758,2021-02-20,shot,other,39,M,O,Dallas,TX,True,undetermined,Not fleeing,False
5759,2021-02-20,shot,vehicle,85,M,H,Orlando,FL,False,attack,Not fleeing,False
5760,2021-02-21,shot,knife,57,M,W,Colorado Springs,CO,False,other,Car,True
5761,2021-02-21,shot,gun,36,M,W,Lincoln,SC,False,other,Car,False
5762,2021-02-22,shot,gun,39,M,B,Lincoln,IL,False,other,Not fleeing,False
5763,2021-02-22,shot,gun,76,F,W,Riverside,KY,False,other,Not fleeing,False
5764,2021-02-22,shot,unarmed,50,M,H,Los Angeles,CA,False,attack,Car,False
5765,2021-02-23,shot,gun,60,M,H,Los Angeles,CA,False,attack,Not fleeing,False
5766,2021-02-23,shot,gun,36,M,H,Springfield,OK,False,other,Not fleeing,True
5767,2021-02-23,shot,other,35,M,O,Miami,FL,True,attack,Not fleeing,False
5768,2021-02-24,shot,unarmed,69,M,W,Mesa,AZ,False,attack,Not fleeing,False
5769,2021-02-24,shot,vehicle,40,M,A,Riverside,NY,True,attack,Car,True
5770,2021-02-25,shot,gun,40,F,H,San Francisco,CA,False,attack,Car,False
5771,2021-02-25,shot,gun,35,M,W,Madison,PA,True,attack,Not fleeing,False
5772,2021-02-25,shot,gun,59,M,H,Phoenix,AZ,False,undetermined,Car,False
5773,2021-02-26,shot,vehicle,44,M,W,Georgetown,PA,False,other,Not fleeing,False
5774,2021-02-26,shot,gun,28,M,H,Georgetown,AR,False,attack,Not fleeing,False
5775,2021-02-27,shot,gun,34,M,B,San Antonio,TX,False,attack,Car,False
5776,2021-02-27,shot,vehicle,64,M,W,Georgetown,IN,False,undetermined,Car,False
5777,2021-02-27,shot,gun,44,M,B,Lincoln,NY,False,undetermined,Not fleeing,False
5778,2021-02-28,shot,knife,59,M,B,Riverside,KY,True,other,Not fleeing,False
5779,2021-02-28,shot,vehicle,47,M,W,Fort Worth,TX,False,attack,Not fleeing,False
5780,2021-03-01,shot,knife,30,M,W,Lincoln,MO,True,other,Not fleeing,False
5781,2021-03-01,shot,other,49,M,W,Riverside,GA,False,attack,Not fleeing,False
5782,2021-03-01,shot,gun,40,M,B,Lincoln,VA,False,attack,Not fleeing,True
5783,2021-03-02,shot,gun,34,M,A,Riverside,MO,False,attack,Car,True
5784,2021-03-02,shot and Tasered,gun,35,M,O,Riverside,OH,False,attack,Car,False
5785,2021-03-02,shot,gun,58,M,B,Georgetown,KY,False,undetermined,Not fleeing,False
5786,2021-03-03,shot,unarmed,45,M,H,Madison,GA,False,other,Not fleeing,False
5787,2021-03-03,shot,other,43,M,W,Fort Lauderdale,FL,False,attack,Foot,False
5788,2021-03-04,shot,other,72,M,H,Springfield,MO,False,other,Car,False
5789,2021-03-04,shot,gun,33,M,W,Lincoln,PA,False,attack,Not fleeing,False
5790,2021-03-04,shot,knife,40,M,W,Springfield,NC,False,other,Car,False
5791,2021-03-05,shot,knife,33,M,B,Riverside,OH,False,other,Foot,False
5792,2021-03-05,shot,gun,48,M,W,Georgetown,WI,False,attack,Not fleeing,False
5793,2021-03-06,shot,gun,44,M,H,Springfield,IL,True,other,Car,False
5794,2021-03-06,shot,gun,36,M,H,Los Angeles,CA,False,attack,Not fleeing,False
5795,2021-03-06,shot,gun,38,M,W,Houston,TX,False,attack,Not fleeing,False
5796,2021-03-07,shot,gun,56,M,W,Riverside,MN,True,attack,Not fleeing,False
5797,2021-03-07,shot,undetermined,62,M,H,Riverside,NV,False,attack,Not fleeing,False
5798,2021-03-08,shot,vehicle,34,M,H,Riverside,KY,False,other,Foot,False
5799,2021-03-08,shot,knife,85,M,W,Phoenix,AZ,False,attack,Foot,True
5800,2021-03-08,shot,gun,27,M,W,Lincoln,IL,False,other,Not fleeing,True
5801,2021-03-09,shot,knife,29,M,B,Georgetown,NV,False,attack,Not fleeing,False
5802,2021-03-09,shot,knife,37,M,B,Tempe,AZ,False,undetermined,Car,False
5803,2021-03-09,shot,gun,32,M,W,Riverside,NY,False,other,Not fleeing,True
5804,2021-03-10,shot,knife,31,M,W,Springfield,PA,False,attack,Not fleeing,False
5805,2021-03-10,shot,unarmed,61,M,A,Lincoln,OH,False,other,Not fleeing,False
5806,2021-03-11,shot,vehicle,49,M,B,Madison,AL,False,attack,Not fleeing,False
5807,2021-03-11,shot,gun,42,M,O,Riverside,AR,True,attack,Car,False
5808,2021-03-11,shot,gun,34,F,H,Madison,AR,False,other,Not fleeing,False
5809,2021-03-12,shot,gun,30,M,O,Georgetown,SC,False,attack,Not fleeing,False
5810,2021-03-12,shot,other,29,M,W,Georgetown,OH,False,attack,Not fleeing,False
5811,2021-03-13,shot,unarmed,61,M,H,Lincoln,GA,False,other,Not fleeing,False
5812,2021-03-13,shot,gun,60,M,W,Lincoln,AL,False,attack,Car,False
5813,2021-03-13,shot,vehicle,37,M,B,Madison,OH,False,attack,Not fleeing,True
5814,2021-03-14,shot,gun,26,M,B,Fort Lauderdale,FL,True,attack,Not fleeing,True
5815,2021-03-14,shot,gun,51,M,W,Lincoln,WA,False,attack,Not fleeing,False
5816,2021-03-15,shot,unarmed,38,M,A,Austin,TX,False,undetermined,Not fleeing,False
5817,2021-03-15,Tasered,gun,57,M,H,Georgetown,OK,False,attack,Not fleeing,False
5818,2021-03-15,shot,gun,29,F,W,Tempe,AZ,True,attack,Other,False
5819,2021-03-16,shot,gun,42,M,B,Miami,FL,False,attack,Car,False
5820,2021-03-16,shot,gun,28,M,W,Lincoln,WI,True,undetermined,Foot,True
5821,2021-03-16,shot,unarmed,32,M,W,Madison,VA,False,attack,Not fleeing,False
5822,2021-03-17,shot,unarmed,32,M,H,Riverside,VA,True,attack,Car,False
5823,2021-03-17,shot,unarmed,37,M,W,Riverside,PA,False,attack,Foot,True
5824,2021-03-18,shot and Tasered,gun,63,M,O,Georgetown,AR,False,attack,Not fleeing,False
5825,2021-03-18,shot,vehicle,43,M,W,Madison,MD,False,attack,Foot,False
5826,2021-03-18,shot,gun,54,M,B,Springfield,MO,False,other,Not fleeing,True
5827,2021-03-19,shot,gun,42,M,B,Lincoln,WI,False,other,Car,False
5828,2021-03-19,shot,gun,36,M,W,Houston,TX,False,other,Car,False
5829,2021-03-20,shot,gun,22,M,W,Madison,IN,False,attack,Not fleeing,False
5830,2021-03-20,shot,gun,29,M,H,Springfield,GA,True,attack,Other,False
5831,2021-03-20,shot,gun,41,M,H,Georgetown,NY,False,undetermined,Foot,False
5832,2021-03-21,shot,knife,43,M,W,Dallas,TX,False,other,Car,False
5833,2021-03-21,shot,gun,57,M,B,Georgetown,NY,False,attack,Not fleeing,False
5834,2021-03-22,shot,gun,24,M,W,Lincoln,MO,False,attack,Not fleeing,False
5835,2021-03-22,shot,gun,85,M,W,Georgetown,MI,False,attack,Not fleeing,False
5836,2021-03-22,shot,gun,22,M,B,Madison,MN,True,other,Foot,False
5837,2021-03-23,shot and Tasered,gun,40,M,W,Madison,WI,False,attack,Not fleeing,False
5838,2021-03-23,shot,undetermined,34,M,H,Fort Collins,CO,False,other,Car,True
5839,2021-03-24,shot,gun,30,M,H,Lincoln,MI,False,attack,Car,True
5840,2021-03-24,shot,other,70,M,O,Riverside,OH,False,attack,Not fleeing,False
5841,2021-03-24,shot,gun,34,M,H,Springfield,MS,False,attack,Not fleeing,False
5842,2021-03-25,shot,gun,24,M,O,Dallas,TX,False,undetermined,Not fleeing,False
5843,2021-03-25,shot,knife,27,M,B,Georgetown,WA,False,undetermined,Not fleeing,False
5844,2021-03-25,shot,vehicle,60,M,B,Springfield,WI,False,attack,Foot,False
5845,2021-03-26,shot,gun,28,M,O,Lincoln,IN,False,attack,Not fleeing,False
5846,2021-03-26,shot,gun,26,M,B,Madison,OK,False,undetermined,Not fleeing,True
5847,2021-03-27,Tasered,vehicle,44,M,W,Georgetown,SC,False,attack,Not fleeing,False
5848,2021-03-27,shot,other,37,M,H,Dallas,TX,False,attack,Not fleeing,False
5849,2021-03-27,shot,other,48,M,N,Lincoln,NV,False,other,Car,False
5850,2021-03-28,shot,knife,36,M,H,Springfield,PA,False,undetermined,Not fleeing,False
5851,2021-03-28,shot,vehicle,52,M,B,Los Angeles,CA,False,attack,Not fleeing,False
5852,2021-03-29,shot,unarmed,26,M,B,San Diego,CA,True,attack,Foot,False
5853,2021-03-29,shot,vehicle,25,M,O,Sacramento,CA,True,other,Car,False
5854,2021-03-29,shot,other,45,M,W,Lincoln,NV,False,attack,Not fleeing,False
5855,2021-03-30,shot,unarmed,37,M,B,Fort Worth,TX,True,attack,Other,True
5856,2021-03-30,shot,knife,35,M,W,Georgetown,OH,False,attack,Foot,False
5857,2021-03-31,shot,gun,51,M,B,Denver,CO,False,undetermined,Not fleeing,True
5858,2021-03-31,shot,knife,85,M,B,Riverside,NY,True,attack,Foot,False
5859,2021-03-31,shot,undetermined,25,M,W,Springfield,NV,False,attack,Not fleeing,False
5860,2021-04-01,shot,gun,64,M,W,Georgetown,OK,True,attack,Foot,False
5861,2021-04-01,shot,gun,51,M,B,Georgetown,WA,True,other,Other,False
5862,2021-04-01,shot,gun,35,M,W,Georgetown,OH,False,other,Car,False
5863,2021-04-02,shot,other,72,M,W,Springfield,GA,True,other,Not fleeing,False
5864,2021-04-02,shot,vehicle,27,M,H,Lincoln,MS,False,other,Foot,False
5865,2021-04-03,shot,gun,47,M,W,Tucson,AZ,False,other,Not fleeing,True
5866,2021-04-03,shot,gun,38,M,B,Orlando,FL,False,attack,Not fleeing,True
5867,2021-04-03,shot,knife,35,M,O,Georgetown,IL,False,other,Not fleeing,False
5868,2021-04-04,shot,gun,28,M,W,Aurora,CO,False,other,Not fleeing,False
5869,2021-04-04,shot,gun,85,M,W,Springfield,AR,False,other,Foot,False
5870,2021-04-05,shot,other,35,M,B,Scottsdale,AZ,True,other,Foot,True
5871,2021-04-05,shot,knife,21,M,H,Georgetown,OK,True,attack,Not fleeing,False
5872,2021-04-05,shot,knife,55,M,N,San Diego,CA,False,attack,Not fleeing,False
5873,2021-04-06,shot and Tasered,unarmed,46,M,N,Georgetown,GA,False,other,Not fleeing,False
5874,2021-04-06,shot and Tasered,gun,37,M,H,Aurora,CO,True,attack,Car,False
5875,2021-04-07,Tasered,gun,36,M,W,Riverside,AL,True,attack,Foot,True
5876,2021-04-07,shot,gun,40,M,W,Madison,WI,False,other,Not fleeing,False
5877,2021-04-07,shot,other,55,M,W,Riverside,OH,False,other,Not fleeing,False
5878,2021-04-08,shot,gun,46,M,W,Riverside,AL,False,other,Not fleeing,False
5879,2021-04-08,shot,vehicle,49,M,H,Springfield,OK,True,other,Not fleeing,False
5880,2021-04-08,shot,gun,49,M,B,Madison,WI,False,attack,Not fleeing,False
5881,2021-04-09,shot,unarmed,56,M,W,Lincoln,SC,False,attack,Not fleeing,False
5882,2021-04-09,shot,unarmed,62,M,H,Sacramento,CA,True,other,Not fleeing,False
5883,2021-04-10,shot and Tasered,gun,32,M,W,Madison,NV,False,other,Not fleeing,True
5884,2021-04-10,shot,gun,44,M,W,Springfield,NY,False,attack,Other,True
5885,2021-04-10,shot,gun,61,M,B,Sacramento,CA,False,other,Foot,False
5886,2021-04-11,shot and Tasered,gun,32,M,W,Fort Lauderdale,FL,False,attack,Foot,True
5887,2021-04-11,shot,undetermined,66,M,W,Lincoln,KY,False,attack,Not fleeing,False
5888,2021-04-12,shot,gun,32,M,W,Springfield,KY,False,other,Foot,False
5889,2021-04-12,shot,gun,47,M,W,Riverside,SC,True,other,Other,False
5890,2021-04-12,shot,undetermined,37,M,H,Riverside,MN,False,attack,Not fleeing,False
5891,2021-04-13,shot,undetermined,35,M,N,Riverside,SC,False,other,Not fleeing,False
5892,2021-04-13,shot,knife,48,M,W,Los Angeles,CA,False,other,Car,False
5893,2021-04-14,shot,unarmed,62,M,W,Tucson,AZ,True,other,Car,False
5894,2021-04-14,shot,gun,37,M,H,San Francisco,CA,True,attack,Foot,False
5895,2021-04-14,shot,gun,64,M,O,Los Angeles,CA,True,attack,Not fleeing,False
5896,2021-04-15,shot,gun,32,M,W,Fort Lauderdale,FL,True,other,Not fleeing,False
5897,2021-04-15,shot,gun,62,M,W,Lincoln,WA,False,other,Not fleeing,False
5898,2021-04-15,shot,gun,42,M,H,Springfield,AR,True,undetermined,Not fleeing,False
5899,2021-04-16,shot,gun,46,M,B,Springfield,MS,False,attack,Not fleeing,False
5900,2021-04-16,shot,gun,28,M,W,Madison,PA,False,undetermined,Not fleeing,False
5901,2021-04-17,shot,gun,35,M,B,Riverside,KY,False,attack,Not fleeing,False
5902,2021-04-17,shot,gun,40,M,W,Georgetown,WA,True,attack,Not fleeing,False
5903,2021-04-17,shot,other,59,M,B,Madison,NM,False,attack,Car,False
5904,2021-04-18,shot,other,38,M,B,Georgetown,NC,False,undetermined,Not fleeing,False
5905,2021-04-18,shot,gun,31,M,A,Orlando,FL,False,attack,Car,False
5906,2021-04-19,shot,gun,44,M,B,Riverside,KY,False,attack,Not fleeing,False
5907,2021-04-19,shot,undetermined,80,M,W,Riverside,GA,False,attack,Not fleeing,False
5908,2021-04-19,shot,gun,46,M,W,Lincoln,WA,False,attack,Not fleeing,False
5909,2021-04-20,shot,other,38,M,A,Tempe,AZ,False,other,Other,False
5910,2021-04-20,shot,gun,44,M,W,Georgetown,TN,False,undetermined,Not fleeing,False
5911,2021-04-21,shot,gun,31,M,W,Madison,MI,False,attack,Not fleeing,False
5912,2021-04-21,shot,vehicle,68,M,W,Los Angeles,CA,True,attack,Car,False
5913,2021-04-21,shot,gun,67,M,H,Riverside,OR,False,other,Not fleeing,False
5914,2021-04-22,shot,gun,30,M,B,San Francisco,CA,False,attack,Foot,False
5915,2021-04-22,shot,unarmed,67,M,W,Aurora,CO,False,undetermined,Foot,False
5916,2021-04-23,shot,other,44,M,W,Fort Worth,TX,False,attack,Foot,False
5917,2021-04-23,shot,knife,52,M,H,Lincoln,MD,False,undetermined,Car,False
5918,2021-04-23,shot,unarmed,41,M,B,Oakland,CA,True,attack,Not fleeing,True
5919,2021-04-24,shot,other,42,M,H,Lincoln,NY,False,attack,Not fleeing,True
5920,2021-04-24,shot,gun,33,M,A,Scottsdale,AZ,False,other,Not fleeing,False
5921,2021-04-24,shot,gun,30,M,N,Fort Worth,TX,False,other,Foot,False
5922,2021-04-25,shot,gun,30,M,W,Riverside,MD,True,attack,Car,False
5923,2021-04-25,shot,gun,60,M,O,Austin,TX,False,attack,Other,False
5924,2021-04-26,shot,vehicle,43,M,W,Tampa,FL,True,other,Car,False
5925,2021-04-26,shot,gun,31,M,W,Tampa,FL,False,attack,Not fleeing,True
5926,2021-04-26,shot,gun,42,M,A,Lincoln,MO,False,other,Not fleeing,False
5927,2021-04-27,shot,gun,24,F,W,Riverside,TN,False,attack,Not fleeing,False
5928,2021-04-27,shot,gun,31,M,W,Sacramento,CA,False,other,Not fleeing,False
5929,2021-04-28,shot,gun,62,M,W,Tampa,FL,False,undetermined,Car,False
5930,2021-04-28,shot,gun,34,M,B,Madison,NC,True,attack,Not fleeing,False
5931,2021-04-28,shot,undetermined,59,M,W,Tempe,AZ,False,other,Car,False
5932,2021-04-29,shot,vehicle,40,M,H,Riverside,NM,True,attack,Car,False
5933,2021-04-29,shot,unarmed,52,M,A,Georgetown,VA,False,other,Car,False
5934,2021-04-30,shot,unarmed,28,M,B,Springfield,PA,False,attack,Other,False
5935,2021-04-30,shot and Tasered,other,49,M,W,Fort Collins,CO,False,attack,Car,False
5936,2021-04-30,shot,gun,21,M,O,Georgetown,OK,True,other,Foot,False
5937,2021-05-01,shot,undetermined,35,M,W,Riverside,AR,False,other,Not fleeing,False
5938,2021-05-01,shot,gun,64,M,W,Lincoln,MO,False,attack,Foot,False
5939,2021-05-01,shot,gun,41,M,W,Lincoln,VA,False,attack,Not fleeing,False
5940,2021-05-02,shot,knife,30,M,B,Lincoln,IL,False,attack,Not fleeing,False
5941,2021-05-02,shot,gun,62,M,W,Lincoln,LA,False,attack,Other,False
5942,2021-05-03,shot,gun,84,M,W,Scottsdale,AZ,True,attack,Not fleeing,False
5943,2021-05-03,shot,gun,38,M,W,Riverside,IL,False,other,Not fleeing,False
5944,2021-05-03,shot,gun,25,M,W,Houston,TX,False,undetermined,Not fleeing,False
5945,2021-05-04,shot,unarmed,41,M,B,Madison,VA,True,other,Not fleeing,False
5946,2021-05-04,shot,gun,53,M,H,Springfield,SC,False,attack,Car,False
5947,2021-05-05,shot,vehicle,38,M,H,Madison,AL,True,undetermined,Not fleeing,False
5948,2021-05-05,shot,gun,22,M,W,Georgetown,OH,False,attack,Not fleeing,False
5949,2021-05-05,shot,gun,51,M,W,Austin,TX,False,other,Foot,False
5950,2021-05-06,shot,gun,32,M,O,Oakland,CA,False,attack,Not fleeing,False
5951,2021-05-06,shot,unarmed,35,M,W,Georgetown,IL,False,other,Not fleeing,False
5952,2021-05-07,shot,other,25,M,A,Madison,NM,False,attack,Not fleeing,False
5953,2021-05-07,Tasered,gun,20,M,W,Riverside,TN,False,attack,Not fleeing,False
5954,2021-05-07,shot,other,28,M,O,Austin,TX,False,other,Not fleeing,True
5955,2021-05-08,shot,vehicle,34,M,W,Georgetown,IN,True,undetermined,Foot,False
5956,2021-05-08,shot,gun,34,M,W,Springfield,MN,False,attack,Not fleeing,False
5957,2021-05-08,shot,gun,69,M,H,Lincoln,NC,False,attack,Not fleeing,False
5958,2021-05-09,shot and Tasered,unarmed,29,M,B,Riverside,MO,False,attack,Car,True
5959,2021-05-09,shot,gun,57,M,W,Lincoln,VA,False,undetermined,Not fleeing,False
5960,2021-05-10,Tasered,gun,43,M,B,Georgetown,IL,True,undetermined,Not fleeing,True
5961,2021-05-10,shot,gun,73,M,H,Springfield,WI,True,attack,Not fleeing,False
5962,2021-05-10,shot,gun,40,M,W,Oakland,CA,False,attack,Not fleeing,False
5963,2021-05-11,shot,gun,22,M,W,Riverside,LA,False,attack,Not fleeing,False
5964,2021-05-11,shot,knife,39,M,B,Madison,OK,False,attack,Car,False
5965,2021-05-12,shot,vehicle,20,M,W,Springfield,NM,False,attack,Not fleeing,False
5966,2021-05-12,shot and Tasered,vehicle,28,M,B,Riverside,NM,False,attack,Car,False
5967,2021-05-12,shot,knife,39,M,W,Riverside,MN,False,attack,Foot,False
5968,2021-05-13,shot,gun,39,M,W,Georgetown,WA,False,attack,Foot,False
5969,2021-05-13,shot,gun,57,M,W,Georgetown,AL,False,other,Foot,False
5970,2021-05-14,shot,undetermined,48,M,B,Georgetown,NC,False,other,Not fleeing,True
5971,2021-05-14,shot,gun,70,M,W,Madison,NC,False,other,Other,True
5972,2021-05-14,shot,knife,57,M,W,Jacksonville,FL,True,other,Not fleeing,False
5973,2021-05-15,shot,gun,54,M,W,Lincoln,AL,False,undetermined,Not fleeing,False
5974,2021-05-15,shot,gun,81,M,O,Georgetown,MN,False,attack,Not fleeing,True
5975,2021-05-15,shot,gun,56,M,W,Fort Lauderdale,FL,False,attack,Foot,False
5976,2021-05-16,shot,vehicle,65,M,H,San Diego,CA,False,attack,Other,True
5977,2021-05-16,shot,knife,24,M,W,Lincoln,AL,False,attack,Not fleeing,False
5978,2021-05-17,shot,knife,37,M,W,Madison,PA,True,other,Not fleeing,True
5979,2021-05-17,shot,undetermined,47,M,B,Riverside,WI,False,attack,Not fleeing,False
5980,2021-05-17,shot,gun,42,M,B,Jacksonville,FL,False,other,Not fleeing,False
5981,2021-05-18,shot,gun,32,M,O,Oakland,CA,False,other,Not fleeing,True
5982,2021-05-18,shot,gun,54,M,O,Springfield,OH,False,other,Not fleeing,False
5983,2021-05-19,shot,gun,59,M,H,San Francisco,CA,False,other,Foot,False
5984,2021-05-19,shot and Tasered,undetermined,40,M,B,Miami,FL,False,attack,Not fleeing,True
5985,2021-05-19,shot,undetermined,37,M,B,San Antonio,TX,True,other,Not fleeing,False
5986,2021-05-20,shot,knife,34,M,W,Tampa,FL,True,other,Not fleeing,False
5987,2021-05-20,shot,knife,55,M,O,San Diego,CA,False,other,Foot,False
5988,2021-05-21,shot,undetermined,37,M,B,Georgetown,WI,False,attack,Car,False
5989,2021-05-21,shot,knife,41,M,B,Tampa,FL,False,attack,Not fleeing,False
5990,2021-05-21,shot,gun,63,M,W,Springfield,NC,False,attack,Car,False
5991,2021-05-22,shot,knife,45,M,W,Riverside,OR,False,attack,Not fleeing,False
5992,2021-05-22,shot,vehicle,41,M,O,Georgetown,OK,False,attack,Not fleeing,True
5993,2021-05-22,shot,knife,33,M,W,Riverside,PA,False,attack,Not fleeing,False
5994,2021-05-23,shot,gun,41,F,W,Madison,NV,False,undetermined,Foot,True
5995,2021-05-23,shot,gun,32,M,W,Lincoln,AL,False,attack,Foot,False
5996,2021-05-24,shot,gun,44,M,H,Georgetown,NM,False,other,Not fleeing,False
5997,2021-05-24,shot,gun,35,M,W,Madison,PA,False,other,Car,False
5998,2021-05-24,shot,gun,36,M,H,Georgetown,NM,False,other,Car,True
5999,2021-05-25,shot,gun,41,M,W,Lincoln,NY,False,attack,Foot,False
6000,2021-05-25,shot,gun,74,M,A,Miami,FL,False,other,Not fleeing,False
6001,2021-05-26,shot,gun,47,M,H,Springfield,NM,False,other,Not fleeing,False
6002,2021-05-26,shot,other,28,M,W,Springfield,NY,False,undetermined,Not fleeing,False
6003,2021-05-26,shot,gun,37,M,B,Lincoln,OR,False,attack,Not fleeing,False
6004,2021-05-27,shot,gun,34,M,W,San Francisco,CA,False,other,Foot,False
6005,2021-05-27,shot,gun,33,M,W,Lincoln,GA,False,other,Not fleeing,False
6006,2021-05-28,shot,gun,34,M,H,Lincoln,IN,False,attack,Not fleeing,False
6007,2021-05-28,shot,knife,37,M,W,Tampa,FL,False,other,Foot,False
6008,2021-05-28,shot,gun,32,M,W,Springfield,IN,True,attack,Car,True
6009,2021-05-29,shot,knife,32,M,W,Georgetown,WI,False,attack,Not fleeing,False
6010,2021-05-29,shot,gun,34,M,W,Riverside,NM,False,undetermined,Not fleeing,False
6011,2021-05-30,shot and Tasered,gun,33,M,A,Georgetown,LA,False,attack,Not fleeing,False
6012,2021-05-30,shot,knife,31,M,W,Madison,TN,True,other,Not fleeing,False
6013,2021-05-30,shot,undetermined,50,M,O,Madison,MS,True,attack,Car,True
6014,2021-05-31,shot and Tasered,gun,36,M,O,Riverside,VA,False,attack,Not fleeing,False
6015,2021-05-31,shot,unarmed,38,M,W,Georgetown,PA,True,undetermined,Not fleeing,False
6016,2021-05-31,shot,unarmed,37,M,W,Riverside,MN,False,attack,Not fleeing,True
6017,2021-06-01,shot,gun,33,M,A,Riverside,OK,True,attack,Car,True
6018,2021-06-01,shot,undetermined,30,M,W,Springfield,MN,False,attack,Foot,False
6019,2021-06-02,shot,knife,52,M,W,Oakland,CA,False,attack,Not fleeing,False
6020,2021-06-02,shot,gun,31,M,W,Houston,TX,False,attack,Not fleeing,False
6021,2021-06-02,shot,other,31,M,B,Springfield,NC,False,other,Foot,False
6022,2021-06-03,shot,gun,58,M,H,Springfield,GA,False,other,Not fleeing,False
6023,2021-06-03,shot,gun,34,M,W,Lincoln,VA,False,attack,Not fleeing,True
6024,2021-06-04,shot and Tasered,gun,41,M,W,San Antonio,TX,False,other,Not fleeing,False
6025,2021-06-04,shot,knife,36,M,O,Madison,MN,False,other,Not fleeing,False
6026,2021-06-04,shot,knife,40,M,H,Scottsdale,AZ,False,other,Not fleeing,False
6027,2021-06-05,shot,gun,68,M,B,Riverside,NC,True,undetermined,Not fleeing,False
6028,2021-06-05,shot,gun,32,M,H,Fort Lauderdale,FL,False,undetermined,Foot,False
6029,2021-06-06,shot,gun,50,M,W,Georgetown,LA,False,attack,Not fleeing,True
6030,2021-06-06,shot,gun,52,M,H,Oakland,CA,True,attack,Not fleeing,False
6031,2021-06-06,shot,unarmed,51,M,W,Houston,TX,False,other,Car,False
6032,2021-06-07,shot,vehicle,67,M,W,Georgetown,IL,True,attack,Car,False
6033,2021-06-07,shot,gun,22,M,H,Fort Worth,TX,True,undetermined,Other,False
6034,2021-06-07,shot,gun,26,M,W,Fort Lauderdale,FL,False,attack,Other,True
6035,2021-06-08,shot,gun,30,M,O,Madison,SC,False,attack,Not fleeing,False
6036,2021-06-08,shot,gun,35,M,W,Sacramento,CA,True,attack,Car,False
6037,2021-06-09,shot,vehicle,44,M,O,Riverside,NC,False,other,Not fleeing,False
6038,2021-06-09,shot,gun,31,M,O,Sacramento,CA,False,other,Not fleeing,False
6039,2021-06-09,shot,gun,31,M,W,Boulder,CO,False,undetermined,Not fleeing,False
6040,2021-06-10,shot,knife,42,M,H,Riverside,OK,False,attack,Car,False
6041,2021-06-10,shot,other,48,M,W,San Francisco,CA,False,other,Not fleeing,False
6042,2021-06-11,shot,gun,40,M,N,Lincoln,NM,False,other,Not fleeing,True
6043,2021-06-11,shot,gun,49,M,B,Lincoln,OR,False,other,Not fleeing,False
6044,2021-06-11,shot,other,25,M,H,Sacramento,CA,False,attack,Car,True
6045,2021-06-12,shot,gun,32,M,B,Lincoln,MI,True,attack,Not fleeing,False
6046,2021-06-12,shot,vehicle,30,M,W,Phoenix,AZ,False,attack,Car,False
6047,2021-06-13,shot,vehicle,34,M,W,San Diego,CA,False,other,Foot,False
6048,2021-06-13,shot,gun,40,M,W,San Diego,CA,False,attack,Not fleeing,False
6049,2021-06-13,shot,gun,23,M,H,Georgetown,GA,False,attack,Foot,False
6050,2021-06-14,shot,gun,34,M,B,Springfield,PA,False,undetermined,Not fleeing,False
6051,2021-06-14,shot,vehicle,32,M,B,Tucson,AZ,True,attack,Car,False
6052,2021-06-14,shot,unarmed,25,F,W,Lincoln,AR,True,undetermined,Not fleeing,False
6053,2021-06-15,shot,knife,49,M,B,Georgetown,NV,True,attack,Foot,False
6054,2021-06-15,shot,gun,40,M,W,Colorado Springs,CO,False,other,Other,False
6055,2021-06-16,shot,gun,34,M,H,Madison,IL,True,other,Not fleeing,False
6056,2021-06-16,shot,gun,72,M,O,Riverside,IN,False,attack,Not fleeing,False
6057,2021-06-16,shot,undetermined,26,M,W,Sacramento,CA,False,attack,Car,True
6058,2021-06-17,shot,unarmed,73,M,W,Scottsdale,AZ,True,other,Not fleeing,True
6059,2021-06-17,shot and Tasered,gun,37,M,W,Madison,OH,False,other,Other,False
6060,2021-06-18,shot,gun,31,M,B,Lincoln,WA,True,other,Foot,False
6061,2021-06-18,shot,vehicle,34,M,B,Springfield,NY,False,attack,Foot,False
6062,2021-06-18,shot,gun,35,M,H,Tempe,AZ,False,other,Car,True
6063,2021-06-19,shot,gun,77,M,W,Madison,TN,False,attack,Not fleeing,False
6064,2021-06-19,shot,gun,45,M,H,Madison,TN,True,other,Foot,False
6065,2021-06-20,shot,gun,28,M,B,Riverside,LA,False,other,Not fleeing,False
6066,2021-06-20,shot,gun,52,M,W,San Diego,CA,False,attack,Not fleeing,False
6067,2021-06-20,shot,gun,36,M,B,Georgetown,OH,False,attack,Not fleeing,False
6068,2021-06-21,shot,gun,19,M,W,Denver,CO,False,attack,Not fleeing,False
6069,2021-06-21,shot,gun,51,M,B,Riverside,OH,False,other,Not fleeing,True
6070,2021-06-21,shot,gun,52,M,A,Georgetown,KY,True,other,Car,False
6071,2021-06-22,shot,gun,36,M,W,Madison,OH,False,attack,Car,False
6072,2021-06-22,shot,gun,33,F,H,Sacramento,CA,False,undetermined,Not fleeing,False
6073,2021-06-23,shot and Tasered,gun,54,M,B,Lincoln,NC,False,undetermined,Other,False
6074,2021-06-23,shot,gun,32,M,W,Georgetown,AL,False,other,Car,False
6075,2021-06-23,shot,other,58,F,B,Springfield,VA,False,other,Not fleeing,False
6076,2021-06-24,shot,gun,32,M,B,Lincoln,WA,False,attack,Not fleeing,False
6077,2021-06-24,shot,gun,39,M,W,Fort Lauderdale,FL,False,attack,Not fleeing,True
6078,2021-06-25,shot,gun,46,M,W,Riverside,OH,False,other,Not fleeing,False
6079,2021-06-25,shot,unarmed,43,M,W,Madison,LA,False,attack,Not fleeing,False
6080,2021-06-25,shot,gun,32,M,W,Springfield,MI,False,attack,Not fleeing,True
6081,2021-06-26,shot,gun,45,M,W,Springfield,TN,False,other,Not fleeing,False
6082,2021-06-26,shot,undetermined,51,M,W,Riverside,OK,False,attack,Other,False
6083,2021-06-27,shot,gun,29,M,W,Springfield,OH,False,attack,Not fleeing,False
6084,2021-06-27,shot,other,47,M,O,Boulder,CO,True,attack,Not fleeing,False
6085,2021-06-27,shot,unarmed,38,M,W,Springfield,AL,True,other,Car,False
6086,2021-06-28,shot,knife,29,M,H,Springfield,OH,False,other,Not fleeing,False
6087,2021-06-28,shot,knife,45,M,B,Springfield,MI,False,attack,Car,False
6088,2021-06-28,shot,gun,53,M,H,Georgetown,OH,False,attack,Car,False
6089,2021-06-29,shot,vehicle,33,M,W,San Diego,CA,False,attack,Not fleeing,False
6090,2021-06-29,shot and Tasered,gun,45,M,O,Lincoln,OK,True,attack,Not fleeing,False
6091,2021-06-30,shot,gun,35,M,B,Los Angeles,CA,False,attack,Not fleeing,True
6092,2021-06-30,shot,gun,49,F,H,Orlando,FL,True,attack,Foot,False
6093,2021-06-30,shot and Tasered,gun,57,M,W,Colorado Springs,CO,False,attack,Car,True
6094,2021-07-01,shot,gun,44,M,W,Georgetown,IL,False,other,Foot,False
6095,2021-07-01,shot,gun,51,M,B,Madison,OH,False,undetermined,Foot,False
6096,2021-07-02,shot,gun,54,M,W,Los Angeles,CA,False,other,Not fleeing,False
6097,2021-07-02,shot,gun,33,M,B,Georgetown,PA,False,attack,Car,False
6098,2021-07-02,shot,vehicle,35,M,W,Lincoln,GA,True,other,Foot,False
6099,2021-07-03,shot,gun,46,M,B,Madison,KY,False,other,Car,False
6100,2021-07-03,shot,gun,62,M,O,Madison,WA,True,attack,Not fleeing,False
6101,2021-07-04,shot,knife,27,M,B,Georgetown,NV,False,attack,Not fleeing,False
6102,2021-07-04,shot,unarmed,48,M,H,Orlando,FL,True,attack,Not fleeing,False
6103,2021-07-04,shot,gun,60,M,B,Madison,MD,False,attack,Not fleeing,False
6104,2021-07-05,shot,other,38,M,B,Riverside,NV,False,other,Not fleeing,True
6105,2021-07-05,shot,gun,40,M,O,Madison,OR,False,attack,Not fleeing,True
6106,2021-07-06,shot,gun,40,M,A,San Diego,CA,False,attack,Not fleeing,False
6107,2021-07-06,shot,knife,39,M,H,Madison,NC,True,other,Foot,False
6108,2021-07-06,shot,gun,31,M,W,Lincoln,OK,False,attack,Not fleeing,False
6109,2021-07-07,shot and Tasered,undetermined,38,M,B,San Francisco,CA,False,attack,Not fleeing,False
6110,2021-07-07,shot,gun,32,M,W,Lincoln,GA,False,other,Foot,False
6111,2021-07-07,shot,knife,50,M,W,Riverside,IN,False,attack,Car,True
6112,2021-07-08,shot,gun,24,M,B,Lincoln,NC,False,attack,Car,False
6113,2021-07-08,shot,gun,53,M,H,Lincoln,MN,False,attack,Car,False
6114,2021-07-09,shot,knife,56,M,A,Sacramento,CA,True,attack,Foot,False
6115,2021-07-09,shot,vehicle,43,M,W,Georgetown,NV,False,other,Foot,True
6116,2021-07-09,shot,other,71,M,W,Lincoln,LA,True,attack,Foot,False
6117,2021-07-10,shot,gun,46,M,A,Madison,WA,False,other,Car,False
6118,2021-07-10,shot,gun,44,M,W,Springfield,MN,False,attack,Not fleeing,False
6119,2021-07-11,shot,undetermined,24,M,B,Austin,TX,False,undetermined,Not fleeing,False
6120,2021-07-11,shot,gun,58,M,W,Springfield,OR,False,undetermined,Car,False
6121,2021-07-11,shot,gun,30,M,W,Springfield,OK,False,attack,Not fleeing,False
6122,2021-07-12,shot,gun,29,M,O,Tampa,FL,False,attack,Foot,False
6123,2021-07-12,shot,other,43,M,W,Springfield,OR,False,other,Not fleeing,False
6124,2021-07-13,shot,gun,32,M,W,Springfield,NC,False,attack,Foot,False
6125,2021-07-13,shot,vehicle,38,M,W,Springfield,AL,False,attack,Not fleeing,False
6126,2021-07-13,shot,gun,59,M,N,Riverside,GA,False,attack,Not fleeing,False
6127,2021-07-14,shot,gun,68,M,A,Lincoln,AR,False,attack,Not fleeing,False
6128,2021-07-14,shot,undetermined,33,M,W,Lincoln,PA,False,attack,Not fleeing,False
6129,2021-07-14,shot,gun,38,M,W,Houston,TX,True,other,Not fleeing,False
6130,2021-07-15,shot,gun,85,M,B,Madison,TN,False,attack,Not fleeing,False
6131,2021-07-15,shot and Tasered,gun,67,M,W,Dallas,TX,False,attack,Foot,True
6132,2021-07-16,shot,gun,55,M,B,Madison,GA,False,attack,Not fleeing,True
6133,2021-07-16,shot,vehicle,32,M,W,San Antonio,TX,False,other,Foot,False
6134,2021-07-16,shot,gun,34,M,W,Los Angeles,CA,False,other,Other,False
6135,2021-07-17,shot,gun,54,M,B,Fort Worth,TX,False,other,Not fleeing,False
6136,2021-07-17,shot,gun,23,M,W,Springfield,NY,False,undetermined,Car,False
6137,2021-07-18,shot,unarmed,58,M,H,Georgetown,OH,False,attack,Not fleeing,False
6138,2021-07-18,shot,vehicle,64,M,W,Riverside,WA,True,attack,Not fleeing,True
6139,2021-07-18,shot,vehicle,36,M,W,Fort Lauderdale,FL,False,undetermined,Not fleeing,False
6140,2021-07-19,shot,gun,68,M,O,Springfield,OK,True,attack,Not fleeing,False
6141,2021-07-19,shot,gun,47,M,W,Springfield,NV,False,other,Car,False
6142,2021-07-20,shot,gun,28,M,H,Aurora,CO,False,other,Not fleeing,False
6143,2021-07-20,shot,gun,42,F,W,Springfield,NM,False,undetermined,Not fleeing,False
6144,2021-07-20,shot,gun,33,M,B,Springfield,TN,False,attack,Foot,True
6145,2021-07-21,shot and Tasered,undetermined,44,M,H,Lincoln,NV,True,attack,Not fleeing,False
6146,2021-07-21,shot,other,27,M,W,Jacksonville,FL,False,attack,Car,False
6147,2021-07-21,shot,knife,70,M,H,San Diego,CA,False,attack,Other,False
6148,2021-07-22,shot,gun,49,M,B,Georgetown,MS,False,undetermined,Car,True
6149,2021-07-22,shot,gun,35,M,W,Georgetown,AL,False,attack,Not fleeing,False
6150,2021-07-23,shot,gun,44,M,B,Austin,TX,False,other,Not fleeing,False
6151,2021-07-23,shot,unarmed,40,M,B,Colorado Springs,CO,True,other,Not fleeing,False
6152,2021-07-23,shot,knife,71,M,W,Lincoln,TN,False,attack,Not fleeing,False
6153,2021-07-24,shot,knife,40,F,W,Riverside,TN,True,undetermined,Car,False
6154,2021-07-24,shot,unarmed,43,M,W,Georgetown,MS,True,undetermined,Foot,True
6155,2021-07-25,shot,undetermined,26,M,W,Austin,TX,False,other,Not fleeing,False
6156,2021-07-25,shot,gun,44,M,H,Springfield,NC,False,undetermined,Not fleeing,False
6157,2021-07-25,shot,gun,46,M,B,San Francisco,CA,False,attack,Foot,True
6158,2021-07-26,shot,other,29,M,O,Riverside,GA,True,attack,Car,False
6159,2021-07-26,shot,knife,52,M,W,San Francisco,CA,False,attack,Not fleeing,False
6160,2021-07-27,shot,unarmed,22,M,W,Georgetown,OR,False,undetermined,Foot,False
6161,2021-07-27,shot,gun,38,M,H,Madison,NY,True,other,Other,False
6162,2021-07-27,shot,gun,26,M,B,Springfield,AR,False,undetermined,Not fleeing,False
6163,2021-07-28,shot,gun,41,M,B,Sacramento,CA,False,attack,Not fleeing,False
6164,2021-07-28,shot,gun,36,M,W,Orlando,FL,False,attack,Foot,True
6165,2021-07-28,Tasered,undetermined,48,M,W,Fort Lauderdale,FL,False,other,Not fleeing,False
6166,2021-07-29,shot,gun,40,M,W,Riverside,GA,False,attack,Foot,False
6167,2021-07-29,shot,other,47,F,O,Lincoln,SC,False,undetermined,Not fleeing,False
6168,2021-07-30,shot,gun,42,M,W,Springfield,GA,False,attack,Not fleeing,False
6169,2021-07-30,shot,gun,59,M,A,Dallas,TX,False,other,Not fleeing,False
6170,2021-07-30,shot,gun,56,M,B,Oakland,CA,False,other,Not fleeing,False
6171,2021-07-31,shot,gun,32,M,W,Oakland,CA,False,other,Not fleeing,False
6172,2021-07-31,shot,knife,57,M,B,Madison,MD,False,other,Not fleeing,False
6173,2021-08-01,shot,gun,46,M,H,Georgetown,NC,False,attack,Not fleeing,False
6174,2021-08-01,shot,gun,61,M,A,Madison,NV,False,undetermined,Not fleeing,False
6175,2021-08-01,shot,vehicle,29,M,W,Springfield,OK,False,attack,Not fleeing,True
6176,2021-08-02,shot,gun,27,M,W,Austin,TX,False,attack,Not fleeing,False
6177,2021-08-02,shot,gun,28,M,W,San Antonio,TX,False,other,Other,True
6178,2021-08-03,shot,gun,68,M,W,Riverside,MD,False,other,Not fleeing,False
6179,2021-08-03,shot,knife,62,M,B,Riverside,NV,False,undetermined,Car,False
6180,2021-08-03,shot,undetermined,56,M,H,Lincoln,GA,False,undetermined,Not fleeing,False
6181,2021-08-04,shot,knife,27,M,W,Oakland,CA,True,attack,Not fleeing,False
6182,2021-08-04,shot,other,56,M,H,San Francisco,CA,False,attack,Not fleeing,False
6183,2021-08-05,shot,gun,27,M,B,Mesa,AZ,False,attack,Not fleeing,True
6184,2021-08-05,shot,gun,19,M,W,Sacramento,CA,False,attack,Car,False
6185,2021-08-05,shot,unarmed,36,M,W,Orlando,FL,False,attack,Other,False
6186,2021-08-06,shot,unarmed,38,M,H,Georgetown,NC,False,other,Not fleeing,False
6187,2021-08-06,shot,knife,65,M,H,Fort Worth,TX,True,undetermined,Not fleeing,False
6188,2021-08-06,shot,gun,29,M,B,San Francisco,CA,False,undetermined,Not fleeing,False
6189,2021-08-07,shot,gun,85,M,W,Lincoln,OR,True,attack,Foot,False
6190,2021-08-07,shot,gun,44,M,W,Springfield,MO,False,other,Not fleeing,True
6191,2021-08-08,shot,gun,39,M,W,Riverside,IN,False,other,Car,False
6192,2021-08-08,shot,gun,39,M,B,Boulder,CO,False,other,Not fleeing,False
6193,2021-08-08,shot and Tasered,vehicle,27,M,H,Springfield,OK,False,attack,Not fleeing,False
6194,2021-08-09,shot,gun,36,M,W,Austin,TX,False,attack,Not fleeing,True
6195,2021-08-09,shot,gun,45,M,H,Georgetown,PA,False,undetermined,Foot,False
6196,2021-08-10,shot,other,57,M,B,Austin,TX,False,other,Car,False
6197,2021-08-10,shot,gun,36,M,B,San Francisco,CA,False,other,Not fleeing,False
6198,2021-08-10,shot,gun,43,M,O,Lincoln,IN,True,other,Not fleeing,False
6199,2021-08-11,shot,knife,53,M,W,Georgetown,LA,True,attack,Not fleeing,False
6200,2021-08-11,shot,unarmed,36,M,N,Riverside,KY,False,attack,Not fleeing,False
6201,2021-08-12,shot,gun,58,F,W,Tempe,AZ,False,attack,Not fleeing,True
6202,2021-08-12,shot,unarmed,49,M,W,Tempe,AZ,False,other,Foot,False
6203,2021-08-12,shot,gun,54,M,H,Springfield,GA,False,attack,Not fleeing,False
6204,2021-08-13,shot,knife,23,M,N,Madison,NV,False,other,Foot,False
6205,2021-08-13,shot,gun,37,M,B,Lincoln,LA,False,attack,Foot,False
6206,2021-08-13,shot,gun,33,M,B,Lincoln,KY,False,attack,Not fleeing,False
6207,2021-08-14,shot,gun,22,M,H,Los Angeles,CA,False,other,Foot,False
6208,2021-08-14,shot,knife,75,M,H,Lincoln,NV,True,attack,Not fleeing,False
6209,2021-08-15,shot,knife,56,M,W,Phoenix,AZ,False,attack,Not fleeing,False
6210,2021-08-15,shot,unarmed,25,M,H,Austin,TX,False,undetermined,Car,False
6211,2021-08-15,shot,gun,66,M,B,Lincoln,WA,False,other,Not fleeing,True
6212,2021-08-16,shot,knife,40,M,B,Georgetown,WA,False,attack,Not fleeing,False
6213,2021-08-16,shot,gun,48,M,W,Houston,TX,False,attack,Not fleeing,True
6214,2021-08-17,shot,gun,33,M,B,Austin,TX,False,attack,Foot,False
6215,2021-08-17,shot,gun,58,M,O,Madison,GA,False,other,Other,False
6216,2021-08-17,shot,gun,40,M,B,Springfield,GA,False,attack,Car,False
6217,2021-08-18,shot,gun,49,M,O,Phoenix,AZ,True,undetermined,Other,False
6218,2021-08-18,shot,unarmed,60,M,W,Houston,TX,False,other,Foot,False
6219,2021-08-19,shot,gun,51,M,H,Oakland,CA,False,attack,Not fleeing,False
6220,2021-08-19,shot,gun,36,M,H,Springfield,WI,True,other,Not fleeing,False
6221,2021-08-19,shot,knife,40,M,B,Georgetown,IN,False,attack,Car,False
6222,2021-08-20,shot,gun,55,M,B,Madison,OH,True,attack,Not fleeing,False
6223,2021-08-20,shot,gun,18,M,B,Riverside,MI,False,other,Not fleeing,False
6224,2021-08-20,shot,gun,37,M,A,Georgetown,OK,False,attack,Car,False
6225,2021-08-21,shot,gun,41,M,H,Sacramento,CA,False,other,Not fleeing,True
6226,2021-08-21,shot,undetermined,45,M,W,Los Angeles,CA,False,other,Foot,False
6227,2021-08-22,shot,other,33,M,H,Riverside,KY,False,undetermined,Not fleeing,False
6228,2021-08-22,shot,gun,40,M,W,Georgetown,PA,False,other,Not fleeing,False
6229,2021-08-22,shot,gun,44,M,W,Lincoln,AR,False,undetermined,Not fleeing,False
6230,2021-08-23,shot and Tasered,gun,43,M,A,Riverside,OR,False,attack,Car,False
6231,2021-08-23,shot,gun,43,M,W,Madison,NC,False,other,Not fleeing,False
6232,2021-08-24,shot,gun,36,M,H,Oakland,CA,True,attack,Not fleeing,False
6233,2021-08-24,shot,gun,44,M,W,Fort Worth,TX,False,attack,Car,False
6234,2021-08-24,shot,knife,64,M,W,San Diego,CA,False,other,Not fleeing,True
6235,2021-08-25,shot,gun,40,M,B,Fort Worth,TX,False,attack,Foot,False
6236,2021-08-25,shot,gun,44,M,W,Springfield,GA,False,attack,Not fleeing,False
6237,2021-08-26,shot,gun,39,M,H,Oakland,CA,True,attack,Other,False
6238,2021-08-26,shot,gun,63,M,W,Houston,TX,False,attack,Not fleeing,False
6239,2021-08-26,shot,gun,37,M,W,Georgetown,NC,False,attack,Not fleeing,False
6240,2021-08-27,shot,undetermined,30,M,W,Fort Collins,CO,True,attack,Car,False
6241,2021-08-27,shot,gun,52,M,W,Lincoln,OH,True,attack,Car,False
6242,2021-08-27,shot,gun,37,M,H,Riverside,NC,False,undetermined,Not fleeing,False
6243,2021-08-28,shot,gun,51,M,W,Lincoln,TN,False,attack,Car,False
6244,2021-08-28,shot,gun,35,M,B,Madison,IN,False,attack,Not fleeing,False
6245,2021-08-29,shot,gun,29,M,N,San Francisco,CA,False,attack,Other,True
6246,2021-08-29,shot,gun,40,M,B,Sacramento,CA,True,attack,Not fleeing,False
6247,2021-08-29,shot,gun,26,M,H,Springfield,MS,False,attack,Not fleeing,False
6248,2021-08-30,shot,gun,45,M,W,Georgetown,WA,False,other,Not fleeing,True
6249,2021-08-30,shot,vehicle,54,M,W,Lincoln,MD,True,undetermined,Foot,False
6250,2021-08-31,shot,gun,78,M,A,Houston,TX,False,other,Foot,False
6251,2021-08-31,shot,unarmed,34,M,H,Riverside,AL,False,undetermined,Not fleeing,False
6252,2021-08-31,shot,other,32,M,B,Georgetown,KY,False,other,Not fleeing,False
6253,2021-09-01,shot,other,54,M,B,Lincoln,PA,False,attack,Not fleeing,False
6254,2021-09-01,shot,gun,52,M,W,San Francisco,CA,True,other,Car,False
6255,2021-09-02,shot,vehicle,54,M,W,Lincoln,OR,True,other,Car,False
6256,2021-09-02,shot,gun,78,M,H,Riverside,SC,False,attack,Foot,False
6257,2021-09-02,shot,gun,41,M,B,Lincoln,IL,False,undetermined,Car,False
6258,2021-09-03,Tasered,unarmed,85,M,B,Los Angeles,CA,False,undetermined,Not fleeing,False
6259,2021-09-03,shot and Tasered,gun,36,M,A,Madison,SC,False,other,Not fleeing,False
6260,2021-09-03,shot,gun,33,M,W,Houston,TX,False,attack,Car,False
6261,2021-09-04,shot,knife,32,M,W,Fort Lauderdale,FL,False,attack,Not fleeing,False
6262,2021-09-04,shot,gun,31,M,A,Lincoln,LA,False,other,Foot,False
6263,2021-09-05,shot,unarmed,80,M,H,Tampa,FL,False,attack,Not fleeing,False
6264,2021-09-05,shot,gun,62,M,B,Madison,TN,False,attack,Not fleeing,False
6265,2021-09-05,shot,knife,77,M,W,Georgetown,MO,False,attack,Not fleeing,False
6266,2021-09-06,shot,undetermined,23,M,W,Oakland,CA,False,other,Not fleeing,False
6267,2021-09-06,shot,knife,27,M,B,Madison,TN,False,other,Not fleeing,True
6268,2021-09-07,shot and Tasered,undetermined,37,M,W,Georgetown,KY,False,other,Not fleeing,False
6269,2021-09-07,shot,gun,35,M,H,Fort Worth,TX,False,attack,Not fleeing,False
6270,2021-09-07,shot,gun,44,M,O,Lincoln,MO,False,undetermined,Not fleeing,False
6271,2021-09-08,shot,gun,41,M,H,Denver,CO,False,other,Not fleeing,False
6272,2021-09-08,shot,knife,29,M,W,Riverside,OH,False,other,Not fleeing,False
6273,2021-09-09,shot,gun,34,M,H,Tampa,FL,True,other,Not fleeing,False
6274,2021-09-09,shot,knife,37,F,W,Colorado Springs,CO,False,other,Foot,False
6275,2021-09-09,shot,gun,28,M,W,San Diego,CA,False,undetermined,Car,False
6276,2021-09-10,shot,gun,39,M,W,Madison,MN,False,other,Foot,True
6277,2021-09-10,shot,gun,28,M,W,Springfield,PA,True,attack,Other,True
6278,2021-09-11,shot,knife,39,M,N,Madison,WA,False,other,Not fleeing,False
6279,2021-09-11,shot,other,30,M,W,Madison,GA,False,attack,Car,False
6280,2021-09-11,shot and Tasered,knife,56,F,W,Springfield,NY,False,attack,Not fleeing,False
6281,2021-09-12,shot,knife,47,M,O,Georgetown,GA,False,attack,Foot,False
6282,2021-09-12,shot,gun,47,M,W,Colorado Springs,CO,False,attack,Not fleeing,False
6283,2021-09-12,shot,gun,52,M,H,Madison,OH,False,attack,Not fleeing,False
6284,2021-09-13,shot,knife,48,M,W,Miami,FL,True,attack,Other,False
6285,2021-09-13,shot and Tasered,gun,56,M,W,San Antonio,TX,True,other,Foot,False
6286,2021-09-14,shot,knife,43,M,N,Springfield,LA,True,other,Not fleeing,False
6287,2021-09-14,shot,gun,52,M,W,Riverside,AR,False,attack,Not fleeing,False
6288,2021-09-14,shot,gun,46,M,B,Austin,TX,True,attack,Foot,True
6289,2021-09-15,shot,vehicle,46,M,W,Oakland,CA,False,attack,Not fleeing,False
6290,2021-09-15,shot,unarmed,25,M,W,Jacksonville,FL,False,undetermined,Foot,False
6291,2021-09-16,shot,gun,29,M,W,Springfield,MN,False,attack,Foot,True
6292,2021-09-16,shot,gun,44,M,W,Madison,AL,False,attack,Not fleeing,True
6293,2021-09-16,shot,other,32,M,W,Georgetown,MO,False,attack,Not fleeing,False
6294,2021-09-17,shot,vehicle,40,M,H,Riverside,KY,False,undetermined,Not fleeing,False
6295,2021-09-17,shot,unarmed,34,M,B,Georgetown,NC,False,attack,Not fleeing,False
6296,2021-09-18,shot,gun,35,M,W,Madison,MN,False,attack,Not fleeing,False
6297,2021-09-18,shot,gun,41,M,W,Scottsdale,AZ,True,attack,Car,False
6298,2021-09-18,shot,gun,37,M,O,Miami,FL,False,undetermined,Not fleeing,False
6299,2021-09-19,shot,gun,65,M,N,Lincoln,PA,False,attack,Not fleeing,True
6300,2021-09-19,shot,gun,26,M,H,Georgetown,GA,False,other,Not fleeing,False
6301,2021-09-19,shot,gun,49,F,A,Madison,PA,False,other,Not fleeing,False
6302,2021-09-20,shot,other,53,M,W,Phoenix,AZ,False,attack,Not fleeing,True
6303,2021-09-20,shot,gun,67,M,W,Madison,PA,False,other,Foot,False
6304,2021-09-21,shot,knife,42,M,B,Tampa,FL,False,attack,Not fleeing,False
6305,2021-09-21,shot,undetermined,51,M,B,Oakland,CA,False,undetermined,Foot,False
6306,2021-09-21,shot,gun,65,M,B,Lincoln,KY,False,other,Not fleeing,False
6307,2021-09-22,shot and Tasered,gun,33,F,W,Madison,NM,False,undetermined,Foot,False
6308,2021-09-22,shot,gun,30,M,O,Madison,MN,True,attack,Not fleeing,False
6309,2021-09-23,shot,undetermined,42,M,H,Madison,NV,False,attack,Foot,False
6310,2021-09-23,shot,knife,38,M,W,Springfield,OK,False,attack,Foot,True
6311,2021-09-23,shot,gun,51,M,H,Madison,LA,False,other,Car,False
6312,2021-09-24,shot,unarmed,27,M,W,San Antonio,TX,False,attack,Not fleeing,True
6313,2021-09-24,shot,gun,63,M,W,Fort Worth,TX,False,undetermined,Not fleeing,False
6314,2021-09-25,shot,gun,44,M,W,Mesa,AZ,False,other,Not fleeing,True
6315,2021-09-25,shot,gun,37,M,W,Madison,NM,False,other,Not fleeing,True
6316,2021-09-25,shot,vehicle,41,M,W,Fort Worth,TX,False,other,Foot,False
6317,2021-09-26,shot,gun,57,M,H,Springfield,KY,True,other,Car,False
6318,2021-09-26,shot,gun,48,M,W,Lincoln,WA,False,attack,Not fleeing,False
6319,2021-09-26,shot,gun,40,M,B,Georgetown,NV,False,undetermined,Not fleeing,False
6320,2021-09-27,shot,gun,38,M,W,Los Angeles,CA,False,other,Not fleeing,False
6321,2021-09-27,shot,vehicle,39,M,W,Jacksonville,FL,False,attack,Car,False
6322,2021-09-28,shot,gun,50,M,A,Madison,WI,True,undetermined,Not fleeing,False
6323,2021-09-28,shot,gun,37,M,B,Fort Lauderdale,FL,False,undetermined,Not fleeing,False
6324,2021-09-28,shot,undetermined,49,M,O,Mesa,AZ,False,attack,Not fleeing,False
6325,2021-09-29,shot,vehicle,31,M,O,Fort Worth,TX,True,undetermined,Not fleeing,False
6326,2021-09-29,shot,gun,32,M,W,Austin,TX,False,attack,Foot,False
6327,2021-09-30,shot,gun,40,M,W,Miami,FL,False,attack,Foot,True
6328,2021-09-30,shot,gun,38,M,H,Georgetown,PA,False,attack,Not fleeing,False
6329,2021-09-30,shot,unarmed,33,M,O,Springfield,NC,False,undetermined,Car,False
6330,2021-10-01,shot,knife,28,M,B,Madison,NY,False,other,Foot,True
6331,2021-10-01,shot,gun,31,M,H,San Antonio,TX,False,undetermined,Not fleeing,True
6332,2021-10-02,shot,unarmed,69,M,H,Lincoln,SC,False,other,Not fleeing,False
6333,2021-10-02,shot,gun,33,M,W,Lincoln,VA,False,undetermined,Foot,False
6334,2021-10-02,shot,unarmed,22,M,B,San Francisco,CA,True,undetermined,Other,False
6335,2021-10-03,shot,gun,41,M,H,Riverside,GA,True,undetermined,Not fleeing,False
6336,2021-10-03,shot,gun,33,M,B,Sacramento,CA,True,attack,Foot,True
6337,2021-10-03,shot,vehicle,37,M,W,Madison,SC,True,attack,Not fleeing,False
6338,2021-10-04,shot,gun,55,M,W,Springfield,IL,True,other,Not fleeing,False
6339,2021-10-04,shot,knife,38,M,W,Lincoln,OR,True,attack,Not fleeing,False
6340,2021-10-05,shot,knife,36,M,W,Miami,FL,False,undetermined,Not fleeing,False
6341,2021-10-05,shot,knife,33,M,N,Riverside,OH,False,undetermined,Not fleeing,False
6342,2021-10-05,Tasered,unarmed,37,M,W,Houston,TX,True,attack,Not fleeing,False
6343,2021-10-06,shot,gun,46,M,W,Fort Collins,CO,True,attack,Not fleeing,False
6344,2021-10-06,shot,undetermined,24,M,W,Madison,WA,True,other,Not fleeing,False
6345,2021-10-07,shot,gun,27,M,B,Sacramento,CA,False,other,Foot,False
6346,2021-10-07,shot,gun,46,M,B,Georgetown,NV,False,other,Not fleeing,False
6347,2021-10-07,shot,gun,41,M,W,Georgetown,NY,True,attack,Not fleeing,False
6348,2021-10-08,shot,undetermined,34,M,W,Georgetown,AL,False,attack,Car,False
6349,2021-10-08,shot,gun,47,F,W,Tampa,FL,False,other,Car,False
6350,2021-10-09,shot,knife,36,M,B,Lincoln,OR,False,other,Not fleeing,True
6351,2021-10-09,shot,gun,54,M,W,Georgetown,MI,True,attack,Not fleeing,False
6352,2021-10-09,shot,gun,33,F,O,Lincoln,KY,False,attack,Foot,False
6353,2021-10-10,shot and Tasered,other,31,M,B,Riverside,VA,False,attack,Not fleeing,False
6354,2021-10-10,shot,gun,85,M,W,Georgetown,AL,False,attack,Not fleeing,False
6355,2021-10-11,shot,knife,51,M,H,Georgetown,LA,False,other,Car,False
6356,2021-10-11,shot,gun,32,M,W,San Antonio,TX,False,attack,Car,False
6357,2021-10-11,shot,unarmed,36,M,B,Lincoln,OK,True,undetermined,Foot,False
6358,2021-10-12,shot,vehicle,33,M,W,Madison,NV,False,attack,Not fleeing,False
6359,2021-10-12,shot,gun,25,M,B,Madison,MN,True,other,Foot,False
6360,2021-10-12,shot,gun,36,M,H,Lincoln,NY,False,other,Foot,False
6361,2021-10-13,shot,gun,42,M,O,Orlando,FL,False,other,Not fleeing,False
6362,2021-10-13,shot,gun,64,M,W,Lincoln,OK,False,attack,Not fleeing,False
6363,2021-10-14,shot,knife,39,M,W,Riverside,MN,False,attack,Not fleeing,False
6364,2021-10-14,shot,gun,35,M,B,San Antonio,TX,False,other,Not fleeing,True
6365,2021-10-14,shot,unarmed,67,M,O,Tucson,AZ,False,other,Other,False
6366,2021-10-15,shot,gun,61,M,N,Riverside,NY,False,attack,Car,False
6367,2021-10-15,shot,gun,42,M,W,Dallas,TX,False,attack,Not fleeing,False
6368,2021-10-16,shot,gun,41,M,W,Oakland,CA,False,undetermined,Foot,False
6369,2021-10-16,shot,gun,46,M,B,Boulder,CO,True,other,Not fleeing,False
6370,2021-10-16,shot,gun,33,M,W,Madison,MS,True,attack,Not fleeing,False
6371,2021-10-17,shot,gun,41,M,W,Sacramento,CA,True,undetermined,Not fleeing,False
6372,2021-10-17,shot,other,33,M,W,Riverside,NC,False,other,Other,False
6373,2021-10-18,shot,other,62,M,B,Georgetown,MD,False,attack,Foot,False
6374,2021-10-18,shot,gun,31,M,O,Lincoln,WI,False,attack,Foot,False
6375,2021-10-18,shot,gun,43,M,O,Riverside,MN,True,other,Not fleeing,False
6376,2021-10-19,shot,undetermined,44,M,W,Lincoln,NC,False,undetermined,Not fleeing,False
6377,2021-10-19,shot,vehicle,64,M,B,Springfield,IN,False,attack,Not fleeing,False
6378,2021-10-19,Tasered,gun,35,M,H,San Francisco,CA,False,other,Foot,True
6379,2021-10-20,shot,vehicle,33,M,W,Lincoln,IL,False,undetermined,Not fleeing,False
6380,2021-10-20,shot,gun,50,M,B,Riverside,PA,False,undetermined,Not fleeing,True
6381,2021-10-21,shot,gun,47,M,W,Orlando,FL,True,attack,Not fleeing,False
6382,2021-10-21,shot,gun,78,M,W,Springfield,WA,False,other,Foot,True
6383,2021-10-21,shot,knife,43,M,W,Austin,TX,False,attack,Car,False
6384,2021-10-22,shot,gun,62,M,W,Madison,NM,False,other,Foot,False
6385,2021-10-22,shot,gun,59,M,H,Boulder,CO,False,other,Car,False
6386,2021-10-23,shot,unarmed,32,M,W,Riverside,PA,False,other,Car,True
6387,2021-10-23,shot,unarmed,26,M,W,Dallas,TX,False,attack,Not fleeing,False
6388,2021-10-23,shot,gun,37,M,W,Dallas,TX,True,other,Not fleeing,False
6389,2021-10-24,shot,knife,54,M,A,Riverside,MI,False,attack,Not fleeing,False
6390,2021-10-24,shot,knife,65,M,B,Georgetown,MD,False,attack,Not fleeing,True
6391,2021-10-25,shot,gun,18,M,B,Madison,WI,False,other,Car,False
6392,2021-10-25,shot,gun,31,M,B,Phoenix,AZ,False,undetermined,Not fleeing,False
6393,2021-10-25,shot,gun,46,M,W,San Antonio,TX,False,other,Not fleeing,False
6394,2021-10-26,shot,other,50,M,W,Georgetown,WA,False,attack,Car,False
6395,2021-10-26,shot,unarmed,30,M,H,Lincoln,OH,False,undetermined,Not fleeing,False
6396,2021-10-26,shot,gun,33,M,W,Houston,TX,True,attack,Not fleeing,False
6397,2021-10-27,shot,gun,24,M,W,Springfield,IL,False,attack,Not fleeing,False
6398,2021-10-27,shot,undetermined,70,M,H,Fort Collins,CO,True,other,Not fleeing,False
6399,2021-10-28,shot,knife,44,M,W,Dallas,TX,True,attack,Not fleeing,False
6400,2021-10-28,shot,gun,33,M,W,Tempe,AZ,True,other,Not fleeing,True
6401,2021-10-28,shot,gun,60,M,B,Lincoln,LA,False,other,Car,False
6402,2021-10-29,shot,vehicle,44,M,W,Madison,NV,False,other,Not fleeing,False
6403,2021-10-29,shot,gun,64,M,H,Madison,OH,True,attack,Not fleeing,True
6404,2021-10-30,shot,knife,68,M,B,Lincoln,NY,True,attack,Car,True
6405,2021-10-30,shot,gun,30,M,B,Fort Worth,TX,False,undetermined,Other,False
6406,2021-10-30,shot,knife,62,M,H,Springfield,KY,False,attack,Foot,True
6407,2021-10-31,shot,gun,61,M,W,Springfield,KY,False,attack,Not fleeing,False
6408,2021-10-31,shot,knife,47,M,W,Riverside,OK,True,attack,Not fleeing,False
6409,2021-11-01,shot,gun,49,M,W,Oakland,CA,False,attack,Not fleeing,False
6410,2021-11-01,shot,knife,43,M,W,Madison,NY,False,attack,Not fleeing,False
6411,2021-11-01,shot,gun,28,M,O,Madison,PA,False,attack,Not fleeing,True
6412,2021-11-02,shot and Tasered,gun,27,M,H,Riverside,MI,False,undetermined,Not fleeing,False
6413,2021-11-02,shot,gun,71,M,W,Madison,MI,False,undetermined,Not fleeing,False
6414,2021-11-02,shot,knife,44,M,W,Riverside,MS,False,other,Not fleeing,False
6415,2021-11-03,shot,vehicle,37,F,W,San Francisco,CA,False,other,Foot,False
6416,2021-11-03,shot,knife,50,M,W,Lincoln,WI,False,attack,Foot,False
6417,2021-11-04,shot,gun,32,M,W,Springfield,MO,False,other,Not fleeing,False
6418,2021-11-04,shot,gun,35,M,B,Georgetown,SC,True,attack,Car,False
6419,2021-11-04,shot,gun,41,M,H,Georgetown,GA,True,attack,Not fleeing,False
6420,2021-11-05,shot,gun,34,M,H,Phoenix,AZ,False,attack,Not fleeing,True
6421,2021-11-05,shot,knife,48,M,W,Georgetown,OH,False,attack,Car,False
6422,2021-11-06,shot,gun,39,M,W,San Antonio,TX,True,attack,Not fleeing,False
6423,2021-11-06,shot,gun,48,M,B,Aurora,CO,False,attack,Not fleeing,False
6424,2021-11-06,shot,undetermined,50,M,H,Georgetown,MS,False,undetermined,Not fleeing,True
6425,2021-11-07,shot,vehicle,60,M,H,Sacramento,CA,False,other,Not fleeing,False
6426,2021-11-07,shot,knife,37,M,N,Fort Worth,TX,True,other,Car,False
6427,2021-11-08,shot,unarmed,29,F,B,Dallas,TX,False,attack,Foot,False
6428,2021-11-08,shot,gun,85,M,H,Riverside,GA,True,attack,Not fleeing,True
6429,2021-11-08,shot,vehicle,64,M,W,Springfield,MI,False,other,Not fleeing,False
6430,2021-11-09,shot,gun,24,M,B,San Antonio,TX,True,other,Not fleeing,False
6431,2021-11-09,shot,gun,85,F,W,Austin,TX,False,undetermined,Foot,False
6432,2021-11-09,shot,gun,33,M,W,Georgetown,KY,False,attack,Not fleeing,False
6433,2021-11-10,shot,gun,39,M,B,Riverside,NM,False,attack,Not fleeing,False
6434,2021-11-10,shot,gun,28,M,W,San Diego,CA,False,other,Not fleeing,False
6435,2021-11-11,shot,gun,42,M,W,Madison,IL,False,undetermined,Not fleeing,False
6436,2021-11-11,shot,other,34,M,W,Lincoln,TN,False,attack,Foot,False
6437,2021-11-11,shot,unarmed,28,M,W,Lincoln,MD,False,other,Car,False
6438,2021-11-12,Tasered,other,27,M,W,Lincoln,OH,True,attack,Not fleeing,False
6439,2021-11-12,shot,unarmed,32,M,W,Lincoln,MI,False,other,Foot,False
6440,2021-11-13,shot,other,51,M,W,San Francisco,CA,True,other,Not fleeing,False
6441,2021-11-13,shot,gun,48,M,W,Jacksonville,FL,False,attack,Foot,False
6442,2021-11-13,shot,gun,30,M,O,Madison,GA,False,other,Car,False
6443,2021-11-14,shot,gun,36,M,W,Madison,NC,False,other,Not fleeing,True
6444,2021-11-14,shot,knife,56,M,W,Georgetown,KY,False,attack,Not fleeing,True
6445,2021-11-15,shot,vehicle,37,M,B,Madison,LA,False,attack,Foot,False
6446,2021-11-15,shot,gun,65,M,H,San Diego,CA,False,attack,Not fleeing,False
6447,2021-11-15,Tasered,gun,85,M,B,Riverside,GA,False,undetermined,Other,False
6448,2021-11-16,shot,gun,32,M,W,Madison,NC,True,attack,Foot,False
6449,2021-11-16,shot,gun,33,M,B,Springfield,WI,False,attack,Car,False
6450,2021-11-17,shot,knife,69,M,H,Madison,MO,False,attack,Not fleeing,False
6451,2021-11-17,shot,gun,36,M,H,Georgetown,PA,False,other,Not fleeing,False
6452,2021-11-17,shot,undetermined,57,M,B,Georgetown,NV,True,attack,Car,False
6453,2021-11-18,shot,undetermined,43,M,A,Lincoln,MD,True,undetermined,Car,False
6454,2021-11-18,shot,gun,38,M,A,Riverside,PA,False,attack,Not fleeing,False
6455,2021-11-18,shot,other,51,M,B,Fort Lauderdale,FL,False,attack,Foot,False
6456,2021-11-19,shot,other,69,F,W,Springfield,NM,True,attack,Foot,False
6457,2021-11-19,shot,knife,61,M,B,Springfield,NV,False,attack,Not fleeing,False
6458,2021-11-20,shot,unarmed,40,M,H,Lincoln,IL,False,attack,Car,False
6459,2021-11-20,shot,gun,44,M,W,Riverside,MI,False,undetermined,Not fleeing,False
6460,2021-11-20,shot,other,58,M,O,Riverside,SC,False,other,Not fleeing,False
6461,2021-11-21,shot,gun,45,M,W,Madison,AL,False,undetermined,Not fleeing,False
6462,2021-11-21,shot,undetermined,73,M,B,Springfield,WI,True,attack,Car,True
6463,2021-11-22,shot,gun,21,M,A,Houston,TX,False,other,Not fleeing,False
6464,2021-11-22,shot,vehicle,32,M,W,Springfield,WA,False,other,Car,False
6465,2021-11-22,shot,gun,49,M,B,Springfield,LA,False,attack,Car,False
6466,2021-11-23,shot,gun,35,M,W,Tempe,AZ,False,other,Not fleeing,False
6467,2021-11-23,shot,other,70,M,W,Riverside,AR,False,undetermined,Not fleeing,True
6468,2021-11-24,shot,knife,33,M,W,Madison,MD,False,attack,Foot,False
6469,2021-11-24,Tasered,unarmed,42,M,W,Georgetown,NV,False,attack,Not fleeing,False
6470,2021-11-24,shot,gun,32,M,W,Riverside,MI,False,other,Not fleeing,False
6471,2021-11-25,shot,undetermined,39,M,O,Jacksonville,FL,False,attack,Not fleeing,False
6472,2021-11-25,shot,vehicle,24,M,O,Springfield,IL,False,other,Not fleeing,True
6473,2021-11-25,shot,gun,26,M,W,Madison,NY,False,attack,Not fleeing,False
6474,2021-11-26,shot,vehicle,84,M,H,Tucson,AZ,False,other,Not fleeing,False
6475,2021-11-26,Tasered,gun,41,M,W,Austin,TX,False,other,Not fleeing,False
6476,2021-11-27,shot,unarmed,36,M,W,Springfield,OR,False,other,Not fleeing,True
6477,2021-11-27,shot,gun,28,M,W,Lincoln,MO,True,undetermined,Car,True
6478,2021-11-27,shot,knife,29,M,O,Lincoln,AL,False,attack,Not fleeing,False
6479,2021-11-28,shot,vehicle,80,M,O,Georgetown,NY,True,other,Car,False
6480,2021-11-28,shot,knife,42,M,W,Jacksonville,FL,False,attack,Foot,False
6481,2021-11-29,shot,knife,60,M,W,Boulder,CO,False,other,Not fleeing,True
6482,2021-11-29,shot,undetermined,18,F,W,Georgetown,GA,False,attack,Car,True
6483,2021-11-29,shot,gun,34,M,B,Lincoln,MN,False,attack,Not fleeing,False
6484,2021-11-30,shot,gun,75,M,B,San Francisco,CA,False,other,Not fleeing,False
6485,2021-11-30,shot,gun,34,M,W,Lincoln,MN,True,attack,Car,False
6486,2021-12-01,shot,gun,29,M,H,Lincoln,MN,False,attack,Foot,False
6487,2021-12-01,shot,gun,47,M,W,Riverside,MI,False,attack,Car,False
6488,2021-12-01,shot,knife,25,M,O,Springfield,OH,False,other,Not fleeing,False
6489,2021-12-02,shot,gun,24,F,B,Madison,WI,False,other,Not fleeing,False
6490,2021-12-02,shot,unarmed,70,M,W,Springfield,GA,False,undetermined,Not fleeing,False
6491,2021-12-02,shot,gun,31,M,H,Sacramento,CA,False,undetermined,Car,False
6492,2021-12-03,shot,gun,51,M,H,Miami,FL,False,other,Not fleeing,False
6493,2021-12-03,shot,gun,81,M,W,Madison,IN,False,attack,Not fleeing,False
6494,2021-12-04,shot,gun,41,M,W,Los Angeles,CA,False,attack,Car,False
6495,2021-12-04,shot,gun,50,M,O,Madison,NY,True,attack,Not fleeing,False
6496,2021-12-04,shot,vehicle,24,M,W,Los Angeles,CA,False,attack,Car,True
6497,2021-12-05,shot,gun,31,M,W,Fort Lauderdale,FL,False,undetermined,Car,False
6498,2021-12-05,shot,gun,75,M,B,Sacramento,CA,False,other,Foot,False
6499,2021-12-06,shot,gun,36,M,H,Madison,MS,False,attack,Not fleeing,True
6500,2021-12-06,shot,gun,26,M,H,Lincoln,MO,False,undetermined,Not fleeing,False
6501,2021-12-06,shot,vehicle,49,M,N,Georgetown,OR,True,other,Other,False
6502,2021-12-07,shot,gun,65,M,B,Springfield,OK,False,undetermined,Not fleeing,False
6503,2021-12-07,shot,gun,34,M,W,Lincoln,MN,False,attack,Not fleeing,False
6504,2021-12-08,shot,gun,49,M,B,Springfield,WA,False,attack,Not fleeing,True
6505,2021-12-08,shot,other,57,M,H,Springfield,PA,False,attack,Foot,False
6506,2021-12-08,shot,gun,38,F,W,Lincoln,LA,False,attack,Not fleeing,False
6507,2021-12-09,shot,gun,36,M,W,Madison,OH,False,attack,Not fleeing,False
6508,2021-12-09,shot and Tasered,gun,80,M,W,Madison,AR,False,attack,Not fleeing,True
6509,2021-12-09,shot,unarmed,27,M,B,Lincoln,TN,False,undetermined,Not fleeing,False
6510,2021-12-10,shot,gun,43,F,A,Madison,SC,False,attack,Car,False
6511,2021-12-10,shot,gun,39,M,B,Riverside,VA,True,other,Car,False
6512,2021-12-11,shot,unarmed,39,M,O,Houston,TX,False,undetermined,Not fleeing,False
6513,2021-12-11,shot,gun,55,M,W,Lincoln,TN,False,other,Foot,False
6514,2021-12-11,shot,undetermined,51,M,N,Fort Worth,TX,False,other,Car,True
6515,2021-12-12,shot,gun,45,M,H,Lincoln,LA,False,other,Not fleeing,False
6516,2021-12-12,shot,gun,24,M,W,Lincoln,OK,False,attack,Not fleeing,False
6517,2021-12-13,shot,other,30,M,O,Springfield,MI,False,attack,Car,False
6518,2021-12-13,shot,gun,37,M,W,Oakland,CA,False,attack,Car,True
6519,2021-12-13,shot,vehicle,42,M,A,Los Angeles,CA,False,attack,Foot,False
6520,2021-12-14,shot,unarmed,74,M,A,San Diego,CA,False,other,Not fleeing,False
6521,2021-12-14,shot,gun,42,M,H,Lincoln,GA,True,attack,Not fleeing,False
6522,2021-12-15,shot,gun,54,M,B,Springfield,AL,True,attack,Not fleeing,False
6523,2021-12-15,shot,gun,40,M,W,Riverside,AR,True,other,Not fleeing,False
6524,2021-12-15,shot,gun,53,M,B,Lincoln,IL,False,other,Not fleeing,False
6525,2021-12-16,shot,gun,41,M,W,Madison,OR,False,attack,Foot,False
6526,2021-12-16,shot,vehicle,28,M,H,Phoenix,AZ,False,attack,Not fleeing,False
6527,2021-12-16,shot,gun,50,M,H,Los Angeles,CA,False,other,Not fleeing,False
6528,2021-12-17,shot,knife,48,M,N,San Francisco,CA,False,other,Car,False
6529,2021-12-17,shot,gun,25,M,W,Madison,MS,False,other,Not fleeing,False
6530,2021-12-18,shot,gun,40,M,H,Riverside,NV,True,attack,Not fleeing,False
6531,2021-12-18,shot,unarmed,40,M,O,Lincoln,OK,True,attack,Not fleeing,False
6532,2021-12-18,shot,gun,33,M,H,Boulder,CO,False,attack,Not fleeing,False
6533,2021-12-19,shot,gun,28,M,W,Springfield,GA,True,attack,Not fleeing,False
6534,2021-12-19,shot,other,44,M,W,Riverside,WI,False,attack,Not fleeing,False
6535,2021-12-20,shot,gun,71,M,W,Los Angeles,CA,True,undetermined,Not fleeing,False
6536,2021-12-20,shot,knife,52,M,B,Springfield,VA,True,other,Not fleeing,False
6537,2021-12-20,shot,gun,25,M,B,Tucson,AZ,True,other,Foot,False
6538,2021-12-21,shot,gun,69,M,O,Los Angeles,CA,False,attack,Other,False
6539,2021-12-21,shot,gun,65,M,W,Madison,IL,False,attack,Not fleeing,False
6540,2021-12-22,shot,knife,34,M,W,Mesa,AZ,False,attack,Car,True
6541,2021-12-22,shot,other,25,M,B,Georgetown,NV,False,attack,Not fleeing,False
6542,2021-12-22,shot,gun,34,M,H,Madison,NV,False,other,Not fleeing,False
6543,2021-12-23,shot,gun,35,M,O,Riverside,NY,False,other,Not fleeing,False
6544,2021-12-23,shot,gun,26,M,H,Madison,VA,False,undetermined,Not fleeing,False
6545,2021-12-24,shot,gun,44,M,W,Georgetown,LA,False,other,Car,False
6546,2021-12-24,shot,gun,31,M,B,Jacksonville,FL,True,undetermined,Not fleeing,True
6547,2021-12-24,shot,gun,27,M,H,Lincoln,IL,True,undetermined,Foot,False
6548,2021-12-25,shot,gun,37,M,B,Riverside,MO,False,undetermined,Not fleeing,True
6549,2021-12-25,shot,gun,70,M,W,Oakland,CA,False,other,Not fleeing,False
6550,2021-12-25,shot,other,56,M,W,Madison,OR,False,attack,Not fleeing,False
6551,2021-12-26,shot,knife,47,M,W,Georgetown,NY,False,attack,Foot,True
6552,2021-12-26,shot,gun,34,M,H,Springfield,MS,True,undetermined,Other,False
6553,2021-12-27,shot,gun,26,M,W,Georgetown,NM,False,attack,Not fleeing,True
6554,2021-12-27,shot,unarmed,28,M,W,Madison,NC,False,attack,Not fleeing,False
6555,2021-12-27,shot,undetermined,54,M,W,Riverside,WA,False,attack,Not fleeing,False
6556,2021-12-28,shot,knife,31,M,B,Springfield,GA,False,other,Car,False
6557,2021-12-28,shot,gun,43,M,W,Georgetown,NC,False,undetermined,Car,False
6558,2021-12-29,shot,vehicle,48,M,B,Lincoln,OR,False,attack,Not fleeing,False
6559,2021-12-29,shot,other,24,M,W,Madison,VA,False,attack,Not fleeing,False
6560,2021-12-29,shot,gun,41,M,W,Dallas,TX,False,other,Not fleeing,False
6561,2021-12-30,shot,unarmed,46,M,B,Madison,MO,True,other,Foot,False
6562,2021-12-30,shot,unarmed,78,M,W,Georgetown,MI,False,attack,Not fleeing,False
6563,2021-12-31,shot,gun,42,M,W,Riverside,MO,False,undetermined,Foot,False
6564,2021-12-31,shot and Tasered,gun,53,M,W,Lincoln,VA,False,other,Not fleeing,False
6565,2021-12-31,Tasered,gun,34,M,A,Springfield,MD,False,attack,Car,False
6566,2022-01-01,shot,gun,59,M,H,Boulder,CO,False,attack,Not fleeing,False
6567,2022-01-01,Tasered,gun,26,M,W,Colorado Springs,CO,False,attack,Foot,False
6568,2022-01-01,shot,other,48,M,W,Springfield,NV,False,other,Foot,False
6569,2022-01-02,shot,gun,43,M,O,Riverside,WA,True,attack,Not fleeing,False
6570,2022-01-02,shot and Tasered,gun,63,M,B,Georgetown,LA,False,attack,Not fleeing,False
6571,2022-01-03,shot,gun,48,M,W,Riverside,NV,False,attack,Not fleeing,False
6572,2022-01-03,shot,gun,38,M,H,Lincoln,VA,False,other,Foot,True
6573,2022-01-03,shot,vehicle,58,M,H,Orlando,FL,False,attack,Not fleeing,True
6574,2022-01-04,shot,gun,47,M,H,Fort Worth,TX,False,other,Not fleeing,False
6575,2022-01-04,shot,gun,29,M,B,Tucson,AZ,True,attack,Other,False
6576,2022-01-05,shot and Tasered,gun,38,M,W,Springfield,WA,True,undetermined,Car,False
6577,2022-01-05,Tasered,gun,28,M,W,Denver,CO,False,other,Foot,False
6578,2022-01-05,shot,unarmed,46,M,O,Madison,LA,False,attack,Car,True
6579,2022-01-06,shot,gun,48,M,B,San Diego,CA,False,attack,Not fleeing,False
6580,2022-01-06,shot,gun,73,M,W,Lincoln,WA,True,attack,Foot,False
6581,2022-01-07,shot,gun,38,M,N,Denver,CO,True,other,Not fleeing,False
6582,2022-01-07,shot and Tasered,gun,36,M,N,Madison,NY,False,other,Car,True
6583,2022-01-07,shot,gun,25,M,O,Riverside,NC,False,other,Not fleeing,False
6584,2022-01-08,shot,knife,38,M,A,Jacksonville,FL,True,attack,Other,True
6585,2022-01-08,shot,gun,37,M,O,Georgetown,OR,False,attack,Foot,False
6586,2022-01-08,shot and Tasered,gun,42,M,W,San Antonio,TX,True,other,Not fleeing,False
6587,2022-01-09,shot,gun,36,M,H,Madison,OK,False,other,Not fleeing,False
6588,2022-01-09,shot,gun,36,M,H,Springfield,KY,False,other,Car,False
6589,2022-01-10,shot,gun,42,M,W,Lincoln,NY,True,attack,Not fleeing,True
6590,2022-01-10,shot,gun,39,M,W,Springfield,NM,False,undetermined,Not fleeing,False
6591,2022-01-10,shot,gun,36,M,O,Houston,TX,False,attack,Not fleeing,False
6592,2022-01-11,shot,gun,36,M,W,Lincoln,OH,True,attack,Not fleeing,False
6593,2022-01-11,shot,knife,82,M,A,Riverside,OH,True,attack,Foot,False
6594,2022-01-12,shot,gun,36,M,W,San Diego,CA,False,attack,Foot,False
6595,2022-01-12,shot,gun,37,M,W,Springfield,NC,True,other,Other,False
6596,2022-01-12,shot,gun,23,M,B,Aurora,CO,True,attack,Not fleeing,False
6597,2022-01-13,Tasered,knife,59,M,W,Lincoln,TN,True,attack,Not fleeing,False
6598,2022-01-13,shot,gun,20,M,B,Riverside,IN,True,attack,Not fleeing,False
6599,2022-01-14,shot,gun,29,M,B,Oakland,CA,False,attack,Foot,True
6600,2022-01-14,shot and Tasered,gun,49,M,W,Tucson,AZ,False,undetermined,Not fleeing,False
6601,2022-01-14,shot,unarmed,23,M,W,Lincoln,NC,False,other,Not fleeing,False
6602,2022-01-15,shot,vehicle,32,M,W,Riverside,NC,False,attack,Not fleeing,False
6603,2022-01-15,shot,knife,40,M,W,Georgetown,VA,False,attack,Not fleeing,False
6604,2022-01-15,shot,gun,39,M,H,Springfield,NC,True,undetermined,Not fleeing,False
6605,2022-01-16,shot,knife,32,M,W,San Francisco,CA,False,other,Not fleeing,True
6606,2022-01-16,shot,knife,54,M,W,Lincoln,NV,False,other,Car,False
6607,2022-01-17,shot and Tasered,gun,55,M,B,Riverside,NM,False,other,Car,True
6608,2022-01-17,shot,undetermined,50,M,W,Georgetown,WA,False,other,Not fleeing,False
6609,2022-01-17,shot,other,34,M,W,Lincoln,LA,True,attack,Car,False
6610,2022-01-18,shot,gun,43,M,W,Dallas,TX,False,other,Not fleeing,False
6611,2022-01-18,shot,unarmed,33,M,H,Jacksonville,FL,True,other,Foot,False
6612,2022-01-19,shot,gun,85,M,O,Fort Lauderdale,FL,False,undetermined,Not fleeing,False
6613,2022-01-19,shot,gun,45,M,H,Springfield,NC,True,attack,Not fleeing,False
6614,2022-01-19,shot,gun,34,M,W,Georgetown,KY,False,attack,Not fleeing,False
6615,2022-01-20,shot,gun,85,F,W,Springfield,WA,False,attack,Not fleeing,False
6616,2022-01-20,shot,undetermined,36,M,B,San Antonio,TX,True,other,Not fleeing,False
6617,2022-01-21,shot,vehicle,45,F,H,Fort Lauderdale,FL,False,other,Not fleeing,False
6618,2022-01-21,shot,gun,54,M,O,Springfield,GA,False,attack,Car,True
6619,2022-01-21,shot,vehicle,34,M,W,Madison,PA,False,other,Foot,False
6620,2022-01-22,shot,knife,33,M,W,Madison,NC,True,other,Car,False
6621,2022-01-22,shot,gun,58,M,H,Madison,GA,False,attack,Not fleeing,False
6622,2022-01-23,shot,gun,54,M,H,Lincoln,LA,True,attack,Car,False
6623,2022-01-23,shot,unarmed,54,M,H,Fort Lauderdale,FL,False,undetermined,Other,False
6624,2022-01-23,shot,unarmed,48,M,B,Oakland,CA,False,other,Not fleeing,False
6625,2022-01-24,shot,other,82,M,O,Oakland,CA,False,other,Not fleeing,False
6626,2022-01-24,shot and Tasered,gun,41,M,B,Fort Lauderdale,FL,False,undetermined,Not fleeing,True
6627,2022-01-24,shot,gun,31,M,N,Sacramento,CA,False,attack,Not fleeing,False
6628,2022-01-25,shot,knife,27,M,O,Tempe,AZ,False,attack,Not fleeing,False
6629,2022-01-25,shot,knife,36,M,H,Springfield,VA,False,attack,Not fleeing,False
6630,2022-01-26,shot,knife,18,M,W,Madison,NV,False,attack,Foot,False
6631,2022-01-26,shot,gun,66,M,W,Lincoln,MO,False,other,Car,True
6632,2022-01-26,shot,gun,47,M,B,Lincoln,MS,False,attack,Not fleeing,False
6633,2022-01-27,shot,gun,31,M,B,Fort Lauderdale,FL,True,attack,Not fleeing,True
6634,2022-01-27,shot,gun,59,M,A,Madison,NM,False,attack,Not fleeing,False
6635,2022-01-28,shot,gun,27,M,W,Springfield,GA,False,undetermined,Foot,False
6636,2022-01-28,shot,undetermined,29,M,W,Madison,GA,False,other,Car,False
6637,2022-01-28,shot,gun,42,M,H,Riverside,GA,False,other,Not fleeing,False
6638,2022-01-29,shot,gun,70,M,W,San Diego,CA,False,attack,Foot,False
6639,2022-01-29,shot,other,47,M,W,Springfield,MN,False,attack,Foot,True
6640,2022-01-30,shot,gun,19,M,W,Houston,TX,False,other,Not fleeing,False
6641,2022-01-30,shot,gun,29,M,B,Denver,CO,False,other,Car,False
6642,2022-01-30,shot,gun,31,M,W,Scottsdale,AZ,False,attack,Not fleeing,False
6643,2022-01-31,shot,knife,44,M,A,Sacramento,CA,False,other,Not fleeing,False
6644,2022-01-31,shot,gun,26,M,W,Dallas,TX,False,attack,Not fleeing,True
6645,2022-01-31,shot,other,26,M,N,San Diego,CA,False,attack,Not fleeing,False
6646,2022-02-01,shot,gun,37,M,B,Tempe,AZ,False,other,Not fleeing,False
6647,2022-02-01,shot,knife,51,F,W,Riverside,MS,True,attack,Foot,False
6648,2022-02-02,shot,gun,53,M,W,Boulder,CO,True,other,Not fleeing,False
6649,2022-02-02,shot,other,42,M,W,Fort Worth,TX,True,other,Car,False
6650,2022-02-02,shot,knife,56,M,B,Riverside,TN,False,undetermined,Not fleeing,False
6651,2022-02-03,shot,knife,85,F,W,Madison,MI,False,attack,Foot,True
6652,2022-02-03,shot,unarmed,74,M,W,Fort Lauderdale,FL,False,other,Not fleeing,False
6653,2022-02-04,shot,unarmed,34,M,B,Jacksonville,FL,False,other,Not fleeing,False
6654,2022-02-04,shot,gun,25,M,W,Lincoln,MN,False,other,Other,False
6655,2022-02-04,shot and Tasered,gun,35,M,W,Dallas,TX,False,other,Not fleeing,False
6656,2022-02-05,shot,gun,30,M,H,Georgetown,WA,False,other,Foot,False
6657,2022-02-05,shot,gun,48,M,O,Orlando,FL,True,attack,Not fleeing,False
6658,2022-02-06,shot,undetermined,27,M,W,Lincoln,IN,False,other,Car,False
6659,2022-02-06,shot,gun,39,M,W,Riverside,MN,True,attack,Car,True
6660,2022-02-06,shot,gun,30,M,O,Georgetown,AL,False,undetermined,Other,False
6661,2022-02-07,shot,gun,36,M,W,Tempe,AZ,False,other,Not fleeing,False
6662,2022-02-07,Tasered,other,40,M,O,Lincoln,GA,True,other,Not fleeing,False
6663,2022-02-07,shot and Tasered,unarmed,51,M,W,Miami,FL,True,undetermined,Not fleeing,True
6664,2022-02-08,shot,gun,40,M,A,Springfield,NM,False,other,Not fleeing,False
6665,2022-02-08,shot,vehicle,33,M,W,Madison,KY,True,other,Car,False
6666,2022-02-09,shot,vehicle,54,M,O,Lincoln,NC,False,attack,Other,False
6667,2022-02-09,shot and Tasered,knife,41,M,W,Madison,TN,False,attack,Foot,False
6668,2022-02-09,shot,gun,34,M,B,Austin,TX,False,other,Not fleeing,False
6669,2022-02-10,shot,knife,51,M,W,Georgetown,NC,True,attack,Foot,False
6670,2022-02-10,shot,gun,44,M,W,Lincoln,PA,False,other,Car,False
6671,2022-02-11,shot,knife,49,M,H,Riverside,GA,False,attack,Not fleeing,False
6672,2022-02-11,shot,gun,61,M,B,Aurora,CO,False,undetermined,Not fleeing,False
6673,2022-02-11,shot,other,28,F,O,Sacramento,CA,True,other,Foot,False
6674,2022-02-12,shot,knife,85,M,W,Madison,SC,False,attack,Not fleeing,False
6675,2022-02-12,shot,gun,47,M,A,Lincoln,NM,False,attack,Car,False
6676,2022-02-13,shot,unarmed,28,M,W,Springfield,WI,False,other,Not fleeing,True
6677,2022-02-13,shot,gun,64,M,O,Madison,NV,False,undetermined,Foot,False
6678,2022-02-13,shot,gun,32,M,O,Georgetown,NY,False,attack,Not fleeing,False
6679,2022-02-14,shot,gun,74,M,W,Fort Lauderdale,FL,False,attack,Car,False
6680,2022-02-14,shot,knife,28,M,A,Lincoln,MI,True,undetermined,Not fleeing,True
6681,2022-02-14,shot,gun,39,M,H,Georgetown,MO,False,undetermined,Not fleeing,False
6682,2022-02-15,shot,knife,54,M,W,Georgetown,OK,False,attack,Not fleeing,False
6683,2022-02-15,shot,unarmed,51,M,B,Madison,OK,True,attack,Not fleeing,False
6684,2022-02-16,shot,gun,46,M,W,Lincoln,AR,False,other,Car,False
6685,2022-02-16,shot,gun,58,M,H,San Diego,CA,False,other,Not fleeing,True
6686,2022-02-16,shot,gun,35,M,W,Jacksonville,FL,False,other,Car,False
6687,2022-02-17,shot,undetermined,60,M,W,Georgetown,TN,False,attack,Not fleeing,False
6688,2022-02-17,shot,vehicle,33,M,W,Lincoln,OR,False,attack,Not fleeing,False
6689,2022-02-18,shot,gun,71,M,B,Lincoln,OK,False,other,Car,False
6690,2022-02-18,shot,knife,33,M,H,Riverside,GA,False,attack,Not fleeing,True
6691,2022-02-18,shot,gun,26,M,O,Fort Collins,CO,False,attack,Not fleeing,False
6692,2022-02-19,shot,gun,52,M,W,Riverside,IL,False,other,Not fleeing,False
6693,2022-02-19,shot,gun,43,M,W,Madison,IL,False,attack,Car,False
6694,2022-02-20,shot,gun,46,M,H,Riverside,MO,False,other,Not fleeing,False
6695,2022-02-20,shot,gun,36,M,B,Mesa,AZ,False,other,Not fleeing,False
6696,2022-02-20,shot,knife,49,M,W,Lincoln,KY,False,attack,Not fleeing,False
6697,2022-02-21,shot,gun,68,M,W,Madison,NY,False,other,Not fleeing,True
6698,2022-02-21,shot,gun,45,M,B,Georgetown,VA,False,other,Not fleeing,False
6699,2022-02-21,shot,gun,25,M,W,Austin,TX,False,attack,Not fleeing,False
6700,2022-02-22,shot,vehicle,41,M,H,Colorado Springs,CO,False,other,Foot,True
6701,2022-02-22,shot,gun,48,M,B,Springfield,NM,False,attack,Car,False
6702,2022-02-23,shot,knife,73,M,A,Sacramento,CA,True,attack,Car,False
6703,2022-02-23,shot,gun,53,M,B,Georgetown,WA,False,attack,Not fleeing,False
6704,2022-02-23,shot,gun,31,M,W,Madison,OH,True,other,Not fleeing,False
6705,2022-02-24,shot,gun,40,M,H,Riverside,IL,True,other,Not fleeing,False
6706,2022-02-24,shot,vehicle,54,M,B,Orlando,FL,False,attack,Foot,False
6707,2022-02-25,shot,gun,49,M,W,Fort Lauderdale,FL,False,undetermined,Car,True
6708,2022-02-25,shot,gun,50,F,B,Georgetown,KY,True,attack,Not fleeing,True
6709,2022-02-25,shot,gun,26,M,W,Lincoln,LA,False,attack,Not fleeing,False
6710,2022-02-26,shot,knife,51,M,H,Los Angeles,CA,False,attack,Car,False
6711,2022-02-26,shot,unarmed,44,M,B,Houston,TX,False,attack,Foot,True
6712,2022-02-27,shot,gun,52,F,H,Madison,MI,False,undetermined,Not fleeing,False
6713,2022-02-27,shot,gun,43,M,W,Dallas,TX,False,other,Not fleeing,True
6714,2022-02-27,shot,knife,39,M,W,Lincoln,MO,True,other,Not fleeing,False
6715,2022-02-28,shot,gun,60,M,O,Riverside,NC,True,attack,Car,False
6716,2022-02-28,shot,unarmed,48,M,H,Lincoln,NM,False,attack,Not fleeing,False
6717,2022-03-01,shot,undetermined,28,M,W,Georgetown,MD,True,undetermined,Car,False
6718,2022-03-01,shot and Tasered,knife,42,M,W,Madison,MO,True,attack,Not fleeing,False
6719,2022-03-01,shot,undetermined,36,M,W,Oakland,CA,False,attack,Foot,False
6720,2022-03-02,shot,gun,35,M,B,Riverside,NM,False,attack,Not fleeing,False
6721,2022-03-02,shot,gun,49,M,H,Madison,NC,False,attack,Not fleeing,True
6722,2022-03-02,shot,gun,43,M,H,Lincoln,IN,False,other,Not fleeing,False
6723,2022-03-03,shot,vehicle,48,M,B,Lincoln,WA,False,attack,Foot,False
6724,2022-03-03,shot,gun,57,M,H,Madison,OK,False,undetermined,Not fleeing,False
6725,2022-03-04,shot,gun,40,M,W,Oakland,CA,True,attack,Car,False
6726,2022-03-04,shot,gun,56,M,W,Madison,IL,True,attack,Not fleeing,True
6727,2022-03-04,shot,unarmed,33,M,B,Boulder,CO,True,undetermined,Foot,False
6728,2022-03-05,shot,gun,61,M,O,Aurora,CO,True,other,Other,False
6729,2022-03-05,shot,gun,34,M,H,Oakland,CA,True,other,Not fleeing,False
6730,2022-03-06,shot,gun,29,M,B,Houston,TX,False,attack,Not fleeing,False
6731,2022-03-06,shot,gun,46,M,B,San Antonio,TX,False,attack,Car,False
6732,2022-03-06,shot,gun,40,M,O,Tempe,AZ,False,undetermined,Other,False
6733,2022-03-07,shot,gun,42,M,W,Riverside,OR,True,other,Not fleeing,False
6734,2022-03-07,shot,gun,28,M,W,Colorado Springs,CO,False,attack,Not fleeing,False
6735,2022-03-08,shot,gun,28,M,O,Madison,NV,False,attack,Not fleeing,False
6736,2022-03-08,shot,knife,36,M,A,San Diego,CA,False,attack,Not fleeing,False
6737,2022-03-08,shot,undetermined,52,M,W,Lincoln,MO,False,undetermined,Car,False
6738,2022-03-09,shot,gun,37,M,B,Georgetown,OH,False,other,Not fleeing,False
6739,2022-03-09,shot,gun,28,M,W,Madison,MN,False,other,Foot,False
6740,2022-03-09,shot,gun,62,M,W,Riverside,AR,False,other,Foot,True
6741,2022-03-10,shot,gun,28,M,O,Riverside,NC,False,undetermined,Not fleeing,False
6742,2022-03-10,shot,gun,42,M,W,Riverside,VA,True,other,Not fleeing,False
6743,2022-03-11,shot,knife,52,M,A,Fort Worth,TX,True,attack,Not fleeing,False
6744,2022-03-11,shot,gun,35,M,W,Springfield,LA,False,attack,Not fleeing,True
6745,2022-03-11,shot,vehicle,52,M,B,San Diego,CA,False,other,Car,False
6746,2022-03-12,shot,gun,70,M,W,Denver,CO,True,attack,Car,False
6747,2022-03-12,shot,gun,51,M,H,Fort Lauderdale,FL,False,other,Not fleeing,False
6748,2022-03-13,shot and Tasered,unarmed,40,M,B,Madison,NV,False,attack,Car,False
6749,2022-03-13,shot,gun,42,M,B,Lincoln,OH,False,attack,Not fleeing,False
6750,2022-03-13,shot,gun,21,M,W,Madison,IL,False,attack,Other,False
6751,2022-03-14,shot,gun,34,M,W,Madison,WA,False,attack,Not fleeing,False
6752,2022-03-14,shot,gun,22,M,W,San Diego,CA,False,attack,Not fleeing,False
6753,2022-03-15,shot,unarmed,30,M,W,Madison,IL,False,attack,Other,False
6754,2022-03-15,Tasered,gun,41,M,B,Madison,AR,True,attack,Not fleeing,False
6755,2022-03-15,shot,knife,45,M,B,Georgetown,OR,False,attack,Foot,False
6756,2022-03-16,shot and Tasered,unarmed,49,M,B,Madison,LA,False,undetermined,Not fleeing,False
6757,2022-03-16,shot,gun,79,M,B,Georgetown,MD,True,attack,Not fleeing,False
6758,2022-03-16,shot,gun,25,M,W,Madison,IL,True,attack,Not fleeing,False
6759,2022-03-17,shot,other,30,M,W,San Antonio,TX,False,other,Other,False
6760,2022-03-17,shot,gun,45,M,W,Fort Worth,TX,False,undetermined,Not fleeing,False
6761,2022-03-18,shot,gun,54,F,H,San Diego,CA,True,attack,Car,False
6762,2022-03-18,shot,undetermined,33,M,B,Tucson,AZ,False,attack,Not fleeing,False
6763,2022-03-18,shot,gun,43,M,W,Madison,OH,False,other,Foot,False
6764,2022-03-19,shot,unarmed,46,F,W,Lincoln,MI,False,attack,Not fleeing,True
6765,2022-03-19,shot,gun,73,F,A,Georgetown,NC,True,undetermined,Not fleeing,False
6766,2022-03-20,shot,unarmed,26,M,H,Madison,NV,False,attack,Car,False
6767,2022-03-20,shot and Tasered,knife,48,M,B,Madison,OK,True,other,Not fleeing,False
6768,2022-03-20,shot,gun,55,M,W,Fort Worth,TX,True,other,Not fleeing,True
6769,2022-03-21,shot,gun,50,M,W,Los Angeles,CA,False,attack,Not fleeing,False
6770,2022-03-21,shot,gun,64,M,O,Riverside,NY,True,attack,Foot,False
6771,2022-03-22,shot,gun,28,M,H,Riverside,OK,True,attack,Not fleeing,False
6772,2022-03-22,shot and Tasered,knife,21,M,W,Madison,MI,False,other,Not fleeing,False
6773,2022-03-22,shot,unarmed,63,M,H,Boulder,CO,False,undetermined,Not fleeing,False
6774,2022-03-23,shot,knife,36,M,H,Lincoln,OR,False,attack,Not fleeing,False
6775,2022-03-23,shot,undetermined,40,M,W,Madison,GA,False,attack,Foot,False
6776,2022-03-23,shot,undetermined,42,F,W,Riverside,OK,False,other,Foot,True
6777,2022-03-24,shot,vehicle,43,M,W,Madison,MO,True,attack,Not fleeing,False
6778,2022-03-24,shot,undetermined,57,M,W,Oakland,CA,False,attack,Car,False
6779,2022-03-25,shot,gun,48,M,H,Sacramento,CA,False,undetermined,Car,False
6780,2022-03-25,shot,vehicle,26,M,W,Los Angeles,CA,False,undetermined,Not fleeing,False
6781,2022-03-25,shot,vehicle,40,M,H,Fort Collins,CO,False,undetermined,Not fleeing,False
6782,2022-03-26,shot,gun,46,M,O,Madison,IL,False,attack,Car,False
6783,2022-03-26,Tasered,undetermined,49,M,W,Dallas,TX,False,attack,Foot,False
6784,2022-03-27,shot,gun,39,M,B,Georgetown,MO,False,other,Not fleeing,True
6785,2022-03-27,shot,gun,34,M,H,Mesa,AZ,True,attack,Not fleeing,False
6786,2022-03-27,shot,gun,58,M,H,Springfield,SC,False,attack,Foot,True
6787,2022-03-28,shot,gun,36,M,H,Georgetown,SC,True,other,Not fleeing,False
6788,2022-03-28,shot,gun,51,M,W,Georgetown,VA,False,other,Not fleeing,False
6789,2022-03-29,shot,knife,56,M,B,Georgetown,NY,True,other,Car,False
6790,2022-03-29,shot,vehicle,45,M,B,Tampa,FL,False,attack,Car,False
6791,2022-03-29,shot,vehicle,33,M,O,Springfield,SC,False,other,Foot,False
6792,2022-03-30,shot,knife,48,M,W,San Antonio,TX,False,other,Not fleeing,False
6793,2022-03-30,shot,gun,37,M,O,Tempe,AZ,False,attack,Not fleeing,False
6794,2022-03-30,shot,gun,85,M,W,Fort Worth,TX,False,attack,Not fleeing,False
6795,2022-03-31,shot and Tasered,unarmed,55,M,O,Riverside,OK,False,other,Not fleeing,False
6796,2022-03-31,shot,knife,54,M,B,Lincoln,OK,False,attack,Foot,False
6797,2022-04-01,shot,knife,62,M,B,Madison,TN,True,attack,Foot,False
6798,2022-04-01,shot,gun,22,M,B,Springfield,GA,False,attack,Not fleeing,True
6799,2022-04-01,shot and Tasered,gun,40,M,W,Oakland,CA,False,undetermined,Not fleeing,False
6800,2022-04-02,shot,other,60,M,W,Madison,KY,True,attack,Not fleeing,False
6801,2022-04-02,shot,unarmed,34,M,W,Lincoln,WA,False,attack,Car,False
6802,2022-04-03,shot,gun,25,M,W,Madison,GA,True,attack,Not fleeing,False
6803,2022-04-03,shot,gun,43,M,W,Lincoln,MO,False,undetermined,Not fleeing,False
6804,2022-04-03,shot,gun,30,F,H,San Antonio,TX,True,undetermined,Car,False
6805,2022-04-04,shot,gun,31,M,B,Dallas,TX,False,attack,Foot,False
6806,2022-04-04,shot,gun,39,M,W,Madison,GA,False,undetermined,Car,False
6807,2022-04-05,shot,knife,27,M,H,Orlando,FL,True,other,Not fleeing,False
6808,2022-04-05,shot,other,38,M,B,Jacksonville,FL,False,other,Foot,True
6809,2022-04-05,shot,undetermined,45,M,O,Georgetown,OR,False,attack,Other,False
6810,2022-04-06,shot,undetermined,83,M,B,Georgetown,NY,False,attack,Car,True
6811,2022-04-06,shot,knife,35,M,W,Madison,OH,True,other,Not fleeing,False
6812,2022-04-07,shot,gun,39,M,B,Springfield,OK,True,attack,Not fleeing,False
6813,2022-04-07,shot and Tasered,gun,50,M,B,Madison,WI,True,undetermined,Not fleeing,False
6814,2022-04-07,shot,gun,36,M,W,San Francisco,CA,True,other,Not fleeing,False
6815,2022-04-08,shot,unarmed,33,M,W,Riverside,AR,False,other,Foot,False
6816,2022-04-08,shot,undetermined,60,M,W,Lincoln,LA,False,attack,Car,False
6817,2022-04-08,shot,gun,71,M,W,San Antonio,TX,False,attack,Not fleeing,False
6818,2022-04-09,shot,gun,36,M,W,Scottsdale,AZ,False,attack,Car,False
6819,2022-04-09,shot,gun,33,M,B,Springfield,OH,False,undetermined,Not fleeing,False
6820,2022-04-10,shot,gun,31,F,W,Georgetown,OK,True,other,Not fleeing,False
6821,2022-04-10,shot,gun,51,M,B,Fort Lauderdale,FL,True,attack,Car,False
6822,2022-04-10,shot,undetermined,64,M,B,Madison,NY,False,other,Not fleeing,True
6823,2022-04-11,shot,gun,47,M,W,Lincoln,OK,True,attack,Not fleeing,False
6824,2022-04-11,shot,other,52,M,W,Lincoln,NC,False,attack,Not fleeing,False
6825,2022-04-12,shot,gun,59,M,W,Springfield,MS,True,attack,Car,False
6826,2022-04-12,shot,gun,72,M,W,Lincoln,MS,False,undetermined,Foot,False
6827,2022-04-12,shot,gun,48,M,W,Riverside,OH,False,other,Not fleeing,True
6828,2022-04-13,shot,unarmed,36,M,W,Riverside,MN,False,attack,Not fleeing,True
6829,2022-04-13,shot and Tasered,gun,53,M,B,San Francisco,CA,True,attack,Not fleeing,False
6830,2022-04-14,shot,unarmed,61,M,B,San Diego,CA,True,attack,Not fleeing,False
6831,2022-04-14,shot,gun,37,M,W,Riverside,GA,False,other,Not fleeing,False
6832,2022-04-14,shot,unarmed,22,M,W,Riverside,MO,False,attack,Not fleeing,False
6833,2022-04-15,shot,gun,35,M,B,Georgetown,PA,False,attack,Not fleeing,False
6834,2022-04-15,shot,gun,27,M,A,Madison,OH,False,attack,Not fleeing,True
6835,2022-04-15,shot,gun,20,M,H,Dallas,TX,True,undetermined,Car,False
6836,2022-04-16,shot,gun,36,M,B,Houston,TX,True,attack,Not fleeing,False
6837,2022-04-16,shot and Tasered,gun,40,M,W,Riverside,MS,True,undetermined,Car,True
6838,2022-04-17,shot,gun,49,M,W,Madison,MS,False,attack,Car,False
6839,2022-04-17,shot,vehicle,52,M,A,Lincoln,OK,False,undetermined,Not fleeing,False
6840,2022-04-17,shot,vehicle,37,M,W,Georgetown,TN,False,other,Not fleeing,False
6841,2022-04-18,shot,gun,50,M,O,Georgetown,MO,False,other,Car,True
6842,2022-04-18,shot,other,48,M,B,San Antonio,TX,False,attack,Not fleeing,False
6843,2022-04-19,shot,other,48,M,B,Riverside,NC,False,attack,Not fleeing,False
6844,2022-04-19,shot,undetermined,32,M,W,Springfield,OK,False,attack,Foot,False
6845,2022-04-19,shot,knife,53,M,B,Riverside,NY,True,attack,Not fleeing,False
6846,2022-04-20,shot,gun,44,M,B,San Francisco,CA,False,undetermined,Not fleeing,False
6847,2022-04-20,shot,gun,40,M,W,Springfield,WI,False,attack,Not fleeing,False
6848,2022-04-21,shot and Tasered,gun,33,M,W,Georgetown,AR,False,undetermined,Not fleeing,False
6849,2022-04-21,shot,knife,36,M,A,Orlando,FL,False,other,Other,True
6850,2022-04-21,shot,gun,56,M,B,Lincoln,PA,True,other,Other,False
6851,2022-04-22,shot and Tasered,knife,50,M,W,Lincoln,KY,True,attack,Foot,False
6852,2022-04-22,shot,gun,34,M,W,San Diego,CA,False,attack,Not fleeing,True
6853,2022-04-22,shot,gun,43,M,H,Madison,WA,False,attack,Not fleeing,False
6854,2022-04-23,shot,knife,49,M,H,Springfield,OH,False,other,Not fleeing,True
6855,2022-04-23,shot,gun,34,M,B,Springfield,GA,True,undetermined,Not fleeing,False
6856,2022-04-24,shot,gun,53,M,B,Madison,AR,True,attack,Not fleeing,False
6857,2022-04-24,shot,gun,24,M,W,Riverside,GA,False,other,Not fleeing,False
6858,2022-04-24,shot,gun,53,M,B,Oakland,CA,True,attack,Not fleeing,False
6859,2022-04-25,shot,undetermined,52,M,W,Sacramento,CA,True,undetermined,Not fleeing,False
6860,2022-04-25,shot,gun,45,M,O,Los Angeles,CA,False,undetermined,Foot,False
6861,2022-04-26,shot,knife,38,M,B,Madison,GA,True,attack,Not fleeing,False
6862,2022-04-26,shot,undetermined,31,M,W,Lincoln,NV,True,other,Not fleeing,False
6863,2022-04-26,shot,gun,42,M,W,Houston,TX,True,other,Not fleeing,False
6864,2022-04-27,shot,gun,48,M,H,Springfield,TN,False,other,Not fleeing,False
6865,2022-04-27,shot,gun,54,M,W,Riverside,OK,True,attack,Foot,False
6866,2022-04-28,shot,gun,32,M,W,Miami,FL,False,other,Not fleeing,False
6867,2022-04-28,shot,gun,36,M,B,Georgetown,MO,False,attack,Not fleeing,False
6868,2022-04-28,shot,gun,36,M,W,Springfield,OK,False,other,Car,False
6869,2022-04-29,shot,gun,26,M,H,Georgetown,OH,False,attack,Not fleeing,True
6870,2022-04-29,shot,gun,63,M,W,Colorado Springs,CO,False,other,Not fleeing,False
6871,2022-04-29,shot,gun,85,M,H,Georgetown,PA,False,undetermined,Not fleeing,False
6872,2022-04-30,shot,undetermined,65,M,W,Lincoln,MN,False,attack,Car,True
6873,2022-04-30,shot,knife,31,M,W,Springfield,NC,False,undetermined,Not fleeing,False
6874,2022-05-01,shot,gun,76,M,A,Madison,GA,False,attack,Foot,False
6875,2022-05-01,shot,unarmed,39,M,B,Madison,OH,False,attack,Not fleeing,False
6876,2022-05-01,shot,gun,53,M,W,Oakland,CA,False,attack,Not fleeing,False
6877,2022-05-02,shot,gun,52,M,W,Riverside,NY,True,other,Not fleeing,False
6878,2022-05-02,shot,gun,20,M,B,Tempe,AZ,False,attack,Not fleeing,False
6879,2022-05-03,shot,knife,42,M,B,Fort Worth,TX,False,undetermined,Not fleeing,False
6880,2022-05-03,shot,gun,31,M,O,Georgetown,OH,True,attack,Car,False
6881,2022-05-03,shot,gun,22,M,O,Sacramento,CA,False,other,Not fleeing,False
6882,2022-05-04,shot,knife,44,M,B,Lincoln,GA,False,other,Not fleeing,True
6883,2022-05-04,shot,other,50,M,W,Oakland,CA,True,attack,Car,False
6884,2022-05-05,shot,gun,34,M,B,San Francisco,CA,False,undetermined,Not fleeing,False
6885,2022-05-05,shot and Tasered,gun,43,M,B,Springfield,AL,False,attack,Foot,False
6886,2022-05-05,shot,other,64,M,W,Madison,KY,False,other,Foot,False
6887,2022-05-06,shot,gun,38,M,W,Austin,TX,False,attack,Foot,False
6888,2022-05-06,shot,gun,27,F,W,Springfield,NY,False,attack,Not fleeing,False
6889,2022-05-07,shot,undetermined,55,M,W,Jacksonville,FL,False,undetermined,Foot,False
6890,2022-05-07,shot,knife,37,M,W,Lincoln,OH,True,other,Car,False
6891,2022-05-07,shot,gun,33,M,B,Lincoln,NC,False,other,Not fleeing,True
6892,2022-05-08,shot,knife,38,M,H,Fort Lauderdale,FL,False,attack,Car,True
6893,2022-05-08,shot,unarmed,37,M,B,Georgetown,OK,True,attack,Not fleeing,False
6894,2022-05-08,shot,gun,24,M,W,Austin,TX,False,other,Not fleeing,False
6895,2022-05-09,shot,gun,46,M,W,Sacramento,CA,False,other,Other,False
6896,2022-05-09,shot,gun,45,M,B,Madison,MD,True,attack,Not fleeing,False
6897,2022-05-10,shot,knife,38,M,W,Springfield,TN,False,attack,Not fleeing,False
6898,2022-05-10,shot,knife,44,M,B,Springfield,WA,False,undetermined,Not fleeing,False
6899,2022-05-10,shot,gun,52,M,O,Riverside,OH,False,undetermined,Not fleeing,True
6900,2022-05-11,shot,knife,45,M,W,Riverside,WA,False,attack,Foot,True
6901,2022-05-11,shot,knife,33,M,W,Riverside,NC,False,other,Car,False
6902,2022-05-12,shot,gun,31,M,B,Georgetown,GA,False,attack,Foot,False
6903,2022-05-12,shot,gun,80,M,O,Georgetown,WA,True,other,Not fleeing,False
6904,2022-05-12,shot,knife,46,M,H,Madison,NY,False,attack,Foot,False
6905,2022-05-13,shot,gun,39,M,A,Georgetown,OK,False,other,Foot,True
6906,2022-05-13,shot,undetermined,49,M,W,Riverside,NV,True,other,Not fleeing,False
6907,2022-05-14,shot,gun,34,F,O,Lincoln,GA,False,attack,Not fleeing,False
6908,2022-05-14,shot,gun,55,M,W,Riverside,GA,False,other,Foot,False
6909,2022-05-14,shot,knife,37,M,W,Aurora,CO,False,attack,Not fleeing,False
6910,2022-05-15,shot,knife,23,M,H,Lincoln,NY,True,attack,Foot,True
6911,2022-05-15,shot,other,40,M,O,Georgetown,NC,False,attack,Car,False
6912,2022-05-15,shot,gun,29,M,W,Lincoln,NM,False,undetermined,Car,False
6913,2022-05-16,shot,gun,39,M,W,Madison,OK,True,undetermined,Not fleeing,False
6914,2022-05-16,shot,gun,37,M,W,Georgetown,OR,False,other,Not fleeing,False
6915,2022-05-17,shot,unarmed,47,M,W,Springfield,NV,True,undetermined,Not fleeing,False
6916,2022-05-17,shot,gun,69,M,W,Riverside,MN,True,attack,Not fleeing,False
6917,2022-05-17,shot,vehicle,53,M,O,Riverside,PA,True,attack,Car,False
6918,2022-05-18,shot,gun,46,M,B,Madison,WI,False,undetermined,Not fleeing,True
6919,2022-05-18,shot,gun,43,M,H,San Antonio,TX,False,attack,Not fleeing,False
6920,2022-05-19,shot,gun,46,M,H,San Francisco,CA,True,undetermined,Not fleeing,False
6921,2022-05-19,shot,other,66,M,B,Lincoln,LA,False,other,Other,True
6922,2022-05-19,shot,gun,49,M,H,Springfield,MN,False,other,Foot,False
6923,2022-05-20,shot,gun,23,M,B,Springfield,NC,False,attack,Not fleeing,False
6924,2022-05-20,shot,gun,30,M,W,San Antonio,TX,False,attack,Foot,True
6925,2022-05-21,shot,undetermined,59,M,B,Madison,WA,False,other,Foot,True
6926,2022-05-21,shot,knife,45,M,B,Lincoln,TN,False,attack,Not fleeing,False
6927,2022-05-21,shot and Tasered,other,65,M,H,Mesa,AZ,False,attack,Foot,False
6928,2022-05-22,shot,gun,52,M,O,Springfield,NV,True,attack,Car,False
6929,2022-05-22,shot,gun,43,M,W,Riverside,MN,False,other,Car,True
6930,2022-05-22,shot and Tasered,gun,42,M,H,Springfield,OR,False,other,Car,True
6931,2022-05-23,shot,knife,34,M,W,Scottsdale,AZ,False,attack,Not fleeing,False
6932,2022-05-23,shot,gun,38,M,H,Tucson,AZ,False,attack,Not fleeing,True
6933,2022-05-24,shot,knife,28,F,W,Colorado Springs,CO,False,attack,Not fleeing,False
6934,2022-05-24,shot,gun,31,M,W,Springfield,GA,False,attack,Foot,False
6935,2022-05-24,shot,knife,29,F,W,San Francisco,CA,True,attack,Not fleeing,False
6936,2022-05-25,Tasered,gun,41,M,B,Riverside,MD,False,other,Not fleeing,False
6937,2022-05-25,shot and Tasered,gun,35,M,W,Aurora,CO,False,other,Not fleeing,True
6938,2022-05-26,shot,gun,25,M,O,Riverside,NM,False,other,Foot,False
6939,2022-05-26,shot,gun,50,M,W,Lincoln,KY,False,other,Not fleeing,True
6940,2022-05-26,shot,undetermined,36,M,O,San Francisco,CA,False,other,Car,False
6941,2022-05-27,shot,vehicle,55,M,H,Madison,MN,False,attack,Not fleeing,True
6942,2022-05-27,shot,gun,48,M,W,Georgetown,NV,False,attack,Not fleeing,False
6943,2022-05-28,shot,gun,84,M,W,Georgetown,WA,True,attack,Not fleeing,True
6944,2022-05-28,shot,gun,41,M,H,Lincoln,GA,False,undetermined,Foot,True
6945,2022-05-28,shot,gun,34,M,B,Lincoln,WA,False,attack,Not fleeing,False
6946,2022-05-29,shot,gun,31,M,B,Tucson,AZ,False,other,Not fleeing,True
6947,2022-05-29,shot,gun,51,M,W,Riverside,PA,False,other,Foot,True
6948,2022-05-29,shot,unarmed,53,M,B,Oakland,CA,False,other,Not fleeing,False
6949,2022-05-30,shot,gun,41,M,O,Georgetown,PA,False,attack,Not fleeing,False
6950,2022-05-30,shot,gun,45,M,W,Miami,FL,False,other,Not fleeing,False
6951,2022-05-31,shot,gun,60,M,W,Oakland,CA,False,attack,Foot,False
6952,2022-05-31,shot,knife,52,M,W,Georgetown,NY,False,attack,Car,False
6953,2022-05-31,shot,gun,46,M,H,Lincoln,LA,False,attack,Other,True
6954,2022-06-01,shot,gun,28,M,H,Springfield,NC,False,other,Car,False
6955,2022-06-01,shot,gun,32,M,W,Los Angeles,CA,False,other,Not fleeing,False
6956,2022-06-02,shot,vehicle,36,M,W,Riverside,OR,True,other,Not fleeing,False
6957,2022-06-02,shot,gun,37,M,W,Riverside,MO,True,undetermined,Car,False
6958,2022-06-02,shot,unarmed,33,M,W,Los Angeles,CA,False,other,Foot,True
6959,2022-06-03,shot,gun,32,M,W,Springfield,WA,True,attack,Foot,False
6960,2022-06-03,shot,unarmed,38,M,O,Riverside,WA,False,undetermined,Car,False
6961,2022-06-04,shot,knife,43,M,B,Sacramento,CA,False,attack,Foot,False
6962,2022-06-04,shot,unarmed,49,M,W,Lincoln,MO,True,attack,Car,False
6963,2022-06-04,shot,unarmed,24,M,A,Lincoln,SC,False,attack,Car,False
6964,2022-06-05,shot,gun,35,M,B,Lincoln,IL,False,other,Not fleeing,False
6965,2022-06-05,shot,gun,25,M,B,Dallas,TX,False,undetermined,Not fleeing,False
6966,2022-06-05,Tasered,vehicle,41,M,W,Madison,MS,False,other,Not fleeing,False
6967,2022-06-06,shot,gun,41,M,W,Boulder,CO,False,attack,Car,False
6968,2022-06-06,shot,gun,40,M,O,Georgetown,IN,True,other,Not fleeing,True
6969,2022-06-07,shot,unarmed,38,M,B,Oakland,CA,False,other,Not fleeing,False
6970,2022-06-07,shot,gun,35,M,W,Georgetown,OH,False,other,Not fleeing,False
6971,2022-06-07,shot,gun,40,F,B,Riverside,MO,False,attack,Not fleeing,True
6972,2022-06-08,shot,knife,49,M,N,Tampa,FL,True,attack,Not fleeing,False
6973,2022-06-08,shot,undetermined,36,M,W,Riverside,MD,False,attack,Other,False
6974,2022-06-09,shot,unarmed,28,M,B,Madison,PA,False,other,Foot,True
6975,2022-06-09,shot,gun,45,M,O,San Francisco,CA,False,other,Not fleeing,False
6976,2022-06-09,shot,gun,53,F,W,Springfield,MO,False,other,Not fleeing,False
6977,2022-06-10,shot,knife,28,F,H,Madison,OH,False,attack,Car,False
6978,2022-06-10,shot,knife,27,M,B,Fort Worth,TX,False,attack,Car,True
6979,2022-06-11,shot,gun,28,M,B,Madison,MI,False,other,Not fleeing,False
6980,2022-06-11,shot,undetermined,39,M,W,Lincoln,OR,False,attack,Foot,True
6981,2022-06-11,shot,gun,71,M,W,Mesa,AZ,True,other,Car,True
6982,2022-06-12,shot and Tasered,gun,67,M,B,Lincoln,NY,False,undetermined,Not fleeing,False
6983,2022-06-12,shot,gun,45,M,W,Scottsdale,AZ,False,attack,Car,False
6984,2022-06-13,shot,undetermined,28,M,W,Springfield,VA,False,attack,Not fleeing,False
6985,2022-06-13,shot,gun,67,M,W,Madison,KY,False,undetermined,Not fleeing,False
6986,2022-06-13,shot,gun,68,F,W,Denver,CO,False,attack,Car,False
6987,2022-06-14,shot,unarmed,31,M,O,Georgetown,SC,False,undetermined,Not fleeing,False
6988,2022-06-14,shot,gun,41,M,W,Madison,WA,True,other,Not fleeing,False
6989,2022-06-14,shot,gun,53,M,O,Riverside,GA,False,attack,Car,False
6990,2022-06-15,shot,gun,63,M,W,Riverside,IN,True,other,Not fleeing,False
6991,2022-06-15,shot,gun,39,M,B,Riverside,WA,True,attack,Not fleeing,False
6992,2022-06-16,shot,gun,55,M,W,Lincoln,OH,False,attack,Not fleeing,False
6993,2022-06-16,shot,knife,46,M,H,Riverside,TN,True,other,Car,False
6994,2022-06-16,shot,gun,46,M,H,Fort Lauderdale,FL,True,attack,Not fleeing,False
6995,2022-06-17,shot,knife,44,M,W,Mesa,AZ,True,undetermined,Car,False
6996,2022-06-17,shot,other,73,M,N,Madison,IN,True,other,Not fleeing,False
6997,2022-06-18,shot,unarmed,42,M,W,Lincoln,OK,False,other,Foot,False
6998,2022-06-18,shot,knife,48,M,B,Lincoln,AL,False,attack,Not fleeing,False
6999,2022-06-18,shot and Tasered,other,73,M,O,Jacksonville,FL,False,other,Not fleeing,False
7000,2022-06-19,shot,other,50,M,A,Georgetown,NY,False,attack,Car,True
7001,2022-06-19,shot,gun,35,M,O,Madison,MN,True,other,Not fleeing,False
7002,2022-06-20,shot,gun,40,F,W,Phoenix,AZ,False,other,Other,False
7003,2022-06-20,shot and Tasered,undetermined,32,M,W,Austin,TX,True,attack,Car,False
7004,2022-06-20,shot,unarmed,40,M,W,Riverside,WA,False,attack,Foot,False
7005,2022-06-21,shot,gun,39,M,B,Springfield,GA,False,attack,Not fleeing,False
7006,2022-06-21,shot,other,36,M,H,Houston,TX,False,other,Foot,False
7007,2022-06-21,shot,gun,44,M,W,Lincoln,NM,False,other,Not fleeing,False
7008,2022-06-22,shot,gun,25,M,B,Riverside,MI,True,other,Not fleeing,False
7009,2022-06-22,shot,gun,79,M,W,Lincoln,LA,False,other,Car,False
7010,2022-06-23,shot,gun,39,M,W,Lincoln,VA,False,other,Foot,False
7011,2022-06-23,shot,gun,41,M,B,Riverside,MS,False,attack,Not fleeing,False
7012,2022-06-23,shot,gun,66,M,B,Springfield,OK,False,other,Not fleeing,False
7013,2022-06-24,shot,gun,49,M,H,Los Angeles,CA,False,other,Car,False
7014,2022-06-24,shot,gun,36,M,W,Dallas,TX,False,attack,Not fleeing,True
7015,2022-06-25,shot,vehicle,38,M,H,Los Angeles,CA,False,attack,Car,False
7016,2022-06-25,shot,gun,59,M,W,Oakland,CA,False,undetermined,Not fleeing,False
7017,2022-06-25,shot,other,62,M,W,Scottsdale,AZ,False,other,Car,True
7018,2022-06-26,shot,knife,35,F,B,Georgetown,GA,False,undetermined,Not fleeing,False
7019,2022-06-26,shot,knife,66,M,H,Fort Lauderdale,FL,False,other,Not fleeing,False
7020,2022-06-27,shot,gun,26,M,W,Oakland,CA,False,attack,Foot,True
7021,2022-06-27,shot,other,69,M,W,Madison,NY,False,attack,Foot,False
7022,2022-06-27,shot,gun,47,M,B,Tampa,FL,False,other,Foot,False
7023,2022-06-28,shot,gun,65,M,W,Georgetown,SC,False,other,Car,False
7024,2022-06-28,shot and Tasered,unarmed,51,M,H,Sacramento,CA,False,attack,Not fleeing,True
7025,2022-06-28,shot,vehicle,36,M,H,Georgetown,AR,False,attack,Not fleeing,False
7026,2022-06-29,shot,gun,40,M,W,Georgetown,WI,False,attack,Car,False
7027,2022-06-29,shot,knife,36,M,B,Madison,NV,True,attack,Not fleeing,False
7028,2022-06-30,shot,gun,33,M,H,Georgetown,IL,False,undetermined,Car,False
7029,2022-06-30,shot,gun,49,M,W,Lincoln,IN,True,undetermined,Foot,False
7030,2022-06-30,shot,knife,24,M,B,Austin,TX,False,other,Car,False
7031,2022-07-01,shot,other,39,M,W,Georgetown,MI,False,attack,Not fleeing,False
7032,2022-07-01,shot,other,43,M,B,Lincoln,VA,False,attack,Not fleeing,False
7033,2022-07-02,shot,other,24,M,W,Georgetown,NV,False,attack,Car,False
7034,2022-07-02,shot,gun,46,M,H,Aurora,CO,False,attack,Car,False
7035,2022-07-02,shot,gun,51,M,W,Georgetown,NY,False,attack,Car,False
7036,2022-07-03,shot,gun,49,M,W,Springfield,TN,False,undetermined,Car,False
7037,2022-07-03,shot,knife,48,M,H,Madison,PA,False,undetermined,Not fleeing,True
7038,2022-07-04,shot,gun,43,M,W,Lincoln,NV,False,attack,Not fleeing,False
7039,2022-07-04,shot,knife,30,M,W,Sacramento,CA,False,attack,Not fleeing,False
7040,2022-07-04,shot and Tasered,knife,71,M,W,Aurora,CO,False,attack,Not fleeing,False
7041,2022-07-05,shot and Tasered,undetermined,19,M,W,Springfield,NC,False,other,Not fleeing,False
7042,2022-07-05,shot,gun,39,M,N,Tampa,FL,False,other,Not fleeing,False
7043,2022-07-05,shot and Tasered,knife,35,M,H,Dallas,TX,False,other,Not fleeing,False
7044,2022-07-06,shot,gun,43,M,W,Houston,TX,False,undetermined,Not fleeing,False
7045,2022-07-06,shot,gun,32,M,H,Aurora,CO,False,attack,Not fleeing,False
7046,2022-07-07,shot,gun,60,M,B,Riverside,OH,True,attack,Not fleeing,True
7047,2022-07-07,shot,gun,26,M,N,Oakland,CA,False,attack,Not fleeing,False
7048,2022-07-07,shot,gun,34,M,W,Springfield,IN,False,attack,Foot,False
7049,2022-07-08,shot,gun,38,M,B,Georgetown,MD,False,other,Not fleeing,False
7050,2022-07-08,shot,undetermined,49,M,B,Riverside,NV,False,attack,Car,False
7051,2022-07-09,shot,gun,49,M,B,Austin,TX,False,attack,Not fleeing,True
7052,2022-07-09,shot,unarmed,57,M,B,Lincoln,MO,False,other,Not fleeing,False
7053,2022-07-09,shot,undetermined,54,M,W,Lincoln,NY,False,other,Not fleeing,False
7054,2022-07-10,shot,gun,39,M,H,Georgetown,MN,False,attack,Not fleeing,False
7055,2022-07-10,shot,gun,55,M,B,Springfield,IL,False,attack,Not fleeing,False
7056,2022-07-11,shot,knife,39,M,O,Georgetown,LA,False,attack,Not fleeing,False
7057,2022-07-11,shot,gun,25,M,W,Georgetown,AR,True,undetermined,Not fleeing,False
7058,2022-07-11,Tasered,gun,26,M,B,Austin,TX,False,attack,Not fleeing,False
7059,2022-07-12,shot,gun,38,M,O,Oakland,CA,False,attack,Not fleeing,True
7060,2022-07-12,shot,gun,29,M,B,Riverside,OK,False,other,Car,True
7061,2022-07-13,shot,vehicle,40,M,A,San Diego,CA,False,attack,Not fleeing,False
7062,2022-07-13,shot,knife,54,M,H,San Diego,CA,True,attack,Not fleeing,False
7063,2022-07-13,shot,unarmed,37,M,W,Madison,IL,False,attack,Not fleeing,True
7064,2022-07-14,shot and Tasered,gun,23,M,B,Jacksonville,FL,False,attack,Other,False
7065,2022-07-14,shot,gun,50,M,W,Lincoln,PA,False,undetermined,Not fleeing,False
7066,2022-07-14,shot,gun,35,M,B,Madison,KY,False,other,Not fleeing,False
7067,2022-07-15,shot,undetermined,38,M,W,Phoenix,AZ,False,attack,Not fleeing,True
7068,2022-07-15,shot,unarmed,85,M,H,San Antonio,TX,False,other,Other,True
7069,2022-07-16,shot,knife,57,M,B,Oakland,CA,True,attack,Foot,False
7070,2022-07-16,shot,gun,62,M,W,San Antonio,TX,False,attack,Not fleeing,False
7071,2022-07-16,shot,knife,37,M,W,San Diego,CA,True,attack,Not fleeing,False
7072,2022-07-17,shot,gun,81,M,O,Los Angeles,CA,False,other,Not fleeing,False
7073,2022-07-17,shot,knife,31,M,W,Lincoln,NC,False,attack,Not fleeing,False
7074,2022-07-18,shot,gun,25,M,W,Scottsdale,AZ,False,other,Foot,False
7075,2022-07-18,shot,gun,85,M,W,Georgetown,NV,False,other,Car,False
7076,2022-07-18,shot,undetermined,23,M,O,Madison,MS,False,attack,Foot,True
7077,2022-07-19,shot,unarmed,36,M,O,Riverside,VA,False,other,Not fleeing,False
7078,2022-07-19,shot,gun,50,M,B,Georgetown,NY,False,undetermined,Not fleeing,False
7079,2022-07-20,shot,other,37,M,A,Sacramento,CA,False,other,Not fleeing,False
7080,2022-07-20,shot,gun,33,M,W,Springfield,NV,False,other,Not fleeing,False
7081,2022-07-20,shot,gun,42,F,O,Fort Collins,CO,False,other,Not fleeing,False
7082,2022-07-21,shot,other,41,M,W,Sacramento,CA,False,other,Other,False
7083,2022-07-21,shot,gun,44,M,W,Springfield,AR,False,undetermined,Car,False
7084,2022-07-21,shot,unarmed,64,M,W,Aurora,CO,True,attack,Not fleeing,False
7085,2022-07-22,shot,gun,51,M,B,Tampa,FL,False,other,Car,False
7086,2022-07-22,shot,undetermined,39,M,H,Lincoln,NM,False,attack,Not fleeing,True
7087,2022-07-23,shot,unarmed,46,M,W,Georgetown,OR,True,attack,Not fleeing,True
7088,2022-07-23,shot,gun,18,M,O,Colorado Springs,CO,False,other,Foot,False
7089,2022-07-23,shot,knife,40,M,W,Boulder,CO,False,other,Not fleeing,False
7090,2022-07-24,shot,other,47,M,W,Georgetown,LA,False,attack,Not fleeing,False
7091,2022-07-24,shot,gun,32,M,B,Lincoln,IL,False,attack,Not fleeing,False
7092,2022-07-25,shot,gun,36,M,B,Sacramento,CA,True,attack,Foot,False
7093,2022-07-25,shot,knife,57,M,H,Riverside,MO,False,undetermined,Not fleeing,True
7094,2022-07-25,shot,gun,29,M,B,Riverside,WI,False,attack,Not fleeing,False
7095,2022-07-26,shot,other,57,M,B,Orlando,FL,True,attack,Not fleeing,False
7096,2022-07-26,shot,gun,73,M,W,Lincoln,OR,True,other,Not fleeing,False
7097,2022-07-27,shot,gun,36,M,B,Lincoln,IN,False,other,Not fleeing,False
7098,2022-07-27,shot and Tasered,knife,29,M,O,Fort Lauderdale,FL,False,undetermined,Car,False
7099,2022-07-27,shot,gun,33,M,W,Lincoln,MD,True,undetermined,Car,False
7100,2022-07-28,shot,gun,71,M,A,Tampa,FL,False,attack,Not fleeing,True
7101,2022-07-28,shot,gun,29,M,B,Madison,IL,False,other,Foot,False
7102,2022-07-28,shot,undetermined,29,M,W,Riverside,SC,True,other,Foot,False
7103,2022-07-29,shot,gun,23,M,O,Jacksonville,FL,False,other,Not fleeing,False
7104,2022-07-29,shot,gun,36,M,B,Madison,NV,False,other,Not fleeing,False
7105,2022-07-30,shot,knife,44,M,W,Georgetown,AL,False,attack,Not fleeing,True
7106,2022-07-30,shot,knife,67,M,W,Denver,CO,False,undetermined,Car,False
7107,2022-07-30,shot,gun,37,M,W,Fort Worth,TX,False,attack,Not fleeing,False
7108,2022-07-31,shot,gun,50,M,H,Los Angeles,CA,False,attack,Foot,False
7109,2022-07-31,shot,gun,33,M,B,Georgetown,LA,False,attack,Not fleeing,False
7110,2022-08-01,shot,knife,28,M,N,Madison,MN,False,other,Not fleeing,False
7111,2022-08-01,shot,gun,63,M,W,Lincoln,AL,True,undetermined,Not fleeing,False
7112,2022-08-01,shot,gun,44,M,W,Springfield,NC,False,attack,Foot,False
7113,2022-08-02,shot and Tasered,gun,51,M,W,Lincoln,NY,False,other,Foot,False
7114,2022-08-02,shot,gun,43,M,B,Jacksonville,FL,False,attack,Not fleeing,False
7115,2022-08-03,shot,vehicle,25,M,O,San Antonio,TX,False,attack,Not fleeing,False
7116,2022-08-03,shot,gun,57,M,H,Riverside,OH,False,undetermined,Not fleeing,True
7117,2022-08-03,shot,gun,32,M,W,Riverside,OH,False,undetermined,Not fleeing,False
7118,2022-08-04,Tasered,gun,49,M,A,Springfield,WA,False,other,Foot,False
7119,2022-08-04,shot,gun,28,M,H,Madison,WI,True,other,Not fleeing,False
7120,2022-08-04,shot,gun,29,M,W,Lincoln,MO,False,attack,Car,False
7121,2022-08-05,shot,knife,33,M,H,Georgetown,MO,True,other,Not fleeing,False
7122,2022-08-05,shot,gun,31,M,W,Fort Worth,TX,False,other,Foot,False
7123,2022-08-06,shot,gun,28,M,W,Springfield,MI,False,attack,Not fleeing,False
7124,2022-08-06,shot,gun,85,M,W,Springfield,VA,False,undetermined,Not fleeing,False
7125,2022-08-06,shot,gun,41,M,B,Springfield,NM,False,other,Not fleeing,False
7126,2022-08-07,shot,unarmed,24,M,W,Madison,GA,False,other,Not fleeing,False
7127,2022-08-07,shot,knife,28,M,W,Georgetown,WA,False,attack,Not fleeing,False
7128,2022-08-08,shot,vehicle,31,M,W,Madison,WA,False,attack,Car,False
7129,2022-08-08,shot,gun,35,M,H,San Antonio,TX,False,other,Not fleeing,True
7130,2022-08-08,shot,gun,52,M,O,Lincoln,OK,False,other,Not fleeing,False
7131,2022-08-09,shot,gun,44,M,H,Madison,OR,False,other,Car,False
7132,2022-08-09,shot,knife,41,M,W,San Antonio,TX,False,attack,Not fleeing,False
7133,2022-08-10,shot,gun,26,F,W,Sacramento,CA,False,attack,Foot,False
7134,2022-08-10,shot,gun,49,M,W,Riverside,IL,False,other,Foot,False
7135,2022-08-10,shot,gun,25,M,W,Jacksonville,FL,True,other,Not fleeing,False
7136,2022-08-11,Tasered,gun,38,M,B,Springfield,PA,True,other,Car,False
7137,2022-08-11,shot,unarmed,45,M,B,Riverside,OK,False,other,Not fleeing,False
7138,2022-08-11,shot,gun,46,M,H,Tempe,AZ,False,undetermined,Not fleeing,False
7139,2022-08-12,shot,gun,43,M,B,Madison,AL,False,other,Car,False
7140,2022-08-12,shot,gun,44,M,W,Riverside,NY,False,attack,Not fleeing,False
7141,2022-08-13,shot,vehicle,42,M,W,Georgetown,MS,True,attack,Not fleeing,False
7142,2022-08-13,shot,gun,27,M,B,Lincoln,MD,False,attack,Other,True
7143,2022-08-13,shot,knife,26,M,W,Lincoln,MS,False,other,Not fleeing,False
7144,2022-08-14,shot,other,55,M,W,Los Angeles,CA,False,attack,Not fleeing,False
7145,2022-08-14,shot,gun,55,M,W,Miami,FL,False,other,Foot,True
7146,2022-08-15,shot,gun,29,M,W,San Francisco,CA,False,attack,Not fleeing,True
7147,2022-08-15,shot,knife,43,M,W,Madison,NC,False,other,Car,False
7148,2022-08-15,shot,gun,46,M,H,Lincoln,NM,False,attack,Not fleeing,False
7149,2022-08-16,shot,gun,41,M,H,Riverside,OH,False,attack,Not fleeing,False
7150,2022-08-16,shot,gun,58,M,W,Riverside,AR,False,undetermined,Not fleeing,False
7151,2022-08-17,shot,gun,35,M,W,Tucson,AZ,True,attack,Not fleeing,True
7152,2022-08-17,shot,unarmed,36,M,H,Denver,CO,True,undetermined,Not fleeing,False
7153,2022-08-17,shot,vehicle,58,M,W,Lincoln,OR,False,attack,Not fleeing,False
7154,2022-08-18,shot,gun,27,M,W,Springfield,NC,False,attack,Foot,False
7155,2022-08-18,shot,undetermined,54,M,W,Springfield,VA,False,attack,Not fleeing,False
7156,2022-08-19,shot,knife,68,M,W,Orlando,FL,True,other,Not fleeing,False
7157,2022-08-19,shot,gun,49,M,H,Georgetown,IN,False,attack,Not fleeing,False
7158,2022-08-19,shot,gun,40,M,H,Georgetown,LA,True,undetermined,Other,False
7159,2022-08-20,shot,vehicle,27,M,W,Georgetown,MD,True,other,Not fleeing,False
7160,2022-08-20,shot,gun,43,M,W,San Francisco,CA,True,other,Foot,False
7161,2022-08-20,shot,gun,32,M,W,Madison,OH,False,undetermined,Car,True
7162,2022-08-21,shot,gun,37,M,W,Lincoln,OR,False,attack,Car,False
7163,2022-08-21,shot,gun,46,M,O,Riverside,NM,True,undetermined,Car,False
7164,2022-08-22,shot,vehicle,31,M,B,San Francisco,CA,False,other,Not fleeing,False
7165,2022-08-22,shot,gun,28,M,B,Phoenix,AZ,False,other,Not fleeing,False
7166,2022-08-22,shot,gun,34,M,H,Georgetown,NC,False,attack,Foot,False
7167,2022-08-23,shot,gun,65,M,H,Dallas,TX,True,other,Foot,False
7168,2022-08-23,shot,knife,47,M,H,Madison,NV,False,undetermined,Not fleeing,False
7169,2022-08-24,shot,gun,32,M,W,Austin,TX,True,attack,Car,False
7170,2022-08-24,shot,knife,33,M,W,Aurora,CO,False,attack,Foot,False
7171,2022-08-24,shot,gun,61,M,B,Riverside,TN,False,other,Not fleeing,True
7172,2022-08-25,shot,gun,26,M,W,Riverside,OH,False,other,Car,False
7173,2022-08-25,shot,gun,65,M,O,Springfield,IL,False,attack,Not fleeing,False
7174,2022-08-26,shot,knife,30,M,B,Madison,WI,False,other,Not fleeing,False
7175,2022-08-26,shot,gun,64,F,O,Los Angeles,CA,False,undetermined,Car,False
7176,2022-08-26,shot,knife,54,M,W,Madison,NV,False,attack,Not fleeing,False
7177,2022-08-27,shot,gun,29,M,A,Fort Lauderdale,FL,False,undetermined,Not fleeing,True
7178,2022-08-27,shot,other,51,M,W,Georgetown,GA,False,attack,Not fleeing,False
7179,2022-08-27,shot,gun,25,M,O,San Diego,CA,False,attack,Not fleeing,False
7180,2022-08-28,shot,gun,58,M,W,Houston,TX,False,attack,Foot,False
7181,2022-08-28,shot,gun,29,M,B,Tempe,AZ,False,attack,Not fleeing,False
7182,2022-08-29,shot,gun,58,M,H,Colorado Springs,CO,False,undetermined,Not fleeing,False
7183,2022-08-29,shot and Tasered,undetermined,27,M,W,Lincoln,OR,False,attack,Not fleeing,False
7184,2022-08-29,shot and Tasered,gun,30,M,B,Springfield,IL,False,other,Not fleeing,False
7185,2022-08-30,shot,vehicle,71,M,O,Madison,MN,True,attack,Car,False
7186,2022-08-30,shot,gun,48,M,W,Lincoln,MO,False,attack,Foot,False
7187,2022-08-31,shot,unarmed,31,M,B,Jacksonville,FL,True,undetermined,Not fleeing,True
7188,2022-08-31,shot,undetermined,45,M,W,Tucson,AZ,False,other,Foot,False
7189,2022-08-31,shot,other,44,M,H,Phoenix,AZ,True,other,Foot,False
7190,2022-09-01,shot,gun,38,M,B,Scottsdale,AZ,True,other,Not fleeing,False
7191,2022-09-01,shot,vehicle,44,M,W,Springfield,TN,False,attack,Car,True
7192,2022-09-02,shot,gun,61,M,W,Riverside,NY,False,attack,Car,True
7193,2022-09-02,shot,gun,54,M,B,Madison,GA,False,attack,Not fleeing,True
7194,2022-09-02,shot,knife,49,M,W,Austin,TX,False,undetermined,Foot,False
7195,2022-09-03,shot,gun,30,M,W,Sacramento,CA,False,other,Car,False
7196,2022-09-03,shot,gun,27,M,B,Jacksonville,FL,False,attack,Not fleeing,False
7197,2022-09-03,shot,other,40,M,W,Los Angeles,CA,False,attack,Car,False
7198,2022-09-04,shot,unarmed,54,M,W,Lincoln,VA,False,undetermined,Not fleeing,False
7199,2022-09-04,shot,gun,22,M,B,Los Angeles,CA,False,attack,Car,False
7200,2022-09-05,shot,knife,35,F,W,Georgetown,NV,False,attack,Not fleeing,False
7201,2022-09-05,shot,gun,48,M,W,Georgetown,GA,False,attack,Not fleeing,False
7202,2022-09-05,shot,gun,64,M,W,Los Angeles,CA,False,undetermined,Foot,False
7203,2022-09-06,shot,knife,20,M,B,Georgetown,AL,True,other,Not fleeing,False
7204,2022-09-06,shot,knife,40,M,B,Riverside,LA,False,other,Not fleeing,False
7205,2022-09-07,shot,undetermined,34,M,H,Orlando,FL,False,attack,Not fleeing,False
7206,2022-09-07,shot,gun,41,M,W,Georgetown,OR,True,attack,Not fleeing,False
7207,2022-09-07,shot,undetermined,49,M,W,San Diego,CA,False,attack,Not fleeing,False
7208,2022-09-08,shot,knife,24,M,W,Houston,TX,False,undetermined,Other,False
7209,2022-09-08,shot,gun,30,M,W,Georgetown,IL,True,undetermined,Foot,False
7210,2022-09-09,shot,gun,31,M,O,Springfield,NV,False,attack,Not fleeing,False
7211,2022-09-09,shot,gun,36,M,W,Tempe,AZ,False,attack,Car,False
7212,2022-09-09,shot,gun,59,M,W,San Francisco,CA,False,undetermined,Not fleeing,False
7213,2022-09-10,shot,gun,29,M,W,Madison,MS,True,attack,Not fleeing,False
7214,2022-09-10,shot,gun,33,M,B,Phoenix,AZ,False,attack,Car,True
7215,2022-09-10,shot,gun,26,F,B,San Antonio,TX,False,attack,Not fleeing,False
7216,2022-09-11,shot,undetermined,36,F,B,Riverside,WA,False,other,Car,False
7217,2022-09-11,shot,unarmed,37,M,A,Lincoln,OR,True,undetermined,Foot,True
7218,2022-09-12,shot,gun,38,M,B,Sacramento,CA,False,attack,Foot,False
7219,2022-09-12,shot,gun,85,M,W,Springfield,MD,False,attack,Car,True
7220,2022-09-12,shot and Tasered,gun,54,M,W,Riverside,LA,False,attack,Foot,False
7221,2022-09-13,shot,knife,40,M,B,Springfield,NC,False,attack,Car,False
7222,2022-09-13,shot,undetermined,49,M,B,Springfield,IL,False,undetermined,Car,False
7223,2022-09-14,shot,gun,34,M,B,Springfield,WI,False,attack,Not fleeing,True
7224,2022-09-14,shot,knife,83,M,B,Tampa,FL,True,attack,Not fleeing,True
7225,2022-09-14,shot,gun,55,M,B,Fort Worth,TX,False,other,Foot,False
7226,2022-09-15,shot,gun,52,M,A,Riverside,KY,False,attack,Other,False
7227,2022-09-15,shot,gun,65,F,B,Madison,TN,False,attack,Car,False
7228,2022-09-16,shot,knife,75,M,H,Georgetown,NC,False,attack,Not fleeing,False
7229,2022-09-16,shot,gun,29,M,W,Springfield,LA,False,other,Not fleeing,True
7230,2022-09-16,shot,other,62,M,B,Lincoln,IL,False,attack,Foot,False
7231,2022-09-17,shot,undetermined,47,M,N,Madison,VA,False,undetermined,Car,False
7232,2022-09-17,shot and Tasered,gun,45,M,W,Riverside,KY,False,attack,Not fleeing,True
7233,2022-09-17,Tasered,knife,71,M,H,Riverside,NC,False,undetermined,Foot,False
7234,2022-09-18,shot and Tasered,gun,30,M,H,Tempe,AZ,True,attack,Other,False
7235,2022-09-18,shot,undetermined,41,M,W,Madison,PA,False,other,Not fleeing,True
7236,2022-09-19,shot,gun,39,M,B,Springfield,GA,True,undetermined,Not fleeing,False
7237,2022-09-19,shot,gun,47,M,W,Georgetown,MO,False,other,Not fleeing,False
7238,2022-09-19,shot,undetermined,48,M,O,Riverside,NC,False,attack,Other,True
7239,2022-09-20,shot,gun,61,M,H,San Antonio,TX,False,other,Not fleeing,True
7240,2022-09-20,shot and Tasered,gun,42,M,W,Lincoln,OH,False,attack,Foot,False
7241,2022-09-21,shot,knife,73,M,W,Springfield,OK,True,attack,Not fleeing,True
7242,2022-09-21,shot,gun,49,M,B,Riverside,SC,False,other,Foot,True
7243,2022-09-21,shot and Tasered,gun,29,M,W,Madison,OH,False,other,Not fleeing,False
7244,2022-09-22,shot and Tasered,gun,34,M,W,Austin,TX,True,attack,Not fleeing,False
7245,2022-09-22,shot,gun,52,M,B,Riverside,GA,True,attack,Not fleeing,False
7246,2022-09-23,shot,gun,48,M,W,Lincoln,VA,False,other,Not fleeing,False
7247,2022-09-23,shot,undetermined,47,M,W,Riverside,GA,False,attack,Not fleeing,True
7248,2022-09-23,shot,gun,77,M,H,Georgetown,OK,True,attack,Not fleeing,True
7249,2022-09-24,shot,gun,58,M,N,Georgetown,WA,False,attack,Car,False
7250,2022-09-24,shot,gun,36,M,H,Fort Lauderdale,FL,False,other,Foot,False
7251,2022-09-25,shot,gun,39,M,H,Madison,SC,True,attack,Not fleeing,False
7252,2022-09-25,shot,gun,35,M,W,Oakland,CA,False,attack,Not fleeing,False
7253,2022-09-25,shot,gun,31,M,W,Madison,NY,True,undetermined,Not fleeing,False
7254,2022-09-26,shot,vehicle,80,M,W,Houston,TX,True,other,Foot,True
7255,2022-09-26,shot,gun,48,F,H,Oakland,CA,False,attack,Not fleeing,False
7256,2022-09-26,shot,gun,28,F,O,Madison,WA,False,attack,Not fleeing,False
7257,2022-09-27,shot,knife,70,M,H,Riverside,WA,False,other,Foot,False
7258,2022-09-27,shot,gun,32,M,A,Madison,NV,False,other,Not fleeing,False
7259,2022-09-28,shot,gun,45,M,B,Madison,IL,False,attack,Not fleeing,False
7260,2022-09-28,shot,undetermined,42,M,W,Riverside,NV,False,other,Car,False
7261,2022-09-28,shot,gun,25,M,W,Madison,GA,False,other,Car,False
7262,2022-09-29,shot,gun,23,M,W,Riverside,PA,False,other,Not fleeing,True
7263,2022-09-29,shot,knife,54,M,W,Lincoln,LA,False,attack,Not fleeing,True
7264,2022-09-30,shot,unarmed,64,M,H,Georgetown,NC,False,attack,Not fleeing,False
7265,2022-09-30,shot and Tasered,vehicle,46,M,W,Springfield,MO,True,attack,Other,False
7266,2022-09-30,shot,knife,85,M,B,Madison,IN,True,undetermined,Not fleeing,False
7267,2022-10-01,shot,gun,33,M,B,Dallas,TX,False,attack,Not fleeing,False
7268,2022-10-01,shot and Tasered,vehicle,24,M,W,Georgetown,OR,True,other,Car,False
7269,2022-10-02,shot,knife,48,M,B,San Diego,CA,False,undetermined,Not fleeing,False
7270,2022-10-02,shot,gun,30,M,B,Tempe,AZ,False,undetermined,Not fleeing,False
7271,2022-10-02,shot,knife,40,M,W,Scottsdale,AZ,True,attack,Not fleeing,False
7272,2022-10-03,shot,gun,59,M,H,Madison,PA,False,other,Car,False
7273,2022-10-03,shot,gun,34,M,B,Dallas,TX,False,other,Car,False
7274,2022-10-03,shot,other,40,M,B,Lincoln,NM,False,undetermined,Car,False
7275,2022-10-04,shot,other,62,M,A,Madison,AL,True,attack,Not fleeing,False
7276,2022-10-04,Tasered,vehicle,39,M,A,Georgetown,TN,False,other,Not fleeing,False
7277,2022-10-05,shot,gun,48,M,A,Lincoln,OH,False,other,Not fleeing,False
7278,2022-10-05,shot,gun,51,M,W,Riverside,IN,False,other,Foot,False
7279,2022-10-05,shot,gun,39,M,W,Madison,AL,False,other,Not fleeing,False
7280,2022-10-06,shot,knife,39,M,W,Georgetown,WA,False,attack,Not fleeing,True
7281,2022-10-06,shot,gun,41,M,W,Georgetown,OK,False,attack,Not fleeing,False
7282,2022-10-07,shot,vehicle,33,M,N,Lincoln,LA,True,other,Not fleeing,False
7283,2022-10-07,shot,knife,47,M,B,Madison,MO,False,attack,Not fleeing,True
7284,2022-10-07,shot,knife,33,M,W,Tempe,AZ,False,attack,Other,False
7285,2022-10-08,shot,other,35,M,W,Lincoln,OH,False,undetermined,Not fleeing,True
7286,2022-10-08,shot,undetermined,30,M,W,Los Angeles,CA,False,attack,Not fleeing,False
7287,2022-10-09,shot,knife,64,M,B,Boulder,CO,False,attack,Not fleeing,False
7288,2022-10-09,shot,gun,27,M,H,Lincoln,OK,True,attack,Not fleeing,False
7289,2022-10-09,shot,other,78,M,H,Springfield,WI,False,attack,Other,False
7290,2022-10-10,shot,gun,40,M,O,Lincoln,WI,True,undetermined,Not fleeing,False
7291,2022-10-10,shot,gun,36,M,W,Georgetown,LA,True,attack,Car,False
7292,2022-10-10,shot,unarmed,30,M,W,Springfield,MO,False,other,Car,False
7293,2022-10-11,shot,gun,31,M,W,Austin,TX,False,attack,Not fleeing,False
7294,2022-10-11,shot,knife,33,M,W,Madison,OK,False,other,Not fleeing,True
7295,2022-10-12,shot,gun,85,M,N,Los Angeles,CA,False,other,Not fleeing,False
7296,2022-10-12,shot,knife,33,M,B,Jacksonville,FL,False,other,Not fleeing,True
7297,2022-10-12,Tasered,other,49,M,H,Madison,TN,False,undetermined,Not fleeing,False
7298,2022-10-13,shot,unarmed,38,F,B,Phoenix,AZ,False,undetermined,Not fleeing,False
7299,2022-10-13,shot,gun,81,M,W,Sacramento,CA,False,undetermined,Other,False
7300,2022-10-14,shot,gun,44,M,W,Georgetown,AR,False,other,Not fleeing,False
7301,2022-10-14,shot,other,28,M,B,Phoenix,AZ,False,other,Not fleeing,False
7302,2022-10-14,shot,knife,35,M,H,Los Angeles,CA,False,attack,Car,False
7303,2022-10-15,shot,gun,85,M,W,San Diego,CA,False,attack,Not fleeing,False
7304,2022-10-15,shot,knife,55,M,H,Jacksonville,FL,False,attack,Not fleeing,False
7305,2022-10-16,shot,gun,41,M,H,Fort Worth,TX,False,other,Not fleeing,False
7306,2022-10-16,shot,gun,30,M,W,Madison,VA,False,attack,Other,False
7307,2022-10-16,shot,knife,31,M,H,Phoenix,AZ,False,attack,Not fleeing,False
7308,2022-10-17,shot,gun,29,M,W,Madison,SC,False,other,Not fleeing,False
7309,2022-10-17,shot,gun,25,M,B,San Antonio,TX,False,attack,Not fleeing,True
7310,2022-10-17,shot,knife,54,M,H,Madison,OH,False,other,Not fleeing,False
7311,2022-10-18,shot,unarmed,50,M,O,Springfield,OK,True,other,Foot,False
7312,2022-10-18,shot,knife,43,M,W,Riverside,TN,True,undetermined,Other,False
7313,2022-10-19,shot,gun,68,M,W,Madison,MO,False,attack,Foot,False
7314,2022-10-19,shot,knife,53,M,W,Riverside,KY,False,attack,Not fleeing,False
7315,2022-10-19,shot,knife,26,M,W,Fort Lauderdale,FL,True,attack,Car,False
7316,2022-10-20,shot,vehicle,41,M,H,Georgetown,OH,True,attack,Not fleeing,False
7317,2022-10-20,shot,gun,56,M,N,Georgetown,NM,False,attack,Not fleeing,False
7318,2022-10-21,shot,gun,41,M,W,Sacramento,CA,False,other,Foot,True
7319,2022-10-21,shot,knife,43,M,W,Los Angeles,CA,False,other,Car,False
7320,2022-10-21,shot,gun,25,M,W,Orlando,FL,True,other,Foot,False
7321,2022-10-22,shot,gun,34,M,B,Lincoln,PA,True,other,Foot,False
7322,2022-10-22,shot,gun,49,M,W,Orlando,FL,False,attack,Not fleeing,False
7323,2022-10-23,shot,gun,39,M,W,Houston,TX,False,undetermined,Not fleeing,False
7324,2022-10-23,shot,gun,26,M,H,Madison,OH,True,other,Not fleeing,False
7325,2022-10-23,shot,undetermined,56,M,W,Lincoln,MO,True,attack,Car,False
7326,2022-10-24,shot,knife,39,M,B,Miami,FL,False,attack,Not fleeing,False
7327,2022-10-24,shot,gun,43,M,H,Scottsdale,AZ,False,attack,Not fleeing,False
7328,2022-10-25,shot,undetermined,26,M,W,Georgetown,MO,False,other,Not fleeing,True
7329,2022-10-25,shot,gun,24,M,B,Lincoln,IN,True,attack,Not fleeing,False
7330,2022-10-25,shot,gun,43,M,B,Madison,OK,False,other,Not fleeing,False
7331,2022-10-26,shot,gun,64,M,B,Madison,VA,False,attack,Not fleeing,False
7332,2022-10-26,shot,gun,55,M,W,Colorado Springs,CO,True,attack,Not fleeing,False
7333,2022-10-26,shot,gun,52,M,W,Jacksonville,FL,False,attack,Not fleeing,False
7334,2022-10-27,shot,unarmed,45,F,H,Georgetown,NC,False,undetermined,Other,False
7335,2022-10-27,shot,knife,28,M,H,Madison,SC,False,attack,Not fleeing,False
7336,2022-10-28,shot,gun,22,M,W,Riverside,OH,False,other,Car,True
7337,2022-10-28,shot,gun,85,M,W,Georgetown,AR,False,other,Car,False
7338,2022-10-28,shot,gun,39,M,W,Georgetown,MN,False,attack,Foot,False
7339,2022-10-29,shot,other,34,M,W,Oakland,CA,True,attack,Not fleeing,False
7340,2022-10-29,shot,gun,42,M,B,Los Angeles,CA,True,other,Not fleeing,False
7341,2022-10-30,shot,knife,30,M,W,San Antonio,TX,False,other,Other,False
7342,2022-10-30,shot,gun,35,M,W,Springfield,GA,False,attack,Not fleeing,False
7343,2022-10-30,shot,gun,77,M,H,Houston,TX,True,undetermined,Not fleeing,False
7344,2022-10-31,shot,other,47,M,W,Madison,MS,False,attack,Foot,False
7345,2022-10-31,shot,gun,51,M,H,Sacramento,CA,False,attack,Not fleeing,False
7346,2022-11-01,shot,knife,40,M,H,Tucson,AZ,False,attack,Not fleeing,False
7347,2022-11-01,shot,unarmed,61,M,W,San Antonio,TX,False,other,Car,False
7348,2022-11-01,shot,vehicle,60,M,H,Riverside,IN,True,attack,Car,True
7349,2022-11-02,shot,unarmed,38,M,H,Lincoln,TN,False,other,Not fleeing,False
7350,2022-11-02,shot,vehicle,41,M,W,Madison,KY,False,attack,Not fleeing,False
7351,2022-11-02,shot,gun,65,M,W,Georgetown,MN,False,attack,Foot,True
7352,2022-11-03,shot,undetermined,42,F,B,Madison,WA,False,other,Not fleeing,False
7353,2022-11-03,shot,undetermined,37,M,O,Jacksonville,FL,False,other,Car,False
7354,2022-11-04,shot,gun,38,M,B,Houston,TX,False,attack,Not fleeing,False
7355,2022-11-04,shot,gun,35,M,W,Tampa,FL,True,other,Car,False
7356,2022-11-04,shot,gun,42,M,B,Georgetown,NV,False,other,Not fleeing,False
7357,2022-11-05,shot,gun,36,M,W,San Diego,CA,False,other,Not fleeing,False
7358,2022-11-05,shot,gun,42,M,B,Los Angeles,CA,False,other,Other,False
7359,2022-11-06,shot,gun,33,M,H,Madison,MO,False,other,Not fleeing,False
7360,2022-11-06,shot,unarmed,47,M,B,Georgetown,PA,False,other,Other,False
7361,2022-11-06,shot,gun,49,M,H,Lincoln,TN,False,other,Foot,False
7362,2022-11-07,shot,unarmed,53,M,H,Boulder,CO,False,attack,Car,True
7363,2022-11-07,shot,vehicle,50,M,B,Lincoln,SC,False,attack,Not fleeing,False
7364,2022-11-08,shot,gun,59,M,W,Georgetown,NY,False,attack,Not fleeing,False
7365,2022-11-08,shot,gun,43,M,H,San Francisco,CA,False,other,Car,True
7366,2022-11-08,shot,gun,42,M,O,Madison,SC,True,attack,Car,True
7367,2022-11-09,shot,other,34,M,W,Madison,WI,False,attack,Car,False
7368,2022-11-09,shot,unarmed,55,M,B,Los Angeles,CA,True,undetermined,Not fleeing,False
7369,2022-11-09,shot,vehicle,35,M,W,Riverside,GA,False,attack,Not fleeing,False
7370,2022-11-10,shot,vehicle,24,M,H,Springfield,OH,False,attack,Not fleeing,False
7371,2022-11-10,shot,gun,33,M,H,San Antonio,TX,True,undetermined,Car,False
7372,2022-11-11,shot,gun,56,M,W,Springfield,MS,False,attack,Foot,True
7373,2022-11-11,shot,gun,52,M,A,Jacksonville,FL,False,undetermined,Car,False
7374,2022-11-11,shot,gun,45,M,W,Riverside,VA,False,attack,Not fleeing,False
7375,2022-11-12,shot,gun,85,M,H,Georgetown,TN,True,attack,Not fleeing,False
7376,2022-11-12,shot,vehicle,47,M,B,Lincoln,MO,False,attack,Not fleeing,False
7377,2022-11-13,shot,gun,32,M,W,Fort Worth,TX,False,undetermined,Not fleeing,False
7378,2022-11-13,shot,gun,31,F,W,Miami,FL,False,other,Not fleeing,False
7379,2022-11-13,shot,vehicle,50,M,W,San Diego,CA,False,attack,Not fleeing,False
7380,2022-11-14,Tasered,knife,69,M,B,Jacksonville,FL,False,other,Not fleeing,False
7381,2022-11-14,shot,gun,42,M,B,Colorado Springs,CO,False,attack,Not fleeing,False
7382,2022-11-15,shot,other,48,M,W,Georgetown,AR,False,other,Not fleeing,False
7383,2022-11-15,shot,gun,48,M,W,Fort Collins,CO,False,attack,Foot,False
7384,2022-11-15,shot,knife,85,M,W,Madison,MD,False,undetermined,Other,False
7385,2022-11-16,shot,undetermined,58,M,H,Riverside,NC,True,other,Not fleeing,False
7386,2022-11-16,shot,gun,63,M,H,Riverside,VA,False,undetermined,Foot,False
7387,2022-11-16,shot,undetermined,31,M,W,Georgetown,MN,False,other,Not fleeing,False
7388,2022-11-17,shot,knife,34,M,B,Jacksonville,FL,True,other,Car,False
7389,2022-11-17,shot,gun,34,M,W,Lincoln,MS,False,other,Not fleeing,False
7390,2022-11-18,shot,knife,38,M,N,Riverside,PA,False,other,Foot,False
7391,2022-11-18,shot,undetermined,43,M,N,Springfield,AL,False,attack,Not fleeing,False
7392,2022-11-18,shot and Tasered,vehicle,46,M,H,Riverside,TN,True,other,Not fleeing,True
7393,2022-11-19,shot,vehicle,41,M,O,Madison,NC,True,other,Car,False
7394,2022-11-19,shot,gun,33,M,H,Jacksonville,FL,False,attack,Not fleeing,False
7395,2022-11-20,shot,gun,29,M,H,Oakland,CA,False,attack,Not fleeing,False
7396,2022-11-20,shot,gun,48,M,B,Lincoln,NY,True,attack,Not fleeing,False
7397,2022-11-20,shot,knife,53,M,W,Riverside,MI,False,other,Car,False
7398,2022-11-21,shot,other,39,M,W,Madison,IL,False,attack,Not fleeing,False
7399,2022-11-21,shot,gun,25,M,W,Phoenix,AZ,False,attack,Foot,False
7400,2022-11-22,shot,gun,58,M,B,Lincoln,AL,True,attack,Foot,False
7401,2022-11-22,shot,gun,38,M,W,Riverside,MD,False,attack,Not fleeing,False
7402,2022-11-22,shot,gun,27,M,W,Orlando,FL,False,attack,Not fleeing,False
7403,2022-11-23,shot and Tasered,gun,41,M,B,San Francisco,CA,False,undetermined,Not fleeing,False
7404,2022-11-23,shot,gun,59,M,W,San Diego,CA,False,attack,Not fleeing,False
7405,2022-11-23,shot,gun,36,M,B,Riverside,NM,True,other,Car,False
7406,2022-11-24,shot,unarmed,20,M,O,Riverside,AR,False,undetermined,Not fleeing,False
7407,2022-11-24,shot,knife,38,M,H,Tucson,AZ,False,undetermined,Car,False
7408,2022-11-25,shot,unarmed,33,M,B,Jacksonville,FL,False,other,Not fleeing,True
7409,2022-11-25,shot,gun,44,M,B,Riverside,SC,False,undetermined,Not fleeing,False
7410,2022-11-25,shot,knife,42,M,B,Madison,IN,False,attack,Not fleeing,False
7411,2022-11-26,shot,gun,35,M,W,Lincoln,VA,True,other,Not fleeing,False
7412,2022-11-26,shot,other,35,M,A,Riverside,MO,False,undetermined,Not fleeing,False
7413,2022-11-27,Tasered,vehicle,66,M,W,Miami,FL,False,attack,Foot,False
7414,2022-11-27,shot and Tasered,knife,50,M,W,Madison,NY,True,attack,Not fleeing,True
7415,2022-11-27,shot,knife,49,M,H,Miami,FL,True,other,Car,False
7416,2022-11-28,shot,gun,56,M,W,Madison,SC,False,attack,Not fleeing,False
7417,2022-11-28,shot,vehicle,38,M,W,Springfield,GA,True,attack,Not fleeing,False
7418,2022-11-29,shot,other,73,M,W,Riverside,AR,False,other,Not fleeing,False
7419,2022-11-29,shot,gun,47,M,W,Springfield,GA,False,attack,Car,True
7420,2022-11-29,shot and Tasered,knife,43,M,W,Springfield,AL,False,attack,Not fleeing,False
7421,2022-11-30,shot,gun,46,F,W,Mesa,AZ,True,undetermined,Foot,False
7422,2022-11-30,shot,unarmed,38,M,B,Riverside,NC,False,attack,Foot,False
7423,2022-12-01,shot,gun,33,M,H,Madison,PA,False,undetermined,Not fleeing,False
7424,2022-12-01,shot,gun,61,M,W,San Francisco,CA,False,attack,Not fleeing,False
7425,2022-12-01,shot,gun,29,M,A,Georgetown,IN,False,undetermined,Not fleeing,True
7426,2022-12-02,shot,gun,29,M,W,Lincoln,LA,False,undetermined,Not fleeing,False
7427,2022-12-02,shot,knife,40,M,W,Lincoln,WA,False,attack,Foot,False
7428,2022-12-02,shot,gun,31,M,W,Madison,AR,False,undetermined,Not fleeing,False
7429,2022-12-03,shot,knife,25,M,B,Riverside,MS,False,other,Foot,False
7430,2022-12-03,shot,unarmed,29,M,W,Springfield,WA,False,attack,Not fleeing,False
7431,2022-12-04,shot,gun,32,M,B,Lincoln,KY,True,other,Not fleeing,False
7432,2022-12-04,shot,gun,47,M,H,San Diego,CA,False,attack,Not fleeing,False
7433,2022-12-04,shot,other,39,M,B,San Diego,CA,True,other,Car,True
7434,2022-12-05,shot,knife,57,M,B,Madison,MO,True,attack,Car,False
7435,2022-12-05,shot,gun,29,M,O,Colorado Springs,CO,False,attack,Not fleeing,True
7436,2022-12-06,shot,gun,30,M,W,Madison,OH,False,other,Other,False
7437,2022-12-06,shot,other,45,M,W,Tempe,AZ,False,attack,Not fleeing,True
7438,2022-12-06,shot,gun,33,M,H,Springfield,GA,False,other,Foot,False
7439,2022-12-07,shot,vehicle,37,M,B,Madison,AL,True,attack,Not fleeing,False
7440,2022-12-07,shot,gun,29,M,W,Riverside,MO,False,other,Car,False
7441,2022-12-08,shot,gun,29,M,W,Springfield,MI,False,attack,Not fleeing,True
7442,2022-12-08,shot,undetermined,33,M,B,Springfield,VA,False,undetermined,Car,True
7443,2022-12-08,shot,gun,59,F,W,Jacksonville,FL,False,other,Not fleeing,False
7444,2022-12-09,shot,gun,27,M,W,Tampa,FL,False,attack,Not fleeing,True
7445,2022-12-09,shot,gun,61,M,O,Mesa,AZ,False,attack,Foot,False
7446,2022-12-09,shot,knife,57,M,H,Riverside,AR,True,other,Not fleeing,False
7447,2022-12-10,shot,gun,35,M,B,Oakland,CA,False,attack,Not fleeing,False
7448,2022-12-10,shot and Tasered,gun,42,M,B,Fort Lauderdale,FL,False,undetermined,Car,False
7449,2022-12-11,shot,gun,46,M,A,Lincoln,OR,False,attack,Not fleeing,False
7450,2022-12-11,shot,gun,52,M,W,Georgetown,PA,False,undetermined,Not fleeing,False
7451,2022-12-11,shot,gun,30,M,W,Orlando,FL,False,other,Car,False
7452,2022-12-12,shot,other,54,F,B,Jacksonville,FL,False,attack,Not fleeing,False
7453,2022-12-12,shot,gun,43,M,H,Madison,MS,False,undetermined,Car,True
7454,2022-12-13,shot,knife,31,M,W,Georgetown,OR,False,undetermined,Foot,False
7455,2022-12-13,shot,gun,43,M,O,Orlando,FL,True,other,Not fleeing,False
7456,2022-12-13,shot,gun,30,M,B,Riverside,NC,False,attack,Not fleeing,False
7457,2022-12-14,shot and Tasered,gun,41,M,W,Madison,AR,False,attack,Foot,True
7458,2022-12-14,shot,gun,36,M,W,Riverside,MD,False,other,Foot,False
7459,2022-12-15,shot,gun,44,M,W,Lincoln,AL,True,attack,Not fleeing,False
7460,2022-12-15,shot,knife,45,M,H,Lincoln,WA,True,other,Not fleeing,False
7461,2022-12-15,shot,other,65,M,O,Springfield,KY,True,other,Foot,False
7462,2022-12-16,shot,gun,51,M,W,Mesa,AZ,False,other,Not fleeing,False
7463,2022-12-16,shot,knife,48,M,O,Dallas,TX,False,other,Foot,False
7464,2022-12-16,shot,gun,25,M,H,Georgetown,NV,False,attack,Foot,True
7465,2022-12-17,shot,gun,58,M,B,Lincoln,NY,False,attack,Not fleeing,False
7466,2022-12-17,shot,gun,36,M,B,Madison,MS,False,other,Other,False
7467,2022-12-18,shot,gun,29,M,W,San Diego,CA,False,attack,Car,False
7468,2022-12-18,shot,gun,84,M,B,Lincoln,AR,False,attack,Foot,False
7469,2022-12-18,shot,knife,33,M,W,Phoenix,AZ,False,attack,Car,True
7470,2022-12-19,shot,gun,67,M,H,Madison,TN,False,attack,Not fleeing,True
7471,2022-12-19,shot,gun,46,M,W,San Francisco,CA,False,other,Not fleeing,False
7472,2022-12-20,shot,knife,50,M,H,Georgetown,MO,True,other,Not fleeing,True
7473,2022-12-20,shot,gun,41,M,H,Georgetown,NV,False,attack,Foot,False
7474,2022-12-20,shot,gun,31,M,W,Fort Collins,CO,True,other,Not fleeing,False
7475,2022-12-21,shot,gun,53,M,W,San Antonio,TX,True,attack,Not fleeing,False
7476,2022-12-21,shot,gun,45,F,B,Georgetown,NY,False,other,Car,False
7477,2022-12-22,shot and Tasered,unarmed,45,M,B,Madison,AR,False,undetermined,Not fleeing,False
7478,2022-12-22,shot and Tasered,gun,43,M,W,Scottsdale,AZ,False,attack,Foot,False
7479,2022-12-22,shot,unarmed,38,M,B,Miami,FL,False,attack,Not fleeing,False
7480,2022-12-23,shot,gun,53,M,W,Fort Lauderdale,FL,True,other,Other,True
7481,2022-12-23,shot,gun,49,M,W,Riverside,IN,True,undetermined,Not fleeing,False
7482,2022-12-23,shot,gun,56,M,W,Fort Collins,CO,True,attack,Not fleeing,False
7483,2022-12-24,shot,gun,39,M,W,Los Angeles,CA,False,attack,Not fleeing,True
7484,2022-12-24,shot,gun,38,M,H,Riverside,VA,True,undetermined,Car,False
7485,2022-12-25,shot,gun,35,M,O,Riverside,OK,False,attack,Not fleeing,False
7486,2022-12-25,shot,gun,43,M,W,Fort Worth,TX,False,attack,Not fleeing,False
7487,2022-12-25,shot,gun,25,F,B,Madison,MN,False,other,Not fleeing,False
7488,2022-12-26,shot,unarmed,85,M,W,Lincoln,MO,True,attack,Not fleeing,False
7489,2022-12-26,shot,gun,34,M,B,Riverside,WA,False,other,Not fleeing,False
7490,2022-12-27,shot,knife,64,F,W,Georgetown,GA,False,other,Foot,True
7491,2022-12-27,shot,unarmed,36,M,B,Springfield,OR,False,undetermined,Car,False
7492,2022-12-27,shot,gun,51,M,O,Orlando,FL,False,attack,Car,False
7493,2022-12-28,shot,gun,76,M,W,Miami,FL,False,other,Not fleeing,False
7494,2022-12-28,Tasered,gun,50,F,H,Austin,TX,False,other,Not fleeing,False
7495,2022-12-29,shot,gun,74,M,W,Georgetown,MD,False,undetermined,Not fleeing,True
7496,2022-12-29,shot,gun,62,M,W,Springfield,MO,False,attack,Not fleeing,True
7497,2022-12-29,shot,gun,30,M,W,Madison,MO,False,other,Not fleeing,False
7498,2022-12-30,shot,gun,54,M,W,Miami,FL,False,other,Not fleeing,False
7499,2022-12-30,shot,gun,47,M,W,Springfield,TN,False,other,Not fleeing,False
7500,2022-12-31,shot,gun,33,M,W,Georgetown,MD,False,undetermined,Not fleeing,False
